INFO - 08/26/24 16:58:31 - 0:00:00 - data_nums: 1,2,3,4,5,6,7,8,9,10
                                     dataset: MVSA
                                     device: cuda:0
                                     gpu: 0
                                     model: line
                                     name: MVSA_Single_emc
                                     noise: 0,5,10
                                     output_dir: ../emc_data
                                     path: ./../emc_data/MVSA
                                     seed: 42
INFO - 08/26/24 16:58:31 - 0:00:00 - noise_0 : M1: 76.22±1.18 M2: 63.33±1.64 Min: 51.33±1.35 Max: 88.23±1.07 M: 79.00±1.40
                                     noise_5 : M1: 71.25±1.54 M2: 47.48±1.73 Min: 33.80±2.12 Max: 84.93±1.11 M: 73.53±1.50
                                     noise_10: M1: 64.05±4.32 M2: 42.25±2.99 Min: 25.68±2.69 Max: 80.62±3.13 M: 66.30±1.44
INFO - 08/26/24 19:52:00 - 0:00:00 - data_nums: 1,2,3,4,5,6,7,8,9,10
                                     dataset: MVSA
                                     device: cuda:0
                                     gpu: 0
                                     model: line
                                     name: MVSA_Single_emc
                                     noise: 0,5,10
                                     output_dir: ../emc_data
                                     path: ./../emc_data/MVSA
                                     seed: 42
INFO - 08/26/24 19:52:00 - 0:00:00 - ./../emc_data/MVSA train
                                     noise_0 : M1: 95.30±4.49 M2: 96.92±2.03 Min: 92.42±5.76 Max: 99.79±0.26 M: 99.03±0.98
                                     noise_5 : M1: 85.73±3.95 M2: 65.13±1.87 Min: 55.37±3.44 Max: 95.49±1.90 M: 89.68±2.86
                                     noise_10: M1: 74.96±7.02 M2: 60.19±2.29 Min: 43.31±4.07 Max: 91.85±4.34 M: 83.22±3.13
INFO - 08/26/24 19:52:00 - 0:00:00 - ./../emc_data/MVSA dev
                                     noise_0 : M1: 72.72±1.53 M2: 64.11±1.09 Min: 51.04±1.67 Max: 85.79±0.89 M: 76.24±1.46
                                     noise_5 : M1: 70.79±1.61 M2: 46.12±1.03 Min: 34.11±1.17 Max: 82.80±1.39 M: 72.49±1.94
                                     noise_10: M1: 61.85±6.45 M2: 42.08±1.42 Min: 25.85±2.85 Max: 78.09±4.26 M: 63.24±3.75
INFO - 08/26/24 19:52:00 - 0:00:00 - ./../emc_data/MVSA test
                                     noise_0 : M1: 76.22±1.18 M2: 63.33±1.64 Min: 51.33±1.35 Max: 88.23±1.07 M: 79.00±1.40
                                     noise_5 : M1: 71.25±1.54 M2: 47.48±1.73 Min: 33.80±2.12 Max: 84.93±1.11 M: 73.53±1.50
                                     noise_10: M1: 64.05±4.32 M2: 42.25±2.99 Min: 25.68±2.69 Max: 80.62±3.13 M: 66.30±1.44
INFO - 08/26/24 19:52:00 - 0:00:00 - ./../emc_data/MVSA train
                                     noise_0 : M1: 95.30±4.49 M2: 96.92±2.03 Min: 92.42±5.76 Max: 99.79±0.26 M: 99.09±0.89
                                     noise_5 : M1: 85.73±3.95 M2: 65.13±1.87 Min: 55.37±3.44 Max: 95.49±1.90 M: 89.73±2.82
                                     noise_10: M1: 74.96±7.02 M2: 60.19±2.29 Min: 43.31±4.07 Max: 91.85±4.34 M: 83.08±3.42
INFO - 08/26/24 19:52:00 - 0:00:00 - ./../emc_data/MVSA dev
                                     noise_0 : M1: 72.72±1.53 M2: 64.11±1.09 Min: 51.04±1.67 Max: 85.79±0.89 M: 76.20±1.35
                                     noise_5 : M1: 70.79±1.61 M2: 46.12±1.03 Min: 34.11±1.17 Max: 82.80±1.39 M: 72.74±1.96
                                     noise_10: M1: 61.85±6.45 M2: 42.08±1.42 Min: 25.85±2.85 Max: 78.09±4.26 M: 63.76±3.76
INFO - 08/26/24 19:52:00 - 0:00:00 - ./../emc_data/MVSA test
                                     noise_0 : M1: 76.22±1.18 M2: 63.33±1.64 Min: 51.33±1.35 Max: 88.23±1.07 M: 79.46±1.53
                                     noise_5 : M1: 71.25±1.54 M2: 47.48±1.73 Min: 33.80±2.12 Max: 84.93±1.11 M: 73.99±1.58
                                     noise_10: M1: 64.05±4.32 M2: 42.25±2.99 Min: 25.68±2.69 Max: 80.62±3.13 M: 67.13±1.16
INFO - 08/26/24 19:52:35 - 0:00:00 - data_nums: 1,2,3,4,5,6,7,8,9,10
                                     dataset: MVSA
                                     device: cuda:0
                                     gpu: 0
                                     model: line
                                     name: MVSA_Single_emc
                                     noise: 0,5,10
                                     output_dir: ../emc_data
                                     path: ./../emc_data/MVSA
                                     seed: 42
INFO - 08/26/24 19:52:35 - 0:00:00 - ./../emc_data/MVSA train
                                     noise_0 : M1: 95.30±4.49 M2: 96.92±2.03 Min: 92.42±5.76 Max: 99.79±0.26 M: 99.03±0.98
                                     noise_5 : M1: 85.73±3.95 M2: 65.13±1.87 Min: 55.37±3.44 Max: 95.49±1.90 M: 89.68±2.86
                                     noise_10: M1: 74.96±7.02 M2: 60.19±2.29 Min: 43.31±4.07 Max: 91.85±4.34 M: 83.22±3.13
INFO - 08/26/24 19:52:35 - 0:00:00 - ./../emc_data/MVSA dev
                                     noise_0 : M1: 72.72±1.53 M2: 64.11±1.09 Min: 51.04±1.67 Max: 85.79±0.89 M: 76.24±1.46
                                     noise_5 : M1: 70.79±1.61 M2: 46.12±1.03 Min: 34.11±1.17 Max: 82.80±1.39 M: 72.49±1.94
                                     noise_10: M1: 61.85±6.45 M2: 42.08±1.42 Min: 25.85±2.85 Max: 78.09±4.26 M: 63.24±3.75
INFO - 08/26/24 19:52:35 - 0:00:00 - ./../emc_data/MVSA test
                                     noise_0 : M1: 76.22±1.18 M2: 63.33±1.64 Min: 51.33±1.35 Max: 88.23±1.07 M: 79.00±1.40
                                     noise_5 : M1: 71.25±1.54 M2: 47.48±1.73 Min: 33.80±2.12 Max: 84.93±1.11 M: 73.53±1.50
                                     noise_10: M1: 64.05±4.32 M2: 42.25±2.99 Min: 25.68±2.69 Max: 80.62±3.13 M: 66.30±1.44
INFO - 08/26/24 19:52:35 - 0:00:00 - ./../emc_data/MVSA train
                                     noise_0 : M1: 95.30±4.49 M2: 96.92±2.03 Min: 92.42±5.76 Max: 99.79±0.26 M: 99.09±0.89
                                     noise_5 : M1: 85.73±3.95 M2: 65.13±1.87 Min: 55.37±3.44 Max: 95.49±1.90 M: 89.73±2.82
                                     noise_10: M1: 74.96±7.02 M2: 60.19±2.29 Min: 43.31±4.07 Max: 91.85±4.34 M: 83.08±3.42
INFO - 08/26/24 19:52:35 - 0:00:00 - ./../emc_data/MVSA dev
                                     noise_0 : M1: 72.72±1.53 M2: 64.11±1.09 Min: 51.04±1.67 Max: 85.79±0.89 M: 76.20±1.35
                                     noise_5 : M1: 70.79±1.61 M2: 46.12±1.03 Min: 34.11±1.17 Max: 82.80±1.39 M: 72.74±1.96
                                     noise_10: M1: 61.85±6.45 M2: 42.08±1.42 Min: 25.85±2.85 Max: 78.09±4.26 M: 63.76±3.76
INFO - 08/26/24 19:52:35 - 0:00:00 - ./../emc_data/MVSA test
                                     noise_0 : M1: 76.22±1.18 M2: 63.33±1.64 Min: 51.33±1.35 Max: 88.23±1.07 M: 79.46±1.53
                                     noise_5 : M1: 71.25±1.54 M2: 47.48±1.73 Min: 33.80±2.12 Max: 84.93±1.11 M: 73.99±1.58
                                     noise_10: M1: 64.05±4.32 M2: 42.25±2.99 Min: 25.68±2.69 Max: 80.62±3.13 M: 67.13±1.16
INFO - 08/26/24 19:52:55 - 0:00:00 - data_nums: 1,2,3,4,5,6,7,8,9,10
                                     dataset: MVSA
                                     device: cuda:0
                                     gpu: 0
                                     model: line
                                     name: MVSA_Single_emc
                                     noise: 0,5,10
                                     output_dir: ../emc_data
                                     path: ./../emc_data/MVSA
                                     seed: 42
INFO - 08/26/24 19:52:55 - 0:00:00 - ./../emc_data/MVSA train
                                     noise_0 : M1: 95.30±4.49 M2: 96.92±2.03 Min: 92.42±5.76 Max: 99.79±0.26 M: 99.03±0.98
                                     noise_5 : M1: 85.73±3.95 M2: 65.13±1.87 Min: 55.37±3.44 Max: 95.49±1.90 M: 89.68±2.86
                                     noise_10: M1: 74.96±7.02 M2: 60.19±2.29 Min: 43.31±4.07 Max: 91.85±4.34 M: 83.22±3.13
INFO - 08/26/24 19:52:55 - 0:00:00 - ./../emc_data/MVSA dev
                                     noise_0 : M1: 72.72±1.53 M2: 64.11±1.09 Min: 51.04±1.67 Max: 85.79±0.89 M: 76.24±1.46
                                     noise_5 : M1: 70.79±1.61 M2: 46.12±1.03 Min: 34.11±1.17 Max: 82.80±1.39 M: 72.49±1.94
                                     noise_10: M1: 61.85±6.45 M2: 42.08±1.42 Min: 25.85±2.85 Max: 78.09±4.26 M: 63.24±3.75
INFO - 08/26/24 19:52:55 - 0:00:00 - ./../emc_data/MVSA test
                                     noise_0 : M1: 76.22±1.18 M2: 63.33±1.64 Min: 51.33±1.35 Max: 88.23±1.07 M: 79.00±1.40
                                     noise_5 : M1: 71.25±1.54 M2: 47.48±1.73 Min: 33.80±2.12 Max: 84.93±1.11 M: 73.53±1.50
                                     noise_10: M1: 64.05±4.32 M2: 42.25±2.99 Min: 25.68±2.69 Max: 80.62±3.13 M: 66.30±1.44
INFO - 08/26/24 19:52:55 - 0:00:00 - ./../emc_data/MVSA train
                                     noise_0 : M1: 95.30±4.49 M2: 96.92±2.03 Min: 92.42±5.76 Max: 99.79±0.26 M: 99.09±0.89
                                     noise_5 : M1: 85.73±3.95 M2: 65.13±1.87 Min: 55.37±3.44 Max: 95.49±1.90 M: 89.73±2.82
                                     noise_10: M1: 74.96±7.02 M2: 60.19±2.29 Min: 43.31±4.07 Max: 91.85±4.34 M: 83.08±3.42
INFO - 08/26/24 19:52:55 - 0:00:00 - ./../emc_data/MVSA dev
                                     noise_0 : M1: 72.72±1.53 M2: 64.11±1.09 Min: 51.04±1.67 Max: 85.79±0.89 M: 76.20±1.35
                                     noise_5 : M1: 70.79±1.61 M2: 46.12±1.03 Min: 34.11±1.17 Max: 82.80±1.39 M: 72.74±1.96
                                     noise_10: M1: 61.85±6.45 M2: 42.08±1.42 Min: 25.85±2.85 Max: 78.09±4.26 M: 63.76±3.76
INFO - 08/26/24 19:52:55 - 0:00:00 - ./../emc_data/MVSA test
                                     noise_0 : M1: 76.22±1.18 M2: 63.33±1.64 Min: 51.33±1.35 Max: 88.23±1.07 M: 79.46±1.53
                                     noise_5 : M1: 71.25±1.54 M2: 47.48±1.73 Min: 33.80±2.12 Max: 84.93±1.11 M: 73.99±1.58
                                     noise_10: M1: 64.05±4.32 M2: 42.25±2.99 Min: 25.68±2.69 Max: 80.62±3.13 M: 67.13±1.16
INFO - 08/27/24 15:30:59 - 0:00:00 - data_nums: 1,2,3,4,5,6,7,8,9,10
                                     dataset: MVSA
                                     device: cuda:0
                                     gpu: 0
                                     model: line
                                     name: MVSA_Single_emc
                                     noise: 0,5,10
                                     output_dir: ../emc_data
                                     path: ./../emc_data/MVSA
                                     seed: 42
INFO - 08/27/24 15:30:59 - 0:00:00 - ./../emc_data/MVSA train
                                     noise_0 : M1: 95.30±4.49 M2: 96.92±2.03 Min: 92.42±5.76 Max: 99.79±0.26 M: 99.03±0.98
                                     noise_5 : M1: 85.73±3.95 M2: 65.13±1.87 Min: 55.37±3.44 Max: 95.49±1.90 M: 89.68±2.86
                                     noise_10: M1: 74.96±7.02 M2: 60.19±2.29 Min: 43.31±4.07 Max: 91.85±4.34 M: 83.22±3.13
INFO - 08/27/24 15:30:59 - 0:00:00 - ./../emc_data/MVSA dev
                                     noise_0 : M1: 72.72±1.53 M2: 64.11±1.09 Min: 51.04±1.67 Max: 85.79±0.89 M: 76.24±1.46
                                     noise_5 : M1: 70.79±1.61 M2: 46.12±1.03 Min: 34.11±1.17 Max: 82.80±1.39 M: 72.49±1.94
                                     noise_10: M1: 61.85±6.45 M2: 42.08±1.42 Min: 25.85±2.85 Max: 78.09±4.26 M: 63.24±3.75
INFO - 08/27/24 15:30:59 - 0:00:00 - ./../emc_data/MVSA test
                                     noise_0 : M1: 76.22±1.18 M2: 63.33±1.64 Min: 51.33±1.35 Max: 88.23±1.07 M: 79.00±1.40
                                     noise_5 : M1: 71.25±1.54 M2: 47.48±1.73 Min: 33.80±2.12 Max: 84.93±1.11 M: 73.53±1.50
                                     noise_10: M1: 64.05±4.32 M2: 42.25±2.99 Min: 25.68±2.69 Max: 80.62±3.13 M: 66.30±1.44
INFO - 08/27/24 15:33:34 - 0:00:00 - data_nums: 1,2,3,4,5,6,7,8,9,10
                                     dataset: MVSA
                                     device: cuda:0
                                     gpu: 0
                                     model: line
                                     name: MVSA_Single_emc
                                     noise: 0,5,10
                                     output_dir: ../emc_data
                                     path: ./../emc_data/MVSA
                                     seed: 42
INFO - 08/27/24 15:33:34 - 0:00:00 - ./../emc_data/MVSA train
                                     noise_0 : M1: 95.30±4.49 M2: 96.92±2.03 Min: 92.42±5.76 Max: 99.79±0.26 M: 99.03±0.98
                                     noise_5 : M1: 85.73±3.95 M2: 65.13±1.87 Min: 55.37±3.44 Max: 95.49±1.90 M: 89.68±2.86
                                     noise_10: M1: 74.96±7.02 M2: 60.19±2.29 Min: 43.31±4.07 Max: 91.85±4.34 M: 83.22±3.13
INFO - 08/27/24 15:33:34 - 0:00:00 - ./../emc_data/MVSA dev
                                     noise_0 : M1: 72.72±1.53 M2: 64.11±1.09 Min: 51.04±1.67 Max: 85.79±0.89 M: 76.24±1.46
                                     noise_5 : M1: 70.79±1.61 M2: 46.12±1.03 Min: 34.11±1.17 Max: 82.80±1.39 M: 72.49±1.94
                                     noise_10: M1: 61.85±6.45 M2: 42.08±1.42 Min: 25.85±2.85 Max: 78.09±4.26 M: 63.24±3.75
INFO - 08/27/24 15:33:34 - 0:00:00 - ./../emc_data/MVSA test
                                     noise_0 : M1: 76.22±1.18 M2: 63.33±1.64 Min: 51.33±1.35 Max: 88.23±1.07 M: 79.00±1.40
                                     noise_5 : M1: 71.25±1.54 M2: 47.48±1.73 Min: 33.80±2.12 Max: 84.93±1.11 M: 73.53±1.50
                                     noise_10: M1: 64.05±4.32 M2: 42.25±2.99 Min: 25.68±2.69 Max: 80.62±3.13 M: 66.30±1.44
INFO - 08/27/24 15:33:34 - 0:00:00 - LinearRegression() Trian mse: 0.07
INFO - 08/27/24 15:33:34 - 0:00:00 - LinearRegression() Test mse: 0.79
INFO - 08/27/24 15:33:34 - 0:00:00 - LinearRegression() Trian mse: 0.09
INFO - 08/27/24 15:33:34 - 0:00:00 - LinearRegression() Test mse: 0.78
INFO - 08/27/24 15:33:34 - 0:00:00 - LinearRegression() Trian mse: 0.09
INFO - 08/27/24 15:33:34 - 0:00:00 - LinearRegression() Test mse: 0.78
INFO - 08/27/24 15:33:34 - 0:00:00 - LinearRegression() Trian mse: 0.09
INFO - 08/27/24 15:33:34 - 0:00:00 - LinearRegression() Test mse: 0.78
INFO - 08/27/24 15:33:34 - 0:00:00 - LinearRegression() Trian mse: 0.10
INFO - 08/27/24 15:33:34 - 0:00:00 - LinearRegression() Test mse: 0.78
INFO - 08/27/24 15:33:34 - 0:00:00 - LinearRegression() Trian mse: 0.11
INFO - 08/27/24 15:33:35 - 0:00:00 - LinearRegression() Test mse: 0.78
INFO - 08/27/24 15:33:35 - 0:00:00 - LinearRegression() Trian mse: 0.06
INFO - 08/27/24 15:33:35 - 0:00:01 - LinearRegression() Test mse: 0.80
INFO - 08/27/24 15:33:35 - 0:00:01 - LinearRegression() Trian mse: 0.07
INFO - 08/27/24 15:33:35 - 0:00:01 - LinearRegression() Test mse: 0.79
INFO - 08/27/24 15:33:35 - 0:00:01 - LinearRegression() Trian mse: 0.07
INFO - 08/27/24 15:33:35 - 0:00:01 - LinearRegression() Test mse: 0.79
INFO - 08/27/24 15:33:35 - 0:00:01 - LinearRegression() Trian mse: 0.08
INFO - 08/27/24 15:33:35 - 0:00:01 - LinearRegression() Test mse: 0.79
INFO - 08/27/24 15:33:35 - 0:00:01 - LinearRegression() Trian mse: 0.14
INFO - 08/27/24 15:33:35 - 0:00:01 - LinearRegression() Test mse: 0.80
INFO - 08/27/24 15:33:35 - 0:00:01 - LinearRegression() Trian mse: 0.16
INFO - 08/27/24 15:33:35 - 0:00:01 - LinearRegression() Test mse: 0.80
INFO - 08/27/24 15:33:35 - 0:00:01 - LinearRegression() Trian mse: 0.16
INFO - 08/27/24 15:33:35 - 0:00:01 - LinearRegression() Test mse: 0.79
INFO - 08/27/24 15:33:35 - 0:00:01 - LinearRegression() Trian mse: 0.16
INFO - 08/27/24 15:33:35 - 0:00:01 - LinearRegression() Test mse: 0.79
INFO - 08/27/24 15:33:35 - 0:00:01 - LinearRegression() Trian mse: 0.18
INFO - 08/27/24 15:33:35 - 0:00:01 - LinearRegression() Test mse: 0.77
INFO - 08/27/24 15:33:35 - 0:00:01 - LinearRegression() Trian mse: 0.18
INFO - 08/27/24 15:33:35 - 0:00:01 - LinearRegression() Test mse: 0.79
INFO - 08/27/24 15:33:35 - 0:00:01 - LinearRegression() Trian mse: 0.14
INFO - 08/27/24 15:33:35 - 0:00:01 - LinearRegression() Test mse: 0.80
INFO - 08/27/24 15:33:35 - 0:00:01 - LinearRegression() Trian mse: 0.17
INFO - 08/27/24 15:33:35 - 0:00:01 - LinearRegression() Test mse: 0.77
INFO - 08/27/24 15:33:35 - 0:00:01 - LinearRegression() Trian mse: 0.15
INFO - 08/27/24 15:33:36 - 0:00:01 - LinearRegression() Test mse: 0.79
INFO - 08/27/24 15:33:36 - 0:00:01 - LinearRegression() Trian mse: 0.15
INFO - 08/27/24 15:33:36 - 0:00:02 - LinearRegression() Test mse: 0.79
INFO - 08/27/24 15:33:36 - 0:00:02 - LinearRegression() Trian mse: 0.17
INFO - 08/27/24 15:33:36 - 0:00:02 - LinearRegression() Test mse: 0.80
INFO - 08/27/24 15:33:36 - 0:00:02 - LinearRegression() Trian mse: 0.18
INFO - 08/27/24 15:33:36 - 0:00:02 - LinearRegression() Test mse: 0.80
INFO - 08/27/24 15:33:36 - 0:00:02 - LinearRegression() Trian mse: 0.16
INFO - 08/27/24 15:33:36 - 0:00:02 - LinearRegression() Test mse: 0.85
INFO - 08/27/24 15:33:36 - 0:00:02 - LinearRegression() Trian mse: 0.16
INFO - 08/27/24 15:33:36 - 0:00:02 - LinearRegression() Test mse: 0.84
INFO - 08/27/24 15:33:36 - 0:00:02 - LinearRegression() Trian mse: 0.18
INFO - 08/27/24 15:33:36 - 0:00:02 - LinearRegression() Test mse: 0.79
INFO - 08/27/24 15:33:36 - 0:00:02 - LinearRegression() Trian mse: 0.17
INFO - 08/27/24 15:33:36 - 0:00:02 - LinearRegression() Test mse: 0.84
INFO - 08/27/24 15:33:36 - 0:00:02 - LinearRegression() Trian mse: 0.14
INFO - 08/27/24 15:33:36 - 0:00:02 - LinearRegression() Test mse: 0.82
INFO - 08/27/24 15:33:36 - 0:00:02 - LinearRegression() Trian mse: 0.18
INFO - 08/27/24 15:33:36 - 0:00:02 - LinearRegression() Test mse: 0.78
INFO - 08/27/24 15:33:36 - 0:00:02 - LinearRegression() Trian mse: 0.16
INFO - 08/27/24 15:33:36 - 0:00:02 - LinearRegression() Test mse: 0.80
INFO - 08/27/24 15:33:36 - 0:00:02 - LinearRegression() Trian mse: 0.17
INFO - 08/27/24 15:33:36 - 0:00:02 - LinearRegression() Test mse: 0.80
INFO - 08/27/24 15:33:36 - 0:00:02 - ./../emc_data/MVSA train
                                     noise_0 : M1: 95.30±4.49 M2: 96.92±2.03 Min: 92.42±5.76 Max: 99.79±0.26 M: 99.09±0.89
                                     noise_5 : M1: 85.73±3.95 M2: 65.13±1.87 Min: 55.37±3.44 Max: 95.49±1.90 M: 89.73±2.82
                                     noise_10: M1: 74.96±7.02 M2: 60.19±2.29 Min: 43.31±4.07 Max: 91.85±4.34 M: 83.08±3.42
INFO - 08/27/24 15:33:36 - 0:00:02 - LinearRegression() Trian mse: 0.07
INFO - 08/27/24 15:33:36 - 0:00:02 - LinearRegression() Test mse: 0.77
INFO - 08/27/24 15:33:36 - 0:00:02 - LinearRegression() Trian mse: 0.09
INFO - 08/27/24 15:33:36 - 0:00:02 - LinearRegression() Test mse: 0.77
INFO - 08/27/24 15:33:36 - 0:00:02 - LinearRegression() Trian mse: 0.09
INFO - 08/27/24 15:33:37 - 0:00:02 - LinearRegression() Test mse: 0.77
INFO - 08/27/24 15:33:37 - 0:00:02 - LinearRegression() Trian mse: 0.09
INFO - 08/27/24 15:33:37 - 0:00:03 - LinearRegression() Test mse: 0.77
INFO - 08/27/24 15:33:37 - 0:00:03 - LinearRegression() Trian mse: 0.10
INFO - 08/27/24 15:33:37 - 0:00:03 - LinearRegression() Test mse: 0.77
INFO - 08/27/24 15:33:37 - 0:00:03 - LinearRegression() Trian mse: 0.11
INFO - 08/27/24 15:33:37 - 0:00:03 - LinearRegression() Test mse: 0.77
INFO - 08/27/24 15:33:37 - 0:00:03 - LinearRegression() Trian mse: 0.06
INFO - 08/27/24 15:33:37 - 0:00:03 - LinearRegression() Test mse: 0.77
INFO - 08/27/24 15:33:37 - 0:00:03 - LinearRegression() Trian mse: 0.07
INFO - 08/27/24 15:33:37 - 0:00:03 - LinearRegression() Test mse: 0.77
INFO - 08/27/24 15:33:37 - 0:00:03 - LinearRegression() Trian mse: 0.07
INFO - 08/27/24 15:33:37 - 0:00:03 - LinearRegression() Test mse: 0.77
INFO - 08/27/24 15:33:37 - 0:00:03 - LinearRegression() Trian mse: 0.08
INFO - 08/27/24 15:33:37 - 0:00:03 - LinearRegression() Test mse: 0.77
INFO - 08/27/24 15:33:37 - 0:00:03 - LinearRegression() Trian mse: 0.14
INFO - 08/27/24 15:33:37 - 0:00:03 - LinearRegression() Test mse: 0.81
INFO - 08/27/24 15:33:37 - 0:00:03 - LinearRegression() Trian mse: 0.16
INFO - 08/27/24 15:33:37 - 0:00:03 - LinearRegression() Test mse: 0.80
INFO - 08/27/24 15:33:37 - 0:00:03 - LinearRegression() Trian mse: 0.16
INFO - 08/27/24 15:33:37 - 0:00:03 - LinearRegression() Test mse: 0.79
INFO - 08/27/24 15:33:37 - 0:00:03 - LinearRegression() Trian mse: 0.16
INFO - 08/27/24 15:33:37 - 0:00:03 - LinearRegression() Test mse: 0.79
INFO - 08/27/24 15:33:37 - 0:00:03 - LinearRegression() Trian mse: 0.18
INFO - 08/27/24 15:33:37 - 0:00:03 - LinearRegression() Test mse: 0.77
INFO - 08/27/24 15:33:37 - 0:00:03 - LinearRegression() Trian mse: 0.18
INFO - 08/27/24 15:33:37 - 0:00:03 - LinearRegression() Test mse: 0.79
INFO - 08/27/24 15:33:37 - 0:00:03 - LinearRegression() Trian mse: 0.14
INFO - 08/27/24 15:33:38 - 0:00:03 - LinearRegression() Test mse: 0.80
INFO - 08/27/24 15:33:38 - 0:00:03 - LinearRegression() Trian mse: 0.17
INFO - 08/27/24 15:33:38 - 0:00:04 - LinearRegression() Test mse: 0.77
INFO - 08/27/24 15:33:38 - 0:00:04 - LinearRegression() Trian mse: 0.15
INFO - 08/27/24 15:33:38 - 0:00:04 - LinearRegression() Test mse: 0.79
INFO - 08/27/24 15:33:38 - 0:00:04 - LinearRegression() Trian mse: 0.15
INFO - 08/27/24 15:33:38 - 0:00:04 - LinearRegression() Test mse: 0.79
INFO - 08/27/24 15:33:38 - 0:00:04 - LinearRegression() Trian mse: 0.17
INFO - 08/27/24 15:33:38 - 0:00:04 - LinearRegression() Test mse: 0.80
INFO - 08/27/24 15:33:38 - 0:00:04 - LinearRegression() Trian mse: 0.18
INFO - 08/27/24 15:33:38 - 0:00:04 - LinearRegression() Test mse: 0.81
INFO - 08/27/24 15:33:38 - 0:00:04 - LinearRegression() Trian mse: 0.16
INFO - 08/27/24 15:33:38 - 0:00:04 - LinearRegression() Test mse: 0.85
INFO - 08/27/24 15:33:38 - 0:00:04 - LinearRegression() Trian mse: 0.16
INFO - 08/27/24 15:33:38 - 0:00:04 - LinearRegression() Test mse: 0.84
INFO - 08/27/24 15:33:38 - 0:00:04 - LinearRegression() Trian mse: 0.18
INFO - 08/27/24 15:33:38 - 0:00:04 - LinearRegression() Test mse: 0.79
INFO - 08/27/24 15:33:38 - 0:00:04 - LinearRegression() Trian mse: 0.17
INFO - 08/27/24 15:33:38 - 0:00:04 - LinearRegression() Test mse: 0.83
INFO - 08/27/24 15:33:38 - 0:00:04 - LinearRegression() Trian mse: 0.14
INFO - 08/27/24 15:33:38 - 0:00:04 - LinearRegression() Test mse: 0.83
INFO - 08/27/24 15:33:38 - 0:00:04 - LinearRegression() Trian mse: 0.18
INFO - 08/27/24 15:33:38 - 0:00:04 - LinearRegression() Test mse: 0.78
INFO - 08/27/24 15:33:38 - 0:00:04 - LinearRegression() Trian mse: 0.16
INFO - 08/27/24 15:33:38 - 0:00:04 - LinearRegression() Test mse: 0.81
INFO - 08/27/24 15:33:38 - 0:00:04 - LinearRegression() Trian mse: 0.17
INFO - 08/27/24 15:33:38 - 0:00:04 - LinearRegression() Test mse: 0.81
INFO - 08/27/24 15:33:38 - 0:00:04 - ./../emc_data/MVSA dev
                                     noise_0 : M1: 72.72±1.53 M2: 64.11±1.09 Min: 51.04±1.67 Max: 85.79±0.89 M: 76.20±1.35
                                     noise_5 : M1: 70.79±1.61 M2: 46.12±1.03 Min: 34.11±1.17 Max: 82.80±1.39 M: 72.74±1.96
                                     noise_10: M1: 61.85±6.45 M2: 42.08±1.42 Min: 25.85±2.85 Max: 78.09±4.26 M: 63.76±3.76
INFO - 08/27/24 15:33:38 - 0:00:04 - LinearRegression() Trian mse: 0.07
INFO - 08/27/24 15:33:39 - 0:00:04 - LinearRegression() Test mse: 0.80
INFO - 08/27/24 15:33:39 - 0:00:04 - LinearRegression() Trian mse: 0.09
INFO - 08/27/24 15:33:39 - 0:00:05 - LinearRegression() Test mse: 0.80
INFO - 08/27/24 15:33:39 - 0:00:05 - LinearRegression() Trian mse: 0.09
INFO - 08/27/24 15:33:39 - 0:00:05 - LinearRegression() Test mse: 0.80
INFO - 08/27/24 15:33:39 - 0:00:05 - LinearRegression() Trian mse: 0.09
INFO - 08/27/24 15:33:39 - 0:00:05 - LinearRegression() Test mse: 0.80
INFO - 08/27/24 15:33:39 - 0:00:05 - LinearRegression() Trian mse: 0.10
INFO - 08/27/24 15:33:39 - 0:00:05 - LinearRegression() Test mse: 0.79
INFO - 08/27/24 15:33:39 - 0:00:05 - LinearRegression() Trian mse: 0.11
INFO - 08/27/24 15:33:39 - 0:00:05 - LinearRegression() Test mse: 0.80
INFO - 08/27/24 15:33:39 - 0:00:05 - LinearRegression() Trian mse: 0.06
INFO - 08/27/24 15:33:39 - 0:00:05 - LinearRegression() Test mse: 0.80
INFO - 08/27/24 15:33:39 - 0:00:05 - LinearRegression() Trian mse: 0.07
INFO - 08/27/24 15:33:39 - 0:00:05 - LinearRegression() Test mse: 0.80
INFO - 08/27/24 15:33:39 - 0:00:05 - LinearRegression() Trian mse: 0.07
INFO - 08/27/24 15:33:39 - 0:00:05 - LinearRegression() Test mse: 0.80
INFO - 08/27/24 15:33:39 - 0:00:05 - LinearRegression() Trian mse: 0.08
INFO - 08/27/24 15:33:39 - 0:00:05 - LinearRegression() Test mse: 0.80
INFO - 08/27/24 15:33:39 - 0:00:05 - LinearRegression() Trian mse: 0.14
INFO - 08/27/24 15:33:39 - 0:00:05 - LinearRegression() Test mse: 0.85
INFO - 08/27/24 15:33:39 - 0:00:05 - LinearRegression() Trian mse: 0.16
INFO - 08/27/24 15:33:39 - 0:00:05 - LinearRegression() Test mse: 0.86
INFO - 08/27/24 15:33:39 - 0:00:05 - LinearRegression() Trian mse: 0.16
INFO - 08/27/24 15:33:39 - 0:00:05 - LinearRegression() Test mse: 0.84
INFO - 08/27/24 15:33:39 - 0:00:05 - LinearRegression() Trian mse: 0.16
INFO - 08/27/24 15:33:39 - 0:00:05 - LinearRegression() Test mse: 0.84
INFO - 08/27/24 15:33:39 - 0:00:05 - LinearRegression() Trian mse: 0.18
INFO - 08/27/24 15:33:39 - 0:00:05 - LinearRegression() Test mse: 0.83
INFO - 08/27/24 15:33:39 - 0:00:05 - LinearRegression() Trian mse: 0.18
INFO - 08/27/24 15:33:40 - 0:00:05 - LinearRegression() Test mse: 0.84
INFO - 08/27/24 15:33:40 - 0:00:05 - LinearRegression() Trian mse: 0.14
INFO - 08/27/24 15:33:40 - 0:00:06 - LinearRegression() Test mse: 0.85
INFO - 08/27/24 15:33:40 - 0:00:06 - LinearRegression() Trian mse: 0.17
INFO - 08/27/24 15:33:40 - 0:00:06 - LinearRegression() Test mse: 0.83
INFO - 08/27/24 15:33:40 - 0:00:06 - LinearRegression() Trian mse: 0.15
INFO - 08/27/24 15:33:40 - 0:00:06 - LinearRegression() Test mse: 0.84
INFO - 08/27/24 15:33:40 - 0:00:06 - LinearRegression() Trian mse: 0.15
INFO - 08/27/24 15:33:40 - 0:00:06 - LinearRegression() Test mse: 0.84
INFO - 08/27/24 15:33:40 - 0:00:06 - LinearRegression() Trian mse: 0.17
INFO - 08/27/24 15:33:40 - 0:00:06 - LinearRegression() Test mse: 0.86
INFO - 08/27/24 15:33:40 - 0:00:06 - LinearRegression() Trian mse: 0.18
INFO - 08/27/24 15:33:40 - 0:00:06 - LinearRegression() Test mse: 0.87
INFO - 08/27/24 15:33:40 - 0:00:06 - LinearRegression() Trian mse: 0.16
INFO - 08/27/24 15:33:40 - 0:00:06 - LinearRegression() Test mse: 0.93
INFO - 08/27/24 15:33:40 - 0:00:06 - LinearRegression() Trian mse: 0.16
INFO - 08/27/24 15:33:40 - 0:00:06 - LinearRegression() Test mse: 0.91
INFO - 08/27/24 15:33:40 - 0:00:06 - LinearRegression() Trian mse: 0.18
INFO - 08/27/24 15:33:40 - 0:00:06 - LinearRegression() Test mse: 0.85
INFO - 08/27/24 15:33:40 - 0:00:06 - LinearRegression() Trian mse: 0.17
INFO - 08/27/24 15:33:40 - 0:00:06 - LinearRegression() Test mse: 0.90
INFO - 08/27/24 15:33:40 - 0:00:06 - LinearRegression() Trian mse: 0.14
INFO - 08/27/24 15:33:40 - 0:00:06 - LinearRegression() Test mse: 0.90
INFO - 08/27/24 15:33:40 - 0:00:06 - LinearRegression() Trian mse: 0.18
INFO - 08/27/24 15:33:40 - 0:00:06 - LinearRegression() Test mse: 0.83
INFO - 08/27/24 15:33:40 - 0:00:06 - LinearRegression() Trian mse: 0.16
INFO - 08/27/24 15:33:40 - 0:00:06 - LinearRegression() Test mse: 0.87
INFO - 08/27/24 15:33:40 - 0:00:06 - LinearRegression() Trian mse: 0.17
INFO - 08/27/24 15:33:41 - 0:00:06 - LinearRegression() Test mse: 0.87
INFO - 08/27/24 15:33:41 - 0:00:06 - ./../emc_data/MVSA test
                                     noise_0 : M1: 76.22±1.18 M2: 63.33±1.64 Min: 51.33±1.35 Max: 88.23±1.07 M: 79.46±1.53
                                     noise_5 : M1: 71.25±1.54 M2: 47.48±1.73 Min: 33.80±2.12 Max: 84.93±1.11 M: 73.99±1.58
                                     noise_10: M1: 64.05±4.32 M2: 42.25±2.99 Min: 25.68±2.69 Max: 80.62±3.13 M: 67.13±1.16
INFO - 08/27/24 15:37:16 - 0:00:00 - data_nums: 1,2,3,4,5,6,7,8,9,10
                                     dataset: MVSA
                                     device: cuda:0
                                     gpu: 0
                                     model: line
                                     name: MVSA_Single_emc
                                     noise: 0,5,10
                                     output_dir: ../emc_data
                                     path: ./../emc_data/MVSA
                                     seed: 42
INFO - 08/27/24 15:37:25 - 0:00:00 - data_nums: 1,2,3,4,5,6,7,8,9,10
                                     dataset: MVSA
                                     device: cuda:0
                                     gpu: 0
                                     model: line
                                     name: MVSA_Single_emc
                                     noise: 0,5,10
                                     output_dir: ../emc_data
                                     path: ./../emc_data/MVSA
                                     seed: 42
INFO - 08/27/24 15:41:37 - 0:00:00 - data_nums: 1,2,3,4,5,6,7,8,9,10
                                     dataset: MVSA
                                     device: cuda:0
                                     gpu: 0
                                     model: line
                                     name: MVSA_Single_emc
                                     noise: 0,5,10
                                     output_dir: ../emc_data
                                     path: ./../emc_data/MVSA
                                     seed: 42
INFO - 08/27/24 15:41:37 - 0:00:00 - ./../emc_data/MVSA train
                                     noise_0 : M1: 95.30±4.49 M2: 96.92±2.03 Min: 92.42±5.76 Max: 99.79±0.26 M: 99.03±0.98
                                     noise_5 : M1: 85.73±3.95 M2: 65.13±1.87 Min: 55.37±3.44 Max: 95.49±1.90 M: 89.68±2.86
                                     noise_10: M1: 74.96±7.02 M2: 60.19±2.29 Min: 43.31±4.07 Max: 91.85±4.34 M: 83.22±3.13
INFO - 08/27/24 15:41:37 - 0:00:00 - ./../emc_data/MVSA dev
                                     noise_0 : M1: 72.72±1.53 M2: 64.11±1.09 Min: 51.04±1.67 Max: 85.79±0.89 M: 76.24±1.46
                                     noise_5 : M1: 70.79±1.61 M2: 46.12±1.03 Min: 34.11±1.17 Max: 82.80±1.39 M: 72.49±1.94
                                     noise_10: M1: 61.85±6.45 M2: 42.08±1.42 Min: 25.85±2.85 Max: 78.09±4.26 M: 63.24±3.75
INFO - 08/27/24 15:41:37 - 0:00:00 - ./../emc_data/MVSA test
                                     noise_0 : M1: 76.22±1.18 M2: 63.33±1.64 Min: 51.33±1.35 Max: 88.23±1.07 M: 79.00±1.40
                                     noise_5 : M1: 71.25±1.54 M2: 47.48±1.73 Min: 33.80±2.12 Max: 84.93±1.11 M: 73.53±1.50
                                     noise_10: M1: 64.05±4.32 M2: 42.25±2.99 Min: 25.68±2.69 Max: 80.62±3.13 M: 66.30±1.44
INFO - 08/27/24 15:41:40 - 0:00:02 - ./../emc_data/MVSA train
                                     noise_0 : M1: 95.30±4.49 M2: 96.92±2.03 Min: 92.42±5.76 Max: 99.79±0.26 M: 99.09±0.89 Train mse: 28.82±2.71 Test mse: 88.71±0.36
                                     noise_5 : M1: 85.73±3.95 M2: 65.13±1.87 Min: 55.37±3.44 Max: 95.49±1.90 M: 89.73±2.82 Train mse: 39.82±1.87 Test mse: 88.79±0.61
                                     noise_10: M1: 74.96±7.02 M2: 60.19±2.29 Min: 43.31±4.07 Max: 91.85±4.34 M: 83.08±3.42 Train mse: 40.91±1.52 Test mse: 90.19±1.26
INFO - 08/27/24 15:41:42 - 0:00:04 - ./../emc_data/MVSA dev
                                     noise_0 : M1: 72.72±1.53 M2: 64.11±1.09 Min: 51.04±1.67 Max: 85.79±0.89 M: 76.20±1.35 Train mse: 28.82±2.71 Test mse: 87.81±0.17
                                     noise_5 : M1: 70.79±1.61 M2: 46.12±1.03 Min: 34.11±1.17 Max: 82.80±1.39 M: 72.74±1.96 Train mse: 39.82±1.87 Test mse: 88.92±0.61
                                     noise_10: M1: 61.85±6.45 M2: 42.08±1.42 Min: 25.85±2.85 Max: 78.09±4.26 M: 63.76±3.76 Train mse: 40.91±1.52 Test mse: 90.30±1.24
INFO - 08/27/24 15:41:44 - 0:00:07 - ./../emc_data/MVSA test
                                     noise_0 : M1: 76.22±1.18 M2: 63.33±1.64 Min: 51.33±1.35 Max: 88.23±1.07 M: 79.46±1.53 Train mse: 28.82±2.71 Test mse: 89.25±0.09
                                     noise_5 : M1: 71.25±1.54 M2: 47.48±1.73 Min: 33.80±2.12 Max: 84.93±1.11 M: 73.99±1.58 Train mse: 39.82±1.87 Test mse: 91.72±0.55
                                     noise_10: M1: 64.05±4.32 M2: 42.25±2.99 Min: 25.68±2.69 Max: 80.62±3.13 M: 67.13±1.16 Train mse: 40.91±1.52 Test mse: 93.71±1.48
INFO - 08/27/24 15:43:58 - 0:00:00 - data_nums: 1,2,3,4,5,6,7,8,9,10
                                     dataset: MVSA
                                     device: cuda:0
                                     gpu: 0
                                     model: line
                                     name: MVSA_Single_emc
                                     noise: 0,5,10
                                     output_dir: ../emc_data
                                     path: ./../emc_data/MVSA
                                     seed: 42
INFO - 08/27/24 15:43:58 - 0:00:00 - ./../emc_data/MVSA train
                                     noise_0 : M1: 95.30±4.49 M2: 96.92±2.03 Min: 92.42±5.76 Max: 99.79±0.26 M: 99.03±0.98
                                     noise_5 : M1: 85.73±3.95 M2: 65.13±1.87 Min: 55.37±3.44 Max: 95.49±1.90 M: 89.68±2.86
                                     noise_10: M1: 74.96±7.02 M2: 60.19±2.29 Min: 43.31±4.07 Max: 91.85±4.34 M: 83.22±3.13
INFO - 08/27/24 15:43:58 - 0:00:00 - ./../emc_data/MVSA dev
                                     noise_0 : M1: 72.72±1.53 M2: 64.11±1.09 Min: 51.04±1.67 Max: 85.79±0.89 M: 76.24±1.46
                                     noise_5 : M1: 70.79±1.61 M2: 46.12±1.03 Min: 34.11±1.17 Max: 82.80±1.39 M: 72.49±1.94
                                     noise_10: M1: 61.85±6.45 M2: 42.08±1.42 Min: 25.85±2.85 Max: 78.09±4.26 M: 63.24±3.75
INFO - 08/27/24 15:43:58 - 0:00:00 - ./../emc_data/MVSA test
                                     noise_0 : M1: 76.22±1.18 M2: 63.33±1.64 Min: 51.33±1.35 Max: 88.23±1.07 M: 79.00±1.40
                                     noise_5 : M1: 71.25±1.54 M2: 47.48±1.73 Min: 33.80±2.12 Max: 84.93±1.11 M: 73.53±1.50
                                     noise_10: M1: 64.05±4.32 M2: 42.25±2.99 Min: 25.68±2.69 Max: 80.62±3.13 M: 66.30±1.44
INFO - 08/27/24 15:44:01 - 0:00:02 - ./../emc_data/MVSA train
                                     noise_0 : M1: 95.30±4.49 M2: 96.92±2.03 Min: 92.42±5.76 Max: 99.79±0.26 M: 99.09±0.89 Train mse: 0.29±0.03 Test mse: 0.89±0.00
                                     noise_5 : M1: 85.73±3.95 M2: 65.13±1.87 Min: 55.37±3.44 Max: 95.49±1.90 M: 89.73±2.82 Train mse: 0.40±0.02 Test mse: 0.89±0.01
                                     noise_10: M1: 74.96±7.02 M2: 60.19±2.29 Min: 43.31±4.07 Max: 91.85±4.34 M: 83.08±3.42 Train mse: 0.41±0.02 Test mse: 0.90±0.01
INFO - 08/27/24 15:44:03 - 0:00:04 - ./../emc_data/MVSA dev
                                     noise_0 : M1: 72.72±1.53 M2: 64.11±1.09 Min: 51.04±1.67 Max: 85.79±0.89 M: 76.20±1.35 Train mse: 0.29±0.03 Test mse: 0.88±0.00
                                     noise_5 : M1: 70.79±1.61 M2: 46.12±1.03 Min: 34.11±1.17 Max: 82.80±1.39 M: 72.74±1.96 Train mse: 0.40±0.02 Test mse: 0.89±0.01
                                     noise_10: M1: 61.85±6.45 M2: 42.08±1.42 Min: 25.85±2.85 Max: 78.09±4.26 M: 63.76±3.76 Train mse: 0.41±0.02 Test mse: 0.90±0.01
INFO - 08/27/24 15:44:05 - 0:00:07 - ./../emc_data/MVSA test
                                     noise_0 : M1: 76.22±1.18 M2: 63.33±1.64 Min: 51.33±1.35 Max: 88.23±1.07 M: 79.46±1.53 Train mse: 0.29±0.03 Test mse: 0.89±0.00
                                     noise_5 : M1: 71.25±1.54 M2: 47.48±1.73 Min: 33.80±2.12 Max: 84.93±1.11 M: 73.99±1.58 Train mse: 0.40±0.02 Test mse: 0.92±0.01
                                     noise_10: M1: 64.05±4.32 M2: 42.25±2.99 Min: 25.68±2.69 Max: 80.62±3.13 M: 67.13±1.16 Train mse: 0.41±0.02 Test mse: 0.94±0.01
INFO - 08/27/24 15:53:14 - 0:00:00 - data_nums: 1,2,3,4,5,6,7,8,9,10
                                     dataset: MVSA
                                     device: cuda:0
                                     gpu: 0
                                     model: line
                                     name: MVSA_Single_emc
                                     noise: 0,5,10
                                     output_dir: ../emc_data
                                     path: ./../emc_data/MVSA
                                     seed: 42
INFO - 08/27/24 15:53:14 - 0:00:00 - ./../emc_data/MVSA train
                                     noise_0 : M1: 95.30±4.49 M2: 96.92±2.03 Min: 92.42±5.76 Max: 99.79±0.26 M: 99.03±0.98
                                     noise_5 : M1: 85.73±3.95 M2: 65.13±1.87 Min: 55.37±3.44 Max: 95.49±1.90 M: 89.68±2.86
                                     noise_10: M1: 74.96±7.02 M2: 60.19±2.29 Min: 43.31±4.07 Max: 91.85±4.34 M: 83.22±3.13
INFO - 08/27/24 15:53:14 - 0:00:00 - ./../emc_data/MVSA dev
                                     noise_0 : M1: 72.72±1.53 M2: 64.11±1.09 Min: 51.04±1.67 Max: 85.79±0.89 M: 76.24±1.46
                                     noise_5 : M1: 70.79±1.61 M2: 46.12±1.03 Min: 34.11±1.17 Max: 82.80±1.39 M: 72.49±1.94
                                     noise_10: M1: 61.85±6.45 M2: 42.08±1.42 Min: 25.85±2.85 Max: 78.09±4.26 M: 63.24±3.75
INFO - 08/27/24 15:53:14 - 0:00:00 - ./../emc_data/MVSA test
                                     noise_0 : M1: 76.22±1.18 M2: 63.33±1.64 Min: 51.33±1.35 Max: 88.23±1.07 M: 79.00±1.40
                                     noise_5 : M1: 71.25±1.54 M2: 47.48±1.73 Min: 33.80±2.12 Max: 84.93±1.11 M: 73.53±1.50
                                     noise_10: M1: 64.05±4.32 M2: 42.25±2.99 Min: 25.68±2.69 Max: 80.62±3.13 M: 66.30±1.44
INFO - 08/27/24 15:54:10 - 0:00:00 - data_nums: 1,2,3,4,5,6,7,8,9,10
                                     dataset: MVSA
                                     device: cuda:0
                                     gpu: 0
                                     model: line
                                     name: MVSA_Single_emc
                                     noise: 0,5,10
                                     output_dir: ../emc_data
                                     path: ./../emc_data/MVSA
                                     seed: 42
INFO - 08/27/24 15:54:10 - 0:00:00 - ./../emc_data/MVSA train
                                     noise_0 : M1: 95.30±4.49 M2: 96.92±2.03 Min: 92.42±5.76 Max: 99.79±0.26 M: 99.03±0.98
                                     noise_5 : M1: 85.73±3.95 M2: 65.13±1.87 Min: 55.37±3.44 Max: 95.49±1.90 M: 89.68±2.86
                                     noise_10: M1: 74.96±7.02 M2: 60.19±2.29 Min: 43.31±4.07 Max: 91.85±4.34 M: 83.22±3.13
INFO - 08/27/24 15:54:10 - 0:00:00 - ./../emc_data/MVSA dev
                                     noise_0 : M1: 72.72±1.53 M2: 64.11±1.09 Min: 51.04±1.67 Max: 85.79±0.89 M: 76.24±1.46
                                     noise_5 : M1: 70.79±1.61 M2: 46.12±1.03 Min: 34.11±1.17 Max: 82.80±1.39 M: 72.49±1.94
                                     noise_10: M1: 61.85±6.45 M2: 42.08±1.42 Min: 25.85±2.85 Max: 78.09±4.26 M: 63.24±3.75
INFO - 08/27/24 15:54:10 - 0:00:00 - ./../emc_data/MVSA test
                                     noise_0 : M1: 76.22±1.18 M2: 63.33±1.64 Min: 51.33±1.35 Max: 88.23±1.07 M: 79.00±1.40
                                     noise_5 : M1: 71.25±1.54 M2: 47.48±1.73 Min: 33.80±2.12 Max: 84.93±1.11 M: 73.53±1.50
                                     noise_10: M1: 64.05±4.32 M2: 42.25±2.99 Min: 25.68±2.69 Max: 80.62±3.13 M: 66.30±1.44
INFO - 08/27/24 15:55:14 - 0:00:00 - data_nums: 1,2,3,4,5,6,7,8,9,10
                                     dataset: MVSA
                                     device: cuda:0
                                     gpu: 0
                                     model: line
                                     name: MVSA_Single_emc
                                     noise: 0,5,10
                                     output_dir: ../emc_data
                                     path: ./../emc_data/MVSA
                                     seed: 42
INFO - 08/27/24 15:55:14 - 0:00:00 - ./../emc_data/MVSA train
                                     noise_0 : M1: 95.30±4.49 M2: 96.92±2.03 Min: 92.42±5.76 Max: 99.79±0.26 M: 99.03±0.98
                                     noise_5 : M1: 85.73±3.95 M2: 65.13±1.87 Min: 55.37±3.44 Max: 95.49±1.90 M: 89.68±2.86
                                     noise_10: M1: 74.96±7.02 M2: 60.19±2.29 Min: 43.31±4.07 Max: 91.85±4.34 M: 83.22±3.13
INFO - 08/27/24 15:55:14 - 0:00:00 - ./../emc_data/MVSA dev
                                     noise_0 : M1: 72.72±1.53 M2: 64.11±1.09 Min: 51.04±1.67 Max: 85.79±0.89 M: 76.24±1.46
                                     noise_5 : M1: 70.79±1.61 M2: 46.12±1.03 Min: 34.11±1.17 Max: 82.80±1.39 M: 72.49±1.94
                                     noise_10: M1: 61.85±6.45 M2: 42.08±1.42 Min: 25.85±2.85 Max: 78.09±4.26 M: 63.24±3.75
INFO - 08/27/24 15:55:14 - 0:00:00 - ./../emc_data/MVSA test
                                     noise_0 : M1: 76.22±1.18 M2: 63.33±1.64 Min: 51.33±1.35 Max: 88.23±1.07 M: 79.00±1.40
                                     noise_5 : M1: 71.25±1.54 M2: 47.48±1.73 Min: 33.80±2.12 Max: 84.93±1.11 M: 73.53±1.50
                                     noise_10: M1: 64.05±4.32 M2: 42.25±2.99 Min: 25.68±2.69 Max: 80.62±3.13 M: 66.30±1.44
INFO - 08/27/24 15:55:14 - 0:00:00 - ./../emc_data/MVSA train
                                     noise_0 : M1: 95.30±4.49 M2: 96.92±2.03 Min: 92.42±5.76 Max: 99.79±0.26 M: 99.09±0.89 Train mse: 0.29±0.03 Test mse: 0.19±0.06
                                     noise_5 : M1: 85.73±3.95 M2: 65.13±1.87 Min: 55.37±3.44 Max: 95.49±1.90 M: 89.73±2.82 Train mse: 0.40±0.02 Test mse: 0.37±0.02
                                     noise_10: M1: 74.96±7.02 M2: 60.19±2.29 Min: 43.31±4.07 Max: 91.85±4.34 M: 83.08±3.42 Train mse: 0.41±0.02 Test mse: 0.39±0.02
INFO - 08/27/24 15:55:14 - 0:00:00 - ./../emc_data/MVSA dev
                                     noise_0 : M1: 72.72±1.53 M2: 64.11±1.09 Min: 51.04±1.67 Max: 85.79±0.89 M: 76.20±1.35 Train mse: 0.29±0.03 Test mse: 0.47±0.00
                                     noise_5 : M1: 70.79±1.61 M2: 46.12±1.03 Min: 34.11±1.17 Max: 82.80±1.39 M: 72.74±1.96 Train mse: 0.40±0.02 Test mse: 0.46±0.01
                                     noise_10: M1: 61.85±6.45 M2: 42.08±1.42 Min: 25.85±2.85 Max: 78.09±4.26 M: 63.76±3.76 Train mse: 0.41±0.02 Test mse: 0.47±0.02
INFO - 08/27/24 15:55:14 - 0:00:00 - ./../emc_data/MVSA test
                                     noise_0 : M1: 76.22±1.18 M2: 63.33±1.64 Min: 51.33±1.35 Max: 88.23±1.07 M: 79.46±1.53 Train mse: 0.29±0.03 Test mse: 0.46±0.01
                                     noise_5 : M1: 71.25±1.54 M2: 47.48±1.73 Min: 33.80±2.12 Max: 84.93±1.11 M: 73.99±1.58 Train mse: 0.40±0.02 Test mse: 0.45±0.01
                                     noise_10: M1: 64.05±4.32 M2: 42.25±2.99 Min: 25.68±2.69 Max: 80.62±3.13 M: 67.13±1.16 Train mse: 0.41±0.02 Test mse: 0.45±0.02
INFO - 08/27/24 16:16:50 - 0:00:00 - data_nums: 1,2,3,4,5,6,7,8,9,10
                                     dataset: MVSA
                                     device: cuda:0
                                     gpu: 0
                                     model: line
                                     name: MVSA_Single_emc
                                     noise: 0,5,10
                                     output_dir: ../emc_data
                                     path: ./../emc_data/MVSA
                                     seed: 42
INFO - 08/27/24 16:16:50 - 0:00:00 - ./../emc_data/MVSA train
                                     noise_0 : M1: 95.30±4.49 M2: 96.92±2.03 Min: 92.42±5.76 Max: 99.79±0.26 M: 99.03±0.98
                                     noise_5 : M1: 85.73±3.95 M2: 65.13±1.87 Min: 55.37±3.44 Max: 95.49±1.90 M: 89.68±2.86
                                     noise_10: M1: 74.96±7.02 M2: 60.19±2.29 Min: 43.31±4.07 Max: 91.85±4.34 M: 83.22±3.13
INFO - 08/27/24 16:16:50 - 0:00:00 - ./../emc_data/MVSA dev
                                     noise_0 : M1: 72.72±1.53 M2: 64.11±1.09 Min: 51.04±1.67 Max: 85.79±0.89 M: 76.24±1.46
                                     noise_5 : M1: 70.79±1.61 M2: 46.12±1.03 Min: 34.11±1.17 Max: 82.80±1.39 M: 72.49±1.94
                                     noise_10: M1: 61.85±6.45 M2: 42.08±1.42 Min: 25.85±2.85 Max: 78.09±4.26 M: 63.24±3.75
INFO - 08/27/24 16:16:50 - 0:00:00 - ./../emc_data/MVSA test
                                     noise_0 : M1: 76.22±1.18 M2: 63.33±1.64 Min: 51.33±1.35 Max: 88.23±1.07 M: 79.00±1.40
                                     noise_5 : M1: 71.25±1.54 M2: 47.48±1.73 Min: 33.80±2.12 Max: 84.93±1.11 M: 73.53±1.50
                                     noise_10: M1: 64.05±4.32 M2: 42.25±2.99 Min: 25.68±2.69 Max: 80.62±3.13 M: 66.30±1.44
INFO - 08/27/24 16:17:43 - 0:00:00 - data_nums: 1,2,3,4,5,6,7,8,9,10
                                     dataset: MVSA
                                     device: cuda:0
                                     gpu: 0
                                     model: line
                                     name: MVSA_Single_emc
                                     noise: 0,5,10
                                     output_dir: ../emc_data
                                     path: ./../emc_data/MVSA
                                     seed: 42
INFO - 08/27/24 16:17:43 - 0:00:00 - ./../emc_data/MVSA train
                                     noise_0 : M1: 95.30±4.49 M2: 96.92±2.03 Min: 92.42±5.76 Max: 99.79±0.26 M: 99.03±0.98
                                     noise_5 : M1: 85.73±3.95 M2: 65.13±1.87 Min: 55.37±3.44 Max: 95.49±1.90 M: 89.68±2.86
                                     noise_10: M1: 74.96±7.02 M2: 60.19±2.29 Min: 43.31±4.07 Max: 91.85±4.34 M: 83.22±3.13
INFO - 08/27/24 16:17:43 - 0:00:00 - ./../emc_data/MVSA dev
                                     noise_0 : M1: 72.72±1.53 M2: 64.11±1.09 Min: 51.04±1.67 Max: 85.79±0.89 M: 76.24±1.46
                                     noise_5 : M1: 70.79±1.61 M2: 46.12±1.03 Min: 34.11±1.17 Max: 82.80±1.39 M: 72.49±1.94
                                     noise_10: M1: 61.85±6.45 M2: 42.08±1.42 Min: 25.85±2.85 Max: 78.09±4.26 M: 63.24±3.75
INFO - 08/27/24 16:17:43 - 0:00:00 - ./../emc_data/MVSA test
                                     noise_0 : M1: 76.22±1.18 M2: 63.33±1.64 Min: 51.33±1.35 Max: 88.23±1.07 M: 79.00±1.40
                                     noise_5 : M1: 71.25±1.54 M2: 47.48±1.73 Min: 33.80±2.12 Max: 84.93±1.11 M: 73.53±1.50
                                     noise_10: M1: 64.05±4.32 M2: 42.25±2.99 Min: 25.68±2.69 Max: 80.62±3.13 M: 66.30±1.44
INFO - 08/27/24 16:20:05 - 0:00:00 - data_nums: 1,2,3,4,5,6,7,8,9,10
                                     dataset: MVSA
                                     device: cuda:0
                                     gpu: 0
                                     model: line
                                     name: MVSA_Single_emc
                                     noise: 0,5,10
                                     output_dir: ../emc_data
                                     path: ./../emc_data/MVSA
                                     seed: 42
INFO - 08/27/24 16:20:05 - 0:00:00 - ./../emc_data/MVSA train
                                     noise_0 : M1: 95.30±4.49 M2: 96.92±2.03 Min: 92.42±5.76 Max: 99.79±0.26 M: 99.03±0.98
                                     noise_5 : M1: 85.73±3.95 M2: 65.13±1.87 Min: 55.37±3.44 Max: 95.49±1.90 M: 89.68±2.86
                                     noise_10: M1: 74.96±7.02 M2: 60.19±2.29 Min: 43.31±4.07 Max: 91.85±4.34 M: 83.22±3.13
INFO - 08/27/24 16:20:05 - 0:00:00 - ./../emc_data/MVSA dev
                                     noise_0 : M1: 72.72±1.53 M2: 64.11±1.09 Min: 51.04±1.67 Max: 85.79±0.89 M: 76.24±1.46
                                     noise_5 : M1: 70.79±1.61 M2: 46.12±1.03 Min: 34.11±1.17 Max: 82.80±1.39 M: 72.49±1.94
                                     noise_10: M1: 61.85±6.45 M2: 42.08±1.42 Min: 25.85±2.85 Max: 78.09±4.26 M: 63.24±3.75
INFO - 08/27/24 16:20:05 - 0:00:00 - ./../emc_data/MVSA test
                                     noise_0 : M1: 76.22±1.18 M2: 63.33±1.64 Min: 51.33±1.35 Max: 88.23±1.07 M: 79.00±1.40
                                     noise_5 : M1: 71.25±1.54 M2: 47.48±1.73 Min: 33.80±2.12 Max: 84.93±1.11 M: 73.53±1.50
                                     noise_10: M1: 64.05±4.32 M2: 42.25±2.99 Min: 25.68±2.69 Max: 80.62±3.13 M: 66.30±1.44
INFO - 08/27/24 16:22:00 - 0:00:00 - data_nums: 1,2,3,4,5,6,7,8,9,10
                                     dataset: MVSA
                                     device: cuda:0
                                     gpu: 0
                                     model: line
                                     name: MVSA_Single_emc
                                     noise: 0,5,10
                                     output_dir: ../emc_data
                                     path: ./../emc_data/MVSA
                                     seed: 42
INFO - 08/27/24 16:22:00 - 0:00:00 - ./../emc_data/MVSA train
                                     noise_0 : M1: 95.30±4.49 M2: 96.92±2.03 Min: 92.42±5.76 Max: 99.79±0.26 M: 99.03±0.98
                                     noise_5 : M1: 85.73±3.95 M2: 65.13±1.87 Min: 55.37±3.44 Max: 95.49±1.90 M: 89.68±2.86
                                     noise_10: M1: 74.96±7.02 M2: 60.19±2.29 Min: 43.31±4.07 Max: 91.85±4.34 M: 83.22±3.13
INFO - 08/27/24 16:22:00 - 0:00:00 - ./../emc_data/MVSA dev
                                     noise_0 : M1: 72.72±1.53 M2: 64.11±1.09 Min: 51.04±1.67 Max: 85.79±0.89 M: 76.24±1.46
                                     noise_5 : M1: 70.79±1.61 M2: 46.12±1.03 Min: 34.11±1.17 Max: 82.80±1.39 M: 72.49±1.94
                                     noise_10: M1: 61.85±6.45 M2: 42.08±1.42 Min: 25.85±2.85 Max: 78.09±4.26 M: 63.24±3.75
INFO - 08/27/24 16:22:00 - 0:00:00 - ./../emc_data/MVSA test
                                     noise_0 : M1: 76.22±1.18 M2: 63.33±1.64 Min: 51.33±1.35 Max: 88.23±1.07 M: 79.00±1.40
                                     noise_5 : M1: 71.25±1.54 M2: 47.48±1.73 Min: 33.80±2.12 Max: 84.93±1.11 M: 73.53±1.50
                                     noise_10: M1: 64.05±4.32 M2: 42.25±2.99 Min: 25.68±2.69 Max: 80.62±3.13 M: 66.30±1.44
INFO - 08/27/24 16:31:27 - 0:09:27 - ./../emc_data/MVSA train
                                     noise_0 : M1: 95.30±4.49 M2: 96.92±2.03 Min: 92.42±5.76 Max: 99.79±0.26 M: 99.11±0.87 Train mse: 0.34±0.03 Test mse: 0.17±0.06
                                     noise_5 : M1: 85.73±3.95 M2: 65.13±1.87 Min: 55.37±3.44 Max: 95.49±1.90 M: 89.88±2.85 Train mse: 0.51±0.01 Test mse: 0.36±0.03
                                     noise_10: M1: 74.96±7.02 M2: 60.19±2.29 Min: 43.31±4.07 Max: 91.85±4.34 M: 84.10±3.36 Train mse: 0.56±0.03 Test mse: 0.35±0.02
INFO - 08/27/24 16:40:53 - 0:18:53 - ./../emc_data/MVSA dev
                                     noise_0 : M1: 72.72±1.53 M2: 64.11±1.09 Min: 51.04±1.67 Max: 85.79±0.89 M: 76.22±1.47 Train mse: 0.34±0.03 Test mse: 0.46±0.00
                                     noise_5 : M1: 70.79±1.61 M2: 46.12±1.03 Min: 34.11±1.17 Max: 82.80±1.39 M: 72.90±1.70 Train mse: 0.51±0.01 Test mse: 0.46±0.01
                                     noise_10: M1: 61.85±6.45 M2: 42.08±1.42 Min: 25.85±2.85 Max: 78.09±4.26 M: 64.42±3.82 Train mse: 0.56±0.02 Test mse: 0.45±0.01
INFO - 08/27/24 16:42:32 - 0:00:00 - data_nums: 1,2,3,4,5,6,7,8,9,10
                                     dataset: MVSA
                                     device: cuda:0
                                     gpu: 0
                                     model: line
                                     name: MVSA_Single_emc
                                     noise: 0,5,10
                                     output_dir: ../emc_data
                                     path: ./../emc_data/MVSA
                                     seed: 42
INFO - 08/27/24 16:42:32 - 0:00:00 - ./../emc_data/MVSA train
                                     noise_0 : M1: 95.30±4.49 M2: 96.92±2.03 Min: 92.42±5.76 Max: 99.79±0.26 M: 99.03±0.98
                                     noise_5 : M1: 85.73±3.95 M2: 65.13±1.87 Min: 55.37±3.44 Max: 95.49±1.90 M: 89.68±2.86
                                     noise_10: M1: 74.96±7.02 M2: 60.19±2.29 Min: 43.31±4.07 Max: 91.85±4.34 M: 83.22±3.13
INFO - 08/27/24 16:42:32 - 0:00:00 - ./../emc_data/MVSA dev
                                     noise_0 : M1: 72.72±1.53 M2: 64.11±1.09 Min: 51.04±1.67 Max: 85.79±0.89 M: 76.24±1.46
                                     noise_5 : M1: 70.79±1.61 M2: 46.12±1.03 Min: 34.11±1.17 Max: 82.80±1.39 M: 72.49±1.94
                                     noise_10: M1: 61.85±6.45 M2: 42.08±1.42 Min: 25.85±2.85 Max: 78.09±4.26 M: 63.24±3.75
INFO - 08/27/24 16:42:32 - 0:00:00 - ./../emc_data/MVSA test
                                     noise_0 : M1: 76.22±1.18 M2: 63.33±1.64 Min: 51.33±1.35 Max: 88.23±1.07 M: 79.00±1.40
                                     noise_5 : M1: 71.25±1.54 M2: 47.48±1.73 Min: 33.80±2.12 Max: 84.93±1.11 M: 73.53±1.50
                                     noise_10: M1: 64.05±4.32 M2: 42.25±2.99 Min: 25.68±2.69 Max: 80.62±3.13 M: 66.30±1.44
INFO - 08/27/24 16:42:37 - 0:00:00 - data_nums: 1,2,3,4,5,6,7,8,9,10
                                     dataset: MVSA
                                     device: cuda:0
                                     gpu: 0
                                     model: line
                                     name: MVSA_Single_emc
                                     noise: 0,5,10
                                     output_dir: ../emc_data
                                     path: ./../emc_data/MVSA
                                     seed: 42
INFO - 08/27/24 16:42:37 - 0:00:00 - ./../emc_data/MVSA train
                                     noise_0 : M1: 95.30±4.49 M2: 96.92±2.03 Min: 92.42±5.76 Max: 99.79±0.26 M: 99.03±0.98
                                     noise_5 : M1: 85.73±3.95 M2: 65.13±1.87 Min: 55.37±3.44 Max: 95.49±1.90 M: 89.68±2.86
                                     noise_10: M1: 74.96±7.02 M2: 60.19±2.29 Min: 43.31±4.07 Max: 91.85±4.34 M: 83.22±3.13
INFO - 08/27/24 16:42:37 - 0:00:00 - ./../emc_data/MVSA dev
                                     noise_0 : M1: 72.72±1.53 M2: 64.11±1.09 Min: 51.04±1.67 Max: 85.79±0.89 M: 76.24±1.46
                                     noise_5 : M1: 70.79±1.61 M2: 46.12±1.03 Min: 34.11±1.17 Max: 82.80±1.39 M: 72.49±1.94
                                     noise_10: M1: 61.85±6.45 M2: 42.08±1.42 Min: 25.85±2.85 Max: 78.09±4.26 M: 63.24±3.75
INFO - 08/27/24 16:42:37 - 0:00:00 - ./../emc_data/MVSA test
                                     noise_0 : M1: 76.22±1.18 M2: 63.33±1.64 Min: 51.33±1.35 Max: 88.23±1.07 M: 79.00±1.40
                                     noise_5 : M1: 71.25±1.54 M2: 47.48±1.73 Min: 33.80±2.12 Max: 84.93±1.11 M: 73.53±1.50
                                     noise_10: M1: 64.05±4.32 M2: 42.25±2.99 Min: 25.68±2.69 Max: 80.62±3.13 M: 66.30±1.44
INFO - 08/27/24 16:43:43 - 0:00:00 - data_nums: 1,2,3,4,5,6,7,8,9,10
                                     dataset: MVSA
                                     device: cuda:0
                                     gpu: 0
                                     model: line
                                     name: MVSA_Single_emc
                                     noise: 0,5,10
                                     output_dir: ../emc_data
                                     path: ./../emc_data/MVSA
                                     seed: 42
INFO - 08/27/24 16:43:43 - 0:00:00 - ./../emc_data/MVSA train
                                     noise_0 : M1: 95.30±4.49 M2: 96.92±2.03 Min: 92.42±5.76 Max: 99.79±0.26 M: 99.03±0.98
                                     noise_5 : M1: 85.73±3.95 M2: 65.13±1.87 Min: 55.37±3.44 Max: 95.49±1.90 M: 89.68±2.86
                                     noise_10: M1: 74.96±7.02 M2: 60.19±2.29 Min: 43.31±4.07 Max: 91.85±4.34 M: 83.22±3.13
INFO - 08/27/24 16:43:43 - 0:00:00 - ./../emc_data/MVSA dev
                                     noise_0 : M1: 72.72±1.53 M2: 64.11±1.09 Min: 51.04±1.67 Max: 85.79±0.89 M: 76.24±1.46
                                     noise_5 : M1: 70.79±1.61 M2: 46.12±1.03 Min: 34.11±1.17 Max: 82.80±1.39 M: 72.49±1.94
                                     noise_10: M1: 61.85±6.45 M2: 42.08±1.42 Min: 25.85±2.85 Max: 78.09±4.26 M: 63.24±3.75
INFO - 08/27/24 16:43:43 - 0:00:00 - ./../emc_data/MVSA test
                                     noise_0 : M1: 76.22±1.18 M2: 63.33±1.64 Min: 51.33±1.35 Max: 88.23±1.07 M: 79.00±1.40
                                     noise_5 : M1: 71.25±1.54 M2: 47.48±1.73 Min: 33.80±2.12 Max: 84.93±1.11 M: 73.53±1.50
                                     noise_10: M1: 64.05±4.32 M2: 42.25±2.99 Min: 25.68±2.69 Max: 80.62±3.13 M: 66.30±1.44
INFO - 08/27/24 16:53:09 - 0:09:26 - ./../emc_data/MVSA test
                                     noise_0 : M1: 76.22±1.18 M2: 63.33±1.64 Min: 51.33±1.35 Max: 88.23±1.07 M: 79.33±1.47 Train mse: 0.34±0.03 Test mse: 0.45±0.01
                                     noise_5 : M1: 71.25±1.54 M2: 47.48±1.73 Min: 33.80±2.12 Max: 84.93±1.11 M: 74.03±1.52 Train mse: 0.51±0.01 Test mse: 0.46±0.01
                                     noise_10: M1: 64.05±4.32 M2: 42.25±2.99 Min: 25.68±2.69 Max: 80.62±3.13 M: 67.23±1.49 Train mse: 0.56±0.03 Test mse: 0.45±0.01
INFO - 08/27/24 16:53:09 - 0:09:27 - ./../emc_data/MVSA dev
                                     noise_0 : M1: 72.72±1.53 M2: 64.11±1.09 Min: 51.04±1.67 Max: 85.79±0.89 M: 76.12±1.32 Train mse: 0.37±0.04 Test mse: 0.47±0.02
                                     noise_5 : M1: 70.79±1.61 M2: 46.12±1.03 Min: 34.11±1.17 Max: 82.80±1.39 M: 72.76±1.96 Train mse: 0.52±0.01 Test mse: 0.51±0.03
                                     noise_10: M1: 61.85±6.45 M2: 42.08±1.42 Min: 25.85±2.85 Max: 78.09±4.26 M: 63.40±3.52 Train mse: 0.56±0.02 Test mse: 0.52±0.05
INFO - 08/27/24 17:06:42 - 0:00:00 - batch_size: 512
                                     data_nums: 1,2,3,4,5,6,7,8,9,10
                                     dataset: MVSA
                                     device: cuda:0
                                     epochs: 100
                                     gpu: 0
                                     lr: 5e-05
                                     model: Wnet
                                     n_nodes: 100
                                     name: MVSA_Single_emc
                                     nlayers: 0
                                     noise: 0,5,10
                                     output_dir: ../emc_data
                                     path: ./../emc_data/MVSA
                                     seed: 42
                                     top_k_logits: 200
INFO - 08/27/24 17:06:43 - 0:00:00 - ./../emc_data/MVSA train
INFO - 08/27/24 17:07:01 - 0:00:00 - batch_size: 512
                                     data_nums: 1,2,3,4,5,6,7,8,9,10
                                     dataset: MVSA
                                     device: cuda:0
                                     epochs: 100
                                     gpu: 0
                                     lr: 5e-05
                                     model: WNet
                                     n_nodes: 100
                                     name: MVSA_Single_emc
                                     nlayers: 0
                                     noise: 0,5,10
                                     output_dir: ../emc_data
                                     path: ./../emc_data/MVSA
                                     seed: 42
                                     top_k_logits: 200
INFO - 08/27/24 17:07:01 - 0:00:00 - ./../emc_data/MVSA train
INFO - 08/27/24 17:07:14 - 0:00:13 - noise_0 M1: 95.30±4.49 M2: 96.92±2.03 Min: 92.42±5.76 Max: 99.79±0.26 M: 98.96±1.02 Train mse: 0.40±0.04 Test mse: 0.28±0.06
INFO - 08/27/24 17:07:27 - 0:00:26 - noise_5 M1: 85.73±3.95 M2: 65.13±1.87 Min: 55.37±3.44 Max: 95.49±1.90 M: 89.61±2.69 Train mse: 0.53±0.03 Test mse: 0.39±0.02
INFO - 08/27/24 17:07:40 - 0:00:39 - noise_10 M1: 74.96±7.02 M2: 60.19±2.29 Min: 43.31±4.07 Max: 91.85±4.34 M: 82.86±3.36 Train mse: 0.56±0.02 Test mse: 0.39±0.02
INFO - 08/27/24 17:07:40 - 0:00:39 - ./../emc_data/MVSA dev
INFO - 08/27/24 17:07:40 - 0:00:39 - noise_0 M1: 72.72±1.53 M2: 64.11±1.09 Min: 51.04±1.67 Max: 85.79±0.89 M: 75.29±1.34 Train mse: 0.54±0.06 Test mse: 0.53±0.03
INFO - 08/27/24 17:07:40 - 0:00:39 - noise_5 M1: 70.79±1.61 M2: 46.12±1.03 Min: 34.11±1.17 Max: 82.80±1.39 M: 72.36±2.24 Train mse: 0.60±0.03 Test mse: 0.51±0.02
INFO - 08/27/24 17:07:40 - 0:00:40 - noise_10 M1: 61.85±6.45 M2: 42.08±1.42 Min: 25.85±2.85 Max: 78.09±4.26 M: 63.55±4.06 Train mse: 0.61±0.02 Test mse: 0.51±0.03
INFO - 08/27/24 17:07:40 - 0:00:40 - ./../emc_data/MVSA test
INFO - 08/27/24 17:07:41 - 0:00:40 - noise_0 M1: 76.22±1.18 M2: 63.33±1.64 Min: 51.33±1.35 Max: 88.23±1.07 M: 78.81±0.90 Train mse: 0.54±0.06 Test mse: 0.52±0.02
INFO - 08/27/24 17:07:41 - 0:00:40 - noise_5 M1: 71.25±1.54 M2: 47.48±1.73 Min: 33.80±2.12 Max: 84.93±1.11 M: 73.26±1.69 Train mse: 0.60±0.03 Test mse: 0.51±0.01
INFO - 08/27/24 17:07:41 - 0:00:40 - noise_10 M1: 64.05±4.32 M2: 42.25±2.99 Min: 25.68±2.69 Max: 80.62±3.13 M: 66.47±1.73 Train mse: 0.61±0.02 Test mse: 0.50±0.03
INFO - 08/27/24 17:09:13 - 0:00:00 - batch_size: 512
                                     data_nums: 1,2,3,4,5,6,7,8,9,10
                                     dataset: MVSA
                                     device: cuda:0
                                     epochs: 100
                                     gpu: 0
                                     lr: 0.001
                                     model: WNet
                                     n_nodes: 100
                                     name: MVSA_Single_emc
                                     nlayers: 0
                                     noise: 0,5,10
                                     output_dir: ../emc_data
                                     path: ./../emc_data/MVSA
                                     seed: 42
                                     top_k_logits: 200
INFO - 08/27/24 17:09:13 - 0:00:00 - ./../emc_data/MVSA train
INFO - 08/27/24 17:09:52 - 0:00:39 - ./../emc_data/MVSA train
                                     noise_0 : M1: 95.30±4.49 M2: 96.92±2.03 Min: 92.42±5.76 Max: 99.79±0.26 M: 99.11±0.87 Train mse: 0.34±0.03 Test mse: 0.17±0.06
                                     noise_5 : M1: 85.73±3.95 M2: 65.13±1.87 Min: 55.37±3.44 Max: 95.49±1.90 M: 89.84±2.83 Train mse: 0.51±0.01 Test mse: 0.36±0.03
                                     noise_10: M1: 74.96±7.02 M2: 60.19±2.29 Min: 43.31±4.07 Max: 91.85±4.34 M: 83.83±3.50 Train mse: 0.56±0.02 Test mse: 0.35±0.02
INFO - 08/27/24 17:09:52 - 0:00:39 - ./../emc_data/MVSA dev
INFO - 08/27/24 17:09:52 - 0:00:39 - ./../emc_data/MVSA dev
                                     noise_0 : M1: 72.72±1.53 M2: 64.11±1.09 Min: 51.04±1.67 Max: 85.79±0.89 M: 75.83±1.29 Train mse: 0.38±0.04 Test mse: 0.48±0.02
                                     noise_5 : M1: 70.79±1.61 M2: 46.12±1.03 Min: 34.11±1.17 Max: 82.80±1.39 M: 72.45±1.75 Train mse: 0.52±0.01 Test mse: 0.52±0.03
                                     noise_10: M1: 61.85±6.45 M2: 42.08±1.42 Min: 25.85±2.85 Max: 78.09±4.26 M: 62.95±3.41 Train mse: 0.56±0.01 Test mse: 0.53±0.05
INFO - 08/27/24 17:09:52 - 0:00:40 - ./../emc_data/MVSA test
INFO - 08/27/24 17:09:53 - 0:00:40 - ./../emc_data/MVSA test
                                     noise_0 : M1: 76.22±1.18 M2: 63.33±1.64 Min: 51.33±1.35 Max: 88.23±1.07 M: 79.27±1.25 Train mse: 0.38±0.04 Test mse: 0.47±0.02
                                     noise_5 : M1: 71.25±1.54 M2: 47.48±1.73 Min: 33.80±2.12 Max: 84.93±1.11 M: 73.53±1.60 Train mse: 0.52±0.01 Test mse: 0.52±0.03
                                     noise_10: M1: 64.05±4.32 M2: 42.25±2.99 Min: 25.68±2.69 Max: 80.62±3.13 M: 66.40±1.63 Train mse: 0.56±0.01 Test mse: 0.52±0.06
INFO - 08/27/24 17:10:09 - 0:00:00 - batch_size: 512
                                     data_nums: 1,2,3,4,5,6,7,8,9,10
                                     dataset: MVSA
                                     device: cuda:0
                                     epochs: 100
                                     gpu: 0
                                     lr: 0.01
                                     model: WNet
                                     n_nodes: 100
                                     name: MVSA_Single_emc
                                     nlayers: 0
                                     noise: 0,5,10
                                     output_dir: ../emc_data
                                     path: ./../emc_data/MVSA
                                     seed: 42
                                     top_k_logits: 200
INFO - 08/27/24 17:10:09 - 0:00:00 - ./../emc_data/MVSA train
INFO - 08/27/24 17:10:49 - 0:00:40 - ./../emc_data/MVSA train
                                     noise_0 : M1: 95.30±4.49 M2: 96.92±2.03 Min: 92.42±5.76 Max: 99.79±0.26 M: 99.09±0.91 Train mse: 0.34±0.03 Test mse: 0.17±0.06
                                     noise_5 : M1: 85.73±3.95 M2: 65.13±1.87 Min: 55.37±3.44 Max: 95.49±1.90 M: 89.89±2.85 Train mse: 0.51±0.02 Test mse: 0.36±0.03
                                     noise_10: M1: 74.96±7.02 M2: 60.19±2.29 Min: 43.31±4.07 Max: 91.85±4.34 M: 84.24±3.32 Train mse: 0.57±0.03 Test mse: 0.35±0.02
INFO - 08/27/24 17:10:49 - 0:00:40 - ./../emc_data/MVSA dev
INFO - 08/27/24 17:10:50 - 0:00:40 - ./../emc_data/MVSA dev
                                     noise_0 : M1: 72.72±1.53 M2: 64.11±1.09 Min: 51.04±1.67 Max: 85.79±0.89 M: 75.89±1.18 Train mse: 0.40±0.05 Test mse: 0.51±0.03
                                     noise_5 : M1: 70.79±1.61 M2: 46.12±1.03 Min: 34.11±1.17 Max: 82.80±1.39 M: 72.37±2.07 Train mse: 0.56±0.03 Test mse: 0.55±0.03
                                     noise_10: M1: 61.85±6.45 M2: 42.08±1.42 Min: 25.85±2.85 Max: 78.09±4.26 M: 63.26±3.87 Train mse: 0.60±0.07 Test mse: 0.57±0.06
INFO - 08/27/24 17:10:50 - 0:00:40 - ./../emc_data/MVSA test
INFO - 08/27/24 17:10:50 - 0:00:41 - ./../emc_data/MVSA test
                                     noise_0 : M1: 76.22±1.18 M2: 63.33±1.64 Min: 51.33±1.35 Max: 88.23±1.07 M: 78.94±0.85 Train mse: 0.40±0.05 Test mse: 0.50±0.03
                                     noise_5 : M1: 71.25±1.54 M2: 47.48±1.73 Min: 33.80±2.12 Max: 84.93±1.11 M: 73.06±1.28 Train mse: 0.56±0.03 Test mse: 0.55±0.03
                                     noise_10: M1: 64.05±4.32 M2: 42.25±2.99 Min: 25.68±2.69 Max: 80.62±3.13 M: 65.93±1.73 Train mse: 0.60±0.07 Test mse: 0.56±0.06
INFO - 08/27/24 17:11:08 - 0:00:00 - batch_size: 512
                                     data_nums: 1,2,3,4,5,6,7,8,9,10
                                     dataset: MVSA
                                     device: cuda:0
                                     epochs: 500
                                     gpu: 0
                                     lr: 0.001
                                     model: WNet
                                     n_nodes: 100
                                     name: MVSA_Single_emc
                                     nlayers: 1
                                     noise: 0,5,10
                                     output_dir: ../emc_data
                                     path: ./../emc_data/MVSA
                                     seed: 42
                                     top_k_logits: 200
INFO - 08/27/24 17:11:08 - 0:00:00 - ./../emc_data/MVSA train
INFO - 08/27/24 17:14:29 - 0:03:22 - ./../emc_data/MVSA train
                                     noise_0 : M1: 95.30±4.49 M2: 96.92±2.03 Min: 92.42±5.76 Max: 99.79±0.26 M: 99.09±0.92 Train mse: 0.34±0.03 Test mse: 0.17±0.06
                                     noise_5 : M1: 85.73±3.95 M2: 65.13±1.87 Min: 55.37±3.44 Max: 95.49±1.90 M: 90.02±2.78 Train mse: 0.51±0.01 Test mse: 0.35±0.03
                                     noise_10: M1: 74.96±7.02 M2: 60.19±2.29 Min: 43.31±4.07 Max: 91.85±4.34 M: 84.48±3.43 Train mse: 0.57±0.03 Test mse: 0.34±0.02
INFO - 08/27/24 17:14:29 - 0:03:22 - ./../emc_data/MVSA dev
INFO - 08/27/24 17:14:30 - 0:03:22 - ./../emc_data/MVSA dev
                                     noise_0 : M1: 72.72±1.53 M2: 64.11±1.09 Min: 51.04±1.67 Max: 85.79±0.89 M: 75.66±1.41 Train mse: 0.38±0.05 Test mse: 0.51±0.04
                                     noise_5 : M1: 70.79±1.61 M2: 46.12±1.03 Min: 34.11±1.17 Max: 82.80±1.39 M: 72.32±2.37 Train mse: 0.54±0.02 Test mse: 0.56±0.04
                                     noise_10: M1: 61.85±6.45 M2: 42.08±1.42 Min: 25.85±2.85 Max: 78.09±4.26 M: 63.03±4.07 Train mse: 0.58±0.02 Test mse: 0.57±0.07
INFO - 08/27/24 17:14:30 - 0:03:22 - ./../emc_data/MVSA test
INFO - 08/27/24 17:14:30 - 0:03:23 - ./../emc_data/MVSA test
                                     noise_0 : M1: 76.22±1.18 M2: 63.33±1.64 Min: 51.33±1.35 Max: 88.23±1.07 M: 79.06±1.17 Train mse: 0.38±0.05 Test mse: 0.51±0.04
                                     noise_5 : M1: 71.25±1.54 M2: 47.48±1.73 Min: 33.80±2.12 Max: 84.93±1.11 M: 73.29±1.71 Train mse: 0.54±0.02 Test mse: 0.56±0.03
                                     noise_10: M1: 64.05±4.32 M2: 42.25±2.99 Min: 25.68±2.69 Max: 80.62±3.13 M: 66.30±1.69 Train mse: 0.58±0.02 Test mse: 0.56±0.07
INFO - 08/27/24 17:15:09 - 0:00:00 - batch_size: 512
                                     data_nums: 1,2,3,4,5,6,7,8,9,10
                                     dataset: MVSA
                                     device: cuda:0
                                     epochs: 2000
                                     gpu: 0
                                     lr: 0.0001
                                     model: WNet
                                     n_nodes: 100
                                     name: MVSA_Single_emc
                                     nlayers: 3
                                     noise: 0,5,10
                                     output_dir: ../emc_data
                                     path: ./../emc_data/MVSA
                                     seed: 42
                                     top_k_logits: 200
INFO - 08/27/24 17:15:09 - 0:00:00 - ./../emc_data/MVSA train
INFO - 08/27/24 17:30:02 - 0:14:53 - ./../emc_data/MVSA train
                                     noise_0 : M1: 95.30±4.49 M2: 96.92±2.03 Min: 92.42±5.76 Max: 99.79±0.26 M: 99.13±0.86 Train mse: 0.35±0.03 Test mse: 0.16±0.05
                                     noise_5 : M1: 85.73±3.95 M2: 65.13±1.87 Min: 55.37±3.44 Max: 95.49±1.90 M: 90.32±2.80 Train mse: 0.52±0.02 Test mse: 0.34±0.03
                                     noise_10: M1: 74.96±7.02 M2: 60.19±2.29 Min: 43.31±4.07 Max: 91.85±4.34 M: 84.87±3.33 Train mse: 0.57±0.03 Test mse: 0.33±0.02
INFO - 08/27/24 17:30:02 - 0:14:53 - ./../emc_data/MVSA dev
INFO - 08/27/24 17:30:03 - 0:14:53 - ./../emc_data/MVSA dev
                                     noise_0 : M1: 72.72±1.53 M2: 64.11±1.09 Min: 51.04±1.67 Max: 85.79±0.89 M: 75.50±1.22 Train mse: 0.40±0.06 Test mse: 0.55±0.06
                                     noise_5 : M1: 70.79±1.61 M2: 46.12±1.03 Min: 34.11±1.17 Max: 82.80±1.39 M: 72.08±2.37 Train mse: 0.57±0.05 Test mse: 0.59±0.06
                                     noise_10: M1: 61.85±6.45 M2: 42.08±1.42 Min: 25.85±2.85 Max: 78.09±4.26 M: 62.61±4.11 Train mse: 0.63±0.12 Test mse: 0.62±0.10
INFO - 08/27/24 17:30:03 - 0:14:53 - ./../emc_data/MVSA test
INFO - 08/27/24 17:30:03 - 0:14:54 - ./../emc_data/MVSA test
                                     noise_0 : M1: 76.22±1.18 M2: 63.33±1.64 Min: 51.33±1.35 Max: 88.23±1.07 M: 78.79±0.95 Train mse: 0.40±0.06 Test mse: 0.55±0.06
                                     noise_5 : M1: 71.25±1.54 M2: 47.48±1.73 Min: 33.80±2.12 Max: 84.93±1.11 M: 72.81±1.15 Train mse: 0.57±0.05 Test mse: 0.59±0.06
                                     noise_10: M1: 64.05±4.32 M2: 42.25±2.99 Min: 25.68±2.69 Max: 80.62±3.13 M: 65.38±2.30 Train mse: 0.63±0.12 Test mse: 0.61±0.10
INFO - 08/27/24 17:49:19 - 0:00:00 - batch_size: 512
                                     data_nums: 1,2,3,4,5,6,7,8,9,10
                                     dataset: MVSA
                                     device: cuda:0
                                     epochs: 2000
                                     gpu: 0
                                     lr: 0.0001
                                     model: WNet
                                     n_nodes: 100
                                     name: MVSA_Single_emc
                                     nlayers: 3
                                     noise: 0,5,10
                                     output_dir: ../emc_data
                                     path: ./../emc_data/MVSA
                                     seed: 42
                                     top_k_logits: 200
INFO - 08/27/24 17:49:19 - 0:00:00 - ./../emc_data/MVSA train
INFO - 08/27/24 18:04:28 - 0:15:09 - ./../emc_data/MVSA train
                                     noise_0 : M1: 95.30±4.49 M2: 96.92±2.03 Min: 92.42±5.76 Max: 99.79±0.26 M: 99.11±0.88 Train mse: 0.35±0.03 Test mse: 0.16±0.06
                                     noise_5 : M1: 85.73±3.95 M2: 65.13±1.87 Min: 55.37±3.44 Max: 95.49±1.90 M: 90.15±2.69 Train mse: 0.52±0.01 Test mse: 0.34±0.03
                                     noise_10: M1: 74.96±7.02 M2: 60.19±2.29 Min: 43.31±4.07 Max: 91.85±4.34 M: 84.89±3.32 Train mse: 0.57±0.03 Test mse: 0.33±0.02
INFO - 08/27/24 18:04:28 - 0:15:09 - ./../emc_data/MVSA dev
INFO - 08/27/24 18:04:28 - 0:15:09 - ./../emc_data/MVSA dev
                                     noise_0 : M1: 72.72±1.53 M2: 64.11±1.09 Min: 51.04±1.67 Max: 85.79±0.89 M: 75.95±1.28 Train mse: 0.37±0.05 Test mse: 0.49±0.02
                                     noise_5 : M1: 70.79±1.61 M2: 46.12±1.03 Min: 34.11±1.17 Max: 82.80±1.39 M: 72.63±2.09 Train mse: 0.53±0.01 Test mse: 0.55±0.03
                                     noise_10: M1: 61.85±6.45 M2: 42.08±1.42 Min: 25.85±2.85 Max: 78.09±4.26 M: 63.03±3.91 Train mse: 0.57±0.02 Test mse: 0.56±0.05
INFO - 08/27/24 18:04:28 - 0:15:09 - ./../emc_data/MVSA test
INFO - 08/27/24 18:04:29 - 0:15:10 - ./../emc_data/MVSA test
                                     noise_0 : M1: 76.22±1.18 M2: 63.33±1.64 Min: 51.33±1.35 Max: 88.23±1.07 M: 79.11±1.19 Train mse: 0.37±0.05 Test mse: 0.49±0.02
                                     noise_5 : M1: 71.25±1.54 M2: 47.48±1.73 Min: 33.80±2.12 Max: 84.93±1.11 M: 73.53±1.44 Train mse: 0.53±0.01 Test mse: 0.55±0.02
                                     noise_10: M1: 64.05±4.32 M2: 42.25±2.99 Min: 25.68±2.69 Max: 80.62±3.13 M: 66.01±1.34 Train mse: 0.57±0.02 Test mse: 0.55±0.05
INFO - 08/27/24 18:06:18 - 0:00:00 - batch_size: 512
                                     data_nums: 1,2,3,4,5,6,7,8,9,10
                                     dataset: MVSA
                                     device: cuda:0
                                     epochs: 2000
                                     gpu: 0
                                     lr: 0.0001
                                     model: WNet
                                     n_nodes: 100
                                     name: MVSA_Single_emc
                                     nlayers: 0
                                     noise: 0,5,10
                                     output_dir: ../emc_data
                                     path: ./../emc_data/MVSA
                                     seed: 42
                                     top_k_logits: 200
INFO - 08/27/24 18:06:18 - 0:00:00 - ./../emc_data/MVSA train
INFO - 08/27/24 18:19:02 - 0:12:44 - ./../emc_data/MVSA train
                                     noise_0 : M1: 95.30±4.49 M2: 96.92±2.03 Min: 92.42±5.76 Max: 99.79±0.26 M: 99.09±0.89 Train mse: 0.34±0.03 Test mse: 0.17±0.06
                                     noise_5 : M1: 85.73±3.95 M2: 65.13±1.87 Min: 55.37±3.44 Max: 95.49±1.90 M: 89.94±2.79 Train mse: 0.51±0.02 Test mse: 0.36±0.03
                                     noise_10: M1: 74.96±7.02 M2: 60.19±2.29 Min: 43.31±4.07 Max: 91.85±4.34 M: 84.07±3.40 Train mse: 0.56±0.03 Test mse: 0.35±0.02
INFO - 08/27/24 18:19:02 - 0:12:44 - ./../emc_data/MVSA dev
INFO - 08/27/24 18:19:03 - 0:12:44 - ./../emc_data/MVSA dev
                                     noise_0 : M1: 72.72±1.53 M2: 64.11±1.09 Min: 51.04±1.67 Max: 85.79±0.89 M: 75.95±1.28 Train mse: 0.36±0.05 Test mse: 0.49±0.02
                                     noise_5 : M1: 70.79±1.61 M2: 46.12±1.03 Min: 34.11±1.17 Max: 82.80±1.39 M: 72.51±1.87 Train mse: 0.52±0.01 Test mse: 0.54±0.03
                                     noise_10: M1: 61.85±6.45 M2: 42.08±1.42 Min: 25.85±2.85 Max: 78.09±4.26 M: 63.17±3.60 Train mse: 0.56±0.01 Test mse: 0.56±0.05
INFO - 08/27/24 18:19:03 - 0:12:45 - ./../emc_data/MVSA test
INFO - 08/27/24 18:19:03 - 0:12:45 - ./../emc_data/MVSA test
                                     noise_0 : M1: 76.22±1.18 M2: 63.33±1.64 Min: 51.33±1.35 Max: 88.23±1.07 M: 79.31±1.38 Train mse: 0.36±0.05 Test mse: 0.48±0.02
                                     noise_5 : M1: 71.25±1.54 M2: 47.48±1.73 Min: 33.80±2.12 Max: 84.93±1.11 M: 73.35±1.33 Train mse: 0.52±0.01 Test mse: 0.54±0.03
                                     noise_10: M1: 64.05±4.32 M2: 42.25±2.99 Min: 25.68±2.69 Max: 80.62±3.13 M: 66.30±1.72 Train mse: 0.56±0.01 Test mse: 0.55±0.06
INFO - 08/27/24 18:20:34 - 0:00:00 - batch_size: 512
                                     data_nums: 1,2,3,4,5,6,7,8,9,10
                                     dataset: MVSA
                                     device: cuda:0
                                     epochs: 2000
                                     gpu: 0
                                     lr: 0.0001
                                     model: WNet
                                     n_nodes: 100
                                     name: MVSA_Single_emc
                                     nlayers: 0
                                     noise: 0,5,10
                                     output_dir: ../emc_data
                                     path: ./../emc_data/MVSA
                                     seed: 42
                                     top_k_logits: 200
INFO - 08/27/24 18:20:34 - 0:00:00 - ./../emc_data/MVSA train
INFO - 08/27/24 18:20:34 - 0:00:00 - torch.Size([4146, 3])
INFO - 08/27/24 18:20:59 - 0:00:25 - torch.Size([4146, 3])
INFO - 08/27/24 18:21:23 - 0:00:50 - torch.Size([4146, 3])
INFO - 08/27/24 18:21:48 - 0:01:15 - torch.Size([4146, 3])
INFO - 08/27/24 18:22:13 - 0:01:40 - torch.Size([4146, 3])
INFO - 08/27/24 18:22:38 - 0:02:05 - torch.Size([4146, 3])
INFO - 08/27/24 18:23:03 - 0:02:29 - torch.Size([4146, 3])
INFO - 08/27/24 18:23:28 - 0:02:54 - torch.Size([4146, 3])
INFO - 08/27/24 18:23:52 - 0:03:19 - torch.Size([4146, 3])
INFO - 08/27/24 18:24:17 - 0:03:44 - torch.Size([4146, 3])
INFO - 08/27/24 18:24:42 - 0:04:09 - torch.Size([4146, 3])
INFO - 08/27/24 18:25:07 - 0:04:33 - torch.Size([4146, 3])
INFO - 08/27/24 18:25:32 - 0:04:58 - torch.Size([4146, 3])
INFO - 08/27/24 18:25:57 - 0:05:23 - torch.Size([4146, 3])
INFO - 08/27/24 18:26:22 - 0:05:48 - torch.Size([4146, 3])
INFO - 08/27/24 18:26:46 - 0:06:13 - torch.Size([4146, 3])
INFO - 08/27/24 18:27:11 - 0:06:38 - torch.Size([4146, 3])
INFO - 08/27/24 18:27:36 - 0:07:03 - torch.Size([4146, 3])
INFO - 08/27/24 18:28:01 - 0:07:28 - torch.Size([4146, 3])
INFO - 08/27/24 18:28:26 - 0:07:53 - torch.Size([4146, 3])
INFO - 08/27/24 18:28:51 - 0:08:17 - torch.Size([4146, 3])
INFO - 08/27/24 18:29:16 - 0:08:42 - torch.Size([4146, 3])
INFO - 08/27/24 18:29:41 - 0:09:07 - torch.Size([4146, 3])
INFO - 08/27/24 18:30:06 - 0:09:32 - torch.Size([4146, 3])
INFO - 08/27/24 18:30:31 - 0:09:57 - torch.Size([4146, 3])
INFO - 08/27/24 18:30:56 - 0:10:22 - torch.Size([4146, 3])
INFO - 08/27/24 18:31:21 - 0:10:47 - torch.Size([4146, 3])
INFO - 08/27/24 18:31:46 - 0:11:12 - torch.Size([4146, 3])
INFO - 08/27/24 18:32:11 - 0:11:37 - torch.Size([4146, 3])
INFO - 08/27/24 18:32:36 - 0:12:02 - torch.Size([4146, 3])
INFO - 08/27/24 18:33:01 - 0:12:27 - ./../emc_data/MVSA train
                                     noise_0 : M1: 95.30±4.49 M2: 96.92±2.03 Min: 92.42±5.76 Max: 99.79±0.26 M: 99.09±0.90 Train mse: 0.33±0.03 Test mse: 0.17±0.06
                                     noise_5 : M1: 85.73±3.95 M2: 65.13±1.87 Min: 55.37±3.44 Max: 95.49±1.90 M: 89.72±2.85 Train mse: 0.50±0.01 Test mse: 0.37±0.03
                                     noise_10: M1: 74.96±7.02 M2: 60.19±2.29 Min: 43.31±4.07 Max: 91.85±4.34 M: 83.19±3.41 Train mse: 0.53±0.03 Test mse: 0.38±0.02
INFO - 08/27/24 18:33:01 - 0:12:27 - ./../emc_data/MVSA dev
INFO - 08/27/24 18:33:01 - 0:12:28 - ./../emc_data/MVSA dev
                                     noise_0 : M1: 72.72±1.53 M2: 64.11±1.09 Min: 51.04±1.67 Max: 85.79±0.89 M: 76.22±1.48 Train mse: 0.41±0.05 Test mse: 0.45±0.00
                                     noise_5 : M1: 70.79±1.61 M2: 46.12±1.03 Min: 34.11±1.17 Max: 82.80±1.39 M: 72.78±1.95 Train mse: 0.52±0.01 Test mse: 0.47±0.02
                                     noise_10: M1: 61.85±6.45 M2: 42.08±1.42 Min: 25.85±2.85 Max: 78.09±4.26 M: 63.32±3.65 Train mse: 0.55±0.02 Test mse: 0.48±0.04
INFO - 08/27/24 18:33:01 - 0:12:28 - ./../emc_data/MVSA test
INFO - 08/27/24 18:33:02 - 0:12:28 - ./../emc_data/MVSA test
                                     noise_0 : M1: 76.22±1.18 M2: 63.33±1.64 Min: 51.33±1.35 Max: 88.23±1.07 M: 79.11±1.47 Train mse: 0.41±0.05 Test mse: 0.45±0.01
                                     noise_5 : M1: 71.25±1.54 M2: 47.48±1.73 Min: 33.80±2.12 Max: 84.93±1.11 M: 73.51±1.51 Train mse: 0.52±0.01 Test mse: 0.47±0.02
                                     noise_10: M1: 64.05±4.32 M2: 42.25±2.99 Min: 25.68±2.69 Max: 80.62±3.13 M: 66.59±1.33 Train mse: 0.55±0.02 Test mse: 0.47±0.04
INFO - 08/27/24 18:35:30 - 0:00:00 - batch_size: 512
                                     data_nums: 1,2,3,4,5,6,7,8,9,10
                                     dataset: MVSA
                                     device: cuda:0
                                     epochs: 2000
                                     gpu: 0
                                     lr: 0.0001
                                     model: WNet
                                     n_nodes: 100
                                     name: MVSA_Single_emc
                                     nlayers: 0
                                     noise: 0,5,10
                                     output_dir: ../emc_data
                                     path: ./../emc_data/MVSA
                                     seed: 42
                                     top_k_logits: 200
INFO - 08/27/24 18:35:30 - 0:00:00 - ./../emc_data/MVSA train
INFO - 08/27/24 18:35:31 - 0:00:00 - torch.Size([4146, 3])
INFO - 08/27/24 18:36:33 - 0:00:00 - batch_size: 512
                                     data_nums: 1,2,3,4,5,6,7,8,9,10
                                     dataset: MVSA
                                     device: cuda:0
                                     epochs: 2000
                                     gpu: 0
                                     lr: 0.0001
                                     model: WNet
                                     n_nodes: 100
                                     name: MVSA_Single_emc
                                     nlayers: 0
                                     noise: 0,5,10
                                     output_dir: ../emc_data
                                     path: ./../emc_data/MVSA
                                     seed: 42
                                     top_k_logits: 200
INFO - 08/27/24 18:36:33 - 0:00:00 - ./../emc_data/MVSA train
INFO - 08/27/24 18:37:02 - 0:00:00 - batch_size: 512
                                     data_nums: 1,2,3,4,5,6,7,8,9,10
                                     dataset: MVSA
                                     device: cuda:0
                                     epochs: 2000
                                     gpu: 0
                                     lr: 0.0001
                                     model: WNet
                                     n_nodes: 100
                                     name: MVSA_Single_emc
                                     nlayers: 0
                                     noise: 0,5,10
                                     output_dir: ../emc_data
                                     path: ./../emc_data/MVSA
                                     seed: 42
                                     top_k_logits: 200
INFO - 08/27/24 18:37:02 - 0:00:00 - ./../emc_data/MVSA train
INFO - 08/27/24 18:37:02 - 0:00:00 - Trian data: torch.Size([2, 2073, 3])
INFO - 08/27/24 18:37:40 - 0:00:00 - batch_size: 512
                                     data_nums: 1,2,3,4,5,6,7,8,9,10
                                     dataset: MVSA
                                     device: cuda:0
                                     epochs: 2000
                                     gpu: 0
                                     lr: 0.0001
                                     model: WNet
                                     n_nodes: 100
                                     name: MVSA_Single_emc
                                     nlayers: 0
                                     noise: 0,5,10
                                     output_dir: ../emc_data
                                     path: ./../emc_data/MVSA
                                     seed: 42
                                     top_k_logits: 200
INFO - 08/27/24 18:37:40 - 0:00:00 - ./../emc_data/MVSA train
INFO - 08/27/24 18:37:40 - 0:00:00 - Trian data: torch.Size([2, 2073, 3])
INFO - 08/27/24 18:41:46 - 0:04:06 - Trian data: torch.Size([2, 2073, 3])
INFO - 08/27/24 18:45:53 - 0:08:13 - Trian data: torch.Size([2, 2073, 3])
INFO - 08/27/24 18:50:01 - 0:12:21 - ./../emc_data/MVSA train
                                     noise_0 : M1: 95.30±4.49 M2: 96.92±2.03 Min: 92.42±5.76 Max: 99.79±0.26 M: 99.06±0.95 Train mse: 2.75±0.53 Test mse: 2.77±0.56
                                     noise_5 : M1: 85.73±3.95 M2: 65.13±1.87 Min: 55.37±3.44 Max: 95.49±1.90 M: 88.50±3.12 Train mse: 1.52±0.38 Test mse: 1.33±0.36
                                     noise_10: M1: 74.96±7.02 M2: 60.19±2.29 Min: 43.31±4.07 Max: 91.85±4.34 M: 80.94±5.04 Train mse: 1.66±0.63 Test mse: 1.44±0.64
INFO - 08/27/24 18:50:01 - 0:12:21 - ./../emc_data/MVSA dev
INFO - 08/27/24 18:50:01 - 0:12:21 - Trian data: torch.Size([2, 2073, 3])
INFO - 08/27/24 18:50:01 - 0:12:21 - Trian data: torch.Size([2, 2073, 3])
INFO - 08/27/24 18:50:01 - 0:12:21 - Trian data: torch.Size([2, 2073, 3])
INFO - 08/27/24 18:50:01 - 0:12:21 - ./../emc_data/MVSA dev
                                     noise_0 : M1: 72.72±1.53 M2: 64.11±1.09 Min: 51.04±1.67 Max: 85.79±0.89 M: 72.97±2.11 Train mse: 2.11±0.56 Test mse: 1.89±0.50
                                     noise_5 : M1: 70.79±1.61 M2: 46.12±1.03 Min: 34.11±1.17 Max: 82.80±1.39 M: 69.46±2.35 Train mse: 2.10±0.55 Test mse: 1.83±0.50
                                     noise_10: M1: 61.85±6.45 M2: 42.08±1.42 Min: 25.85±2.85 Max: 78.09±4.26 M: 59.38±4.82 Train mse: 1.96±0.40 Test mse: 1.63±0.35
INFO - 08/27/24 18:50:01 - 0:12:21 - ./../emc_data/MVSA test
INFO - 08/27/24 18:50:01 - 0:12:21 - Trian data: torch.Size([2, 2073, 3])
INFO - 08/27/24 18:50:01 - 0:12:21 - Trian data: torch.Size([2, 2073, 3])
INFO - 08/27/24 18:50:02 - 0:12:22 - Trian data: torch.Size([2, 2073, 3])
INFO - 08/27/24 18:50:02 - 0:12:22 - ./../emc_data/MVSA test
                                     noise_0 : M1: 76.22±1.18 M2: 63.33±1.64 Min: 51.33±1.35 Max: 88.23±1.07 M: 75.01±1.72 Train mse: 2.11±0.56 Test mse: 1.87±0.50
                                     noise_5 : M1: 71.25±1.54 M2: 47.48±1.73 Min: 33.80±2.12 Max: 84.93±1.11 M: 69.96±2.60 Train mse: 2.10±0.55 Test mse: 1.78±0.48
                                     noise_10: M1: 64.05±4.32 M2: 42.25±2.99 Min: 25.68±2.69 Max: 80.62±3.13 M: 62.60±2.56 Train mse: 1.96±0.40 Test mse: 1.63±0.37
INFO - 08/27/24 18:50:16 - 0:00:00 - batch_size: 512
                                     data_nums: 1,2,3,4,5,6,7,8,9,10
                                     dataset: MVSA
                                     device: cuda:0
                                     epochs: 2000
                                     gpu: 0
                                     lr: 0.0001
                                     model: WNet
                                     n_nodes: 100
                                     name: MVSA_Single_emc
                                     nlayers: 0
                                     noise: 0,5,10
                                     output_dir: ../emc_data
                                     path: ./../emc_data/MVSA
                                     seed: 42
                                     top_k_logits: 200
INFO - 08/27/24 18:50:16 - 0:00:00 - ./../emc_data/MVSA train
INFO - 08/27/24 18:50:16 - 0:00:00 - Trian data: torch.Size([2, 2073, 3])
INFO - 08/27/24 18:54:20 - 0:04:04 - Trian data: torch.Size([2, 2073, 3])
INFO - 08/27/24 18:58:24 - 0:08:08 - Trian data: torch.Size([2, 2073, 3])
INFO - 08/27/24 19:02:29 - 0:12:13 - ./../emc_data/MVSA train
                                     noise_0 : M1: 95.30±4.49 M2: 96.92±2.03 Min: 92.42±5.76 Max: 99.79±0.26 M: 99.10±0.94 Train mse: 2.75±0.53 Test mse: 0.58±0.03
                                     noise_5 : M1: 85.73±3.95 M2: 65.13±1.87 Min: 55.37±3.44 Max: 95.49±1.90 M: 89.76±2.84 Train mse: 1.52±0.38 Test mse: 0.49±0.01
                                     noise_10: M1: 74.96±7.02 M2: 60.19±2.29 Min: 43.31±4.07 Max: 91.85±4.34 M: 83.53±3.44 Train mse: 1.66±0.63 Test mse: 0.47±0.01
INFO - 08/27/24 19:02:29 - 0:12:13 - ./../emc_data/MVSA dev
INFO - 08/27/24 19:02:29 - 0:12:13 - Trian data: torch.Size([2, 2073, 3])
INFO - 08/27/24 19:02:30 - 0:12:13 - Trian data: torch.Size([2, 2073, 3])
INFO - 08/27/24 19:02:30 - 0:12:13 - Trian data: torch.Size([2, 2073, 3])
INFO - 08/27/24 19:02:30 - 0:12:14 - ./../emc_data/MVSA dev
                                     noise_0 : M1: 72.72±1.53 M2: 64.11±1.09 Min: 51.04±1.67 Max: 85.79±0.89 M: 76.06±1.47 Train mse: 2.11±0.56 Test mse: 0.57±0.02
                                     noise_5 : M1: 70.79±1.61 M2: 46.12±1.03 Min: 34.11±1.17 Max: 82.80±1.39 M: 72.43±2.13 Train mse: 2.10±0.55 Test mse: 0.52±0.01
                                     noise_10: M1: 61.85±6.45 M2: 42.08±1.42 Min: 25.85±2.85 Max: 78.09±4.26 M: 63.20±3.63 Train mse: 1.96±0.40 Test mse: 0.52±0.03
INFO - 08/27/24 19:02:30 - 0:12:14 - ./../emc_data/MVSA test
INFO - 08/27/24 19:02:30 - 0:12:14 - Trian data: torch.Size([2, 2073, 3])
INFO - 08/27/24 19:02:30 - 0:12:14 - Trian data: torch.Size([2, 2073, 3])
INFO - 08/27/24 19:02:30 - 0:12:14 - Trian data: torch.Size([2, 2073, 3])
INFO - 08/27/24 19:02:30 - 0:12:14 - ./../emc_data/MVSA test
                                     noise_0 : M1: 76.22±1.18 M2: 63.33±1.64 Min: 51.33±1.35 Max: 88.23±1.07 M: 78.79±1.52 Train mse: 2.11±0.56 Test mse: 0.56±0.02
                                     noise_5 : M1: 71.25±1.54 M2: 47.48±1.73 Min: 33.80±2.12 Max: 84.93±1.11 M: 73.20±1.55 Train mse: 2.10±0.55 Test mse: 0.52±0.02
                                     noise_10: M1: 64.05±4.32 M2: 42.25±2.99 Min: 25.68±2.69 Max: 80.62±3.13 M: 66.20±1.55 Train mse: 1.96±0.40 Test mse: 0.51±0.03
INFO - 08/27/24 19:05:08 - 0:00:00 - batch_size: 512
                                     data_nums: 1,2,3,4,5,6,7,8,9,10
                                     dataset: MVSA
                                     device: cuda:0
                                     epochs: 1000
                                     gpu: 0
                                     lr: 5e-05
                                     model: WNet
                                     n_nodes: 100
                                     name: MVSA_Single_emc
                                     nlayers: 0
                                     noise: 0,5,10
                                     output_dir: ../emc_data
                                     path: ./../emc_data/MVSA
                                     seed: 42
                                     top_k_logits: 200
INFO - 08/27/24 19:05:08 - 0:00:00 - ./../emc_data/MVSA train
INFO - 08/27/24 19:05:08 - 0:00:00 - Trian data: torch.Size([2, 2073, 3])
INFO - 08/27/24 19:07:17 - 0:02:09 - Trian data: torch.Size([2, 2073, 3])
INFO - 08/27/24 19:09:25 - 0:04:17 - Trian data: torch.Size([2, 2073, 3])
INFO - 08/27/24 19:11:33 - 0:06:25 - ./../emc_data/MVSA train
                                     noise_0 : M1: 95.30±4.49 M2: 96.92±2.03 Min: 92.42±5.76 Max: 99.79±0.26 M: 99.08±0.92 Train mse: 0.34±0.03 Test mse: 0.17±0.06
                                     noise_5 : M1: 85.73±3.95 M2: 65.13±1.87 Min: 55.37±3.44 Max: 95.49±1.90 M: 89.82±2.80 Train mse: 0.51±0.02 Test mse: 0.36±0.03
                                     noise_10: M1: 74.96±7.02 M2: 60.19±2.29 Min: 43.31±4.07 Max: 91.85±4.34 M: 83.70±3.49 Train mse: 0.55±0.03 Test mse: 0.36±0.02
INFO - 08/27/24 19:11:33 - 0:06:25 - ./../emc_data/MVSA dev
INFO - 08/27/24 19:11:33 - 0:06:25 - Trian data: torch.Size([2, 2073, 3])
INFO - 08/27/24 19:11:33 - 0:06:25 - Trian data: torch.Size([2, 2073, 3])
INFO - 08/27/24 19:11:33 - 0:06:25 - Trian data: torch.Size([2, 2073, 3])
INFO - 08/27/24 19:11:33 - 0:06:25 - ./../emc_data/MVSA dev
                                     noise_0 : M1: 72.72±1.53 M2: 64.11±1.09 Min: 51.04±1.67 Max: 85.79±0.89 M: 76.10±1.34 Train mse: 0.38±0.05 Test mse: 0.46±0.01
                                     noise_5 : M1: 70.79±1.61 M2: 46.12±1.03 Min: 34.11±1.17 Max: 82.80±1.39 M: 72.74±1.89 Train mse: 0.52±0.01 Test mse: 0.49±0.02
                                     noise_10: M1: 61.85±6.45 M2: 42.08±1.42 Min: 25.85±2.85 Max: 78.09±4.26 M: 63.38±3.48 Train mse: 0.55±0.01 Test mse: 0.50±0.04
INFO - 08/27/24 19:11:33 - 0:06:25 - ./../emc_data/MVSA test
INFO - 08/27/24 19:11:33 - 0:06:25 - Trian data: torch.Size([2, 2073, 3])
INFO - 08/27/24 19:11:33 - 0:06:25 - Trian data: torch.Size([2, 2073, 3])
INFO - 08/27/24 19:11:34 - 0:06:26 - Trian data: torch.Size([2, 2073, 3])
INFO - 08/27/24 19:11:34 - 0:06:26 - ./../emc_data/MVSA test
                                     noise_0 : M1: 76.22±1.18 M2: 63.33±1.64 Min: 51.33±1.35 Max: 88.23±1.07 M: 79.15±1.48 Train mse: 0.38±0.05 Test mse: 0.45±0.01
                                     noise_5 : M1: 71.25±1.54 M2: 47.48±1.73 Min: 33.80±2.12 Max: 84.93±1.11 M: 73.49±1.41 Train mse: 0.52±0.01 Test mse: 0.49±0.02
                                     noise_10: M1: 64.05±4.32 M2: 42.25±2.99 Min: 25.68±2.69 Max: 80.62±3.13 M: 66.57±1.58 Train mse: 0.55±0.01 Test mse: 0.49±0.05
INFO - 08/27/24 19:12:08 - 0:00:00 - batch_size: 512
                                     data_nums: 1,2,3,4,5,6,7,8,9,10
                                     dataset: MVSA
                                     device: cuda:0
                                     epochs: 1000
                                     gpu: 0
                                     lr: 5e-05
                                     model: WNet
                                     n_nodes: 100
                                     name: MVSA_Single_emc
                                     nlayers: 0
                                     noise: 0,5,10
                                     output_dir: ../emc_data
                                     path: ./../emc_data/MVSA
                                     seed: 42
                                     top_k_logits: 200
INFO - 08/27/24 19:12:08 - 0:00:00 - ./../emc_data/MVSA train
INFO - 08/27/24 19:12:08 - 0:00:00 - Trian data: torch.Size([2, 2073, 3])
INFO - 08/27/24 19:14:19 - 0:02:11 - Trian data: torch.Size([2, 2073, 3])
INFO - 08/27/24 19:16:30 - 0:04:22 - Trian data: torch.Size([2, 2073, 3])
INFO - 08/27/24 19:18:41 - 0:06:33 - ./../emc_data/MVSA train
                                     noise_0 : M1: 95.30±4.49 M2: 96.92±2.03 Min: 92.42±5.76 Max: 99.79±0.26 M: 99.09±0.90 Train mse: 0.34±0.03 Test mse: 0.17±0.06
                                     noise_5 : M1: 85.73±3.95 M2: 65.13±1.87 Min: 55.37±3.44 Max: 95.49±1.90 M: 89.83±2.84 Train mse: 0.51±0.01 Test mse: 0.36±0.03
                                     noise_10: M1: 74.96±7.02 M2: 60.19±2.29 Min: 43.31±4.07 Max: 91.85±4.34 M: 83.86±3.44 Train mse: 0.55±0.03 Test mse: 0.36±0.02
INFO - 08/27/24 19:18:41 - 0:06:33 - ./../emc_data/MVSA dev
INFO - 08/27/24 19:18:41 - 0:06:33 - Trian data: torch.Size([2, 2073, 3])
INFO - 08/27/24 19:18:41 - 0:06:33 - Trian data: torch.Size([2, 2073, 3])
INFO - 08/27/24 19:18:41 - 0:06:33 - Trian data: torch.Size([2, 2073, 3])
INFO - 08/27/24 19:18:42 - 0:06:33 - ./../emc_data/MVSA dev
                                     noise_0 : M1: 72.72±1.53 M2: 64.11±1.09 Min: 51.04±1.67 Max: 85.79±0.89 M: 76.08±1.30 Train mse: 0.38±0.04 Test mse: 0.47±0.02
                                     noise_5 : M1: 70.79±1.61 M2: 46.12±1.03 Min: 34.11±1.17 Max: 82.80±1.39 M: 72.64±1.89 Train mse: 0.52±0.01 Test mse: 0.51±0.03
                                     noise_10: M1: 61.85±6.45 M2: 42.08±1.42 Min: 25.85±2.85 Max: 78.09±4.26 M: 63.24±3.46 Train mse: 0.56±0.02 Test mse: 0.52±0.05
INFO - 08/27/24 19:18:42 - 0:06:33 - ./../emc_data/MVSA test
INFO - 08/27/24 19:18:42 - 0:06:33 - Trian data: torch.Size([2, 2073, 3])
INFO - 08/27/24 19:18:42 - 0:06:34 - Trian data: torch.Size([2, 2073, 3])
INFO - 08/27/24 19:18:42 - 0:06:34 - Trian data: torch.Size([2, 2073, 3])
INFO - 08/27/24 19:18:42 - 0:06:34 - ./../emc_data/MVSA test
                                     noise_0 : M1: 76.22±1.18 M2: 63.33±1.64 Min: 51.33±1.35 Max: 88.23±1.07 M: 79.19±1.09 Train mse: 0.38±0.04 Test mse: 0.46±0.02
                                     noise_5 : M1: 71.25±1.54 M2: 47.48±1.73 Min: 33.80±2.12 Max: 84.93±1.11 M: 73.41±1.38 Train mse: 0.52±0.01 Test mse: 0.51±0.03
                                     noise_10: M1: 64.05±4.32 M2: 42.25±2.99 Min: 25.68±2.69 Max: 80.62±3.13 M: 66.40±1.59 Train mse: 0.56±0.02 Test mse: 0.51±0.05
INFO - 08/27/24 19:19:05 - 0:00:00 - batch_size: 128
                                     data_nums: 1,2,3,4,5,6,7,8,9,10
                                     dataset: MVSA
                                     device: cuda:0
                                     epochs: 1000
                                     gpu: 0
                                     lr: 5e-05
                                     model: WNet
                                     n_nodes: 100
                                     name: MVSA_Single_emc
                                     nlayers: 0
                                     noise: 0,5,10
                                     output_dir: ../emc_data
                                     path: ./../emc_data/MVSA
                                     seed: 42
                                     top_k_logits: 200
INFO - 08/27/24 19:19:05 - 0:00:00 - ./../emc_data/MVSA train
INFO - 08/27/24 19:19:05 - 0:00:00 - Trian data: torch.Size([2, 2073, 3])
INFO - 08/27/24 19:22:13 - 0:03:08 - Trian data: torch.Size([2, 2073, 3])
INFO - 08/27/24 19:25:21 - 0:06:16 - Trian data: torch.Size([2, 2073, 3])
INFO - 08/27/24 19:28:30 - 0:09:25 - ./../emc_data/MVSA train
                                     noise_0 : M1: 95.30±4.49 M2: 96.92±2.03 Min: 92.42±5.76 Max: 99.79±0.26 M: 99.11±0.87 Train mse: 0.34±0.03 Test mse: 0.17±0.06
                                     noise_5 : M1: 85.73±3.95 M2: 65.13±1.87 Min: 55.37±3.44 Max: 95.49±1.90 M: 89.88±2.85 Train mse: 0.51±0.01 Test mse: 0.36±0.03
                                     noise_10: M1: 74.96±7.02 M2: 60.19±2.29 Min: 43.31±4.07 Max: 91.85±4.34 M: 84.10±3.36 Train mse: 0.56±0.03 Test mse: 0.35±0.02
INFO - 08/27/24 19:28:30 - 0:09:25 - ./../emc_data/MVSA dev
INFO - 08/27/24 19:28:30 - 0:09:25 - Trian data: torch.Size([2, 2073, 3])
INFO - 08/27/24 19:28:30 - 0:09:25 - Trian data: torch.Size([2, 2073, 3])
INFO - 08/27/24 19:28:30 - 0:09:25 - Trian data: torch.Size([2, 2073, 3])
INFO - 08/27/24 19:28:30 - 0:09:25 - ./../emc_data/MVSA dev
                                     noise_0 : M1: 72.72±1.53 M2: 64.11±1.09 Min: 51.04±1.67 Max: 85.79±0.89 M: 76.12±1.32 Train mse: 0.37±0.04 Test mse: 0.47±0.02
                                     noise_5 : M1: 70.79±1.61 M2: 46.12±1.03 Min: 34.11±1.17 Max: 82.80±1.39 M: 72.76±1.96 Train mse: 0.52±0.01 Test mse: 0.51±0.03
                                     noise_10: M1: 61.85±6.45 M2: 42.08±1.42 Min: 25.85±2.85 Max: 78.09±4.26 M: 63.40±3.52 Train mse: 0.56±0.02 Test mse: 0.52±0.05
INFO - 08/27/24 19:28:30 - 0:09:25 - ./../emc_data/MVSA test
INFO - 08/27/24 19:28:30 - 0:09:25 - Trian data: torch.Size([2, 2073, 3])
INFO - 08/27/24 19:28:30 - 0:09:25 - Trian data: torch.Size([2, 2073, 3])
INFO - 08/27/24 19:28:31 - 0:09:25 - Trian data: torch.Size([2, 2073, 3])
INFO - 08/27/24 19:28:31 - 0:09:25 - ./../emc_data/MVSA test
                                     noise_0 : M1: 76.22±1.18 M2: 63.33±1.64 Min: 51.33±1.35 Max: 88.23±1.07 M: 79.25±1.21 Train mse: 0.37±0.04 Test mse: 0.47±0.02
                                     noise_5 : M1: 71.25±1.54 M2: 47.48±1.73 Min: 33.80±2.12 Max: 84.93±1.11 M: 73.53±1.70 Train mse: 0.52±0.01 Test mse: 0.51±0.03
                                     noise_10: M1: 64.05±4.32 M2: 42.25±2.99 Min: 25.68±2.69 Max: 80.62±3.13 M: 66.34±1.58 Train mse: 0.56±0.02 Test mse: 0.51±0.05
INFO - 08/27/24 19:29:32 - 0:00:00 - batch_size: 128
                                     data_nums: 1,2,3,4,5,6,7,8,9,10
                                     dataset: MVSA
                                     device: cuda:0
                                     epochs: 1000
                                     gpu: 0
                                     lr: 5e-05
                                     model: WNet
                                     n_nodes: 1000
                                     name: MVSA_Single_emc
                                     nlayers: 1
                                     noise: 0,5,10
                                     output_dir: ../emc_data
                                     path: ./../emc_data/MVSA
                                     seed: 42
                                     top_k_logits: 200
INFO - 08/27/24 19:29:32 - 0:00:00 - ./../emc_data/MVSA train
INFO - 08/27/24 19:29:32 - 0:00:00 - Trian data: torch.Size([2, 2073, 3])
INFO - 08/27/24 19:33:04 - 0:03:32 - Trian data: torch.Size([2, 2073, 3])
INFO - 08/27/24 19:36:35 - 0:07:02 - Trian data: torch.Size([2, 2073, 3])
INFO - 08/27/24 19:40:06 - 0:10:34 - ./../emc_data/MVSA train
                                     noise_0 : M1: 95.30±4.49 M2: 96.92±2.03 Min: 92.42±5.76 Max: 99.79±0.26 M: 99.14±0.83 Train mse: 0.36±0.03 Test mse: 0.15±0.05
                                     noise_5 : M1: 85.73±3.95 M2: 65.13±1.87 Min: 55.37±3.44 Max: 95.49±1.90 M: 90.53±2.62 Train mse: 0.52±0.02 Test mse: 0.33±0.03
                                     noise_10: M1: 74.96±7.02 M2: 60.19±2.29 Min: 43.31±4.07 Max: 91.85±4.34 M: 84.76±3.36 Train mse: 0.57±0.02 Test mse: 0.33±0.02
INFO - 08/27/24 19:40:06 - 0:10:34 - ./../emc_data/MVSA dev
INFO - 08/27/24 19:40:06 - 0:10:34 - Trian data: torch.Size([2, 2073, 3])
INFO - 08/27/24 19:40:07 - 0:10:34 - Trian data: torch.Size([2, 2073, 3])
INFO - 08/27/24 19:40:07 - 0:10:35 - Trian data: torch.Size([2, 2073, 3])
INFO - 08/27/24 19:40:07 - 0:10:35 - ./../emc_data/MVSA dev
                                     noise_0 : M1: 72.72±1.53 M2: 64.11±1.09 Min: 51.04±1.67 Max: 85.79±0.89 M: 75.48±1.07 Train mse: 0.41±0.06 Test mse: 0.54±0.06
                                     noise_5 : M1: 70.79±1.61 M2: 46.12±1.03 Min: 34.11±1.17 Max: 82.80±1.39 M: 72.20±2.32 Train mse: 0.58±0.05 Test mse: 0.59±0.05
                                     noise_10: M1: 61.85±6.45 M2: 42.08±1.42 Min: 25.85±2.85 Max: 78.09±4.26 M: 62.59±4.15 Train mse: 0.63±0.11 Test mse: 0.61±0.09
INFO - 08/27/24 19:40:07 - 0:10:35 - ./../emc_data/MVSA test
INFO - 08/27/24 19:40:07 - 0:10:35 - Trian data: torch.Size([2, 2073, 3])
INFO - 08/27/24 19:40:08 - 0:10:35 - Trian data: torch.Size([2, 2073, 3])
INFO - 08/27/24 19:40:08 - 0:10:36 - Trian data: torch.Size([2, 2073, 3])
INFO - 08/27/24 19:40:08 - 0:10:36 - ./../emc_data/MVSA test
                                     noise_0 : M1: 76.22±1.18 M2: 63.33±1.64 Min: 51.33±1.35 Max: 88.23±1.07 M: 78.69±0.87 Train mse: 0.41±0.06 Test mse: 0.55±0.06
                                     noise_5 : M1: 71.25±1.54 M2: 47.48±1.73 Min: 33.80±2.12 Max: 84.93±1.11 M: 72.74±1.07 Train mse: 0.58±0.05 Test mse: 0.59±0.05
                                     noise_10: M1: 64.05±4.32 M2: 42.25±2.99 Min: 25.68±2.69 Max: 80.62±3.13 M: 65.57±2.39 Train mse: 0.63±0.11 Test mse: 0.60±0.09
INFO - 08/27/24 19:45:44 - 0:00:00 - batch_size: 512
                                     data_nums: 1,2,3,4,5,6,7,8,9,10
                                     dataset: MVSA
                                     device: cuda:0
                                     epochs: 100
                                     gpu: 0
                                     lr: 5e-05
                                     model: Linear
                                     n_nodes: 100
                                     name: MVSA_Single_emc
                                     nlayers: 0
                                     noise: 0,5,10
                                     output_dir: ../emc_data
                                     path: ./../emc_data/MVSA
                                     seed: 42
                                     top_k_logits: 200
INFO - 08/27/24 19:45:44 - 0:00:00 - ./../emc_data/MVSA train
INFO - 08/27/24 19:45:44 - 0:00:00 - Trian data: torch.Size([2, 2073, 3])
INFO - 08/27/24 19:45:56 - 0:00:00 - batch_size: 512
                                     data_nums: 1,2,3,4,5,6,7,8,9,10
                                     dataset: MVSA
                                     device: cuda:0
                                     epochs: 100
                                     gpu: 0
                                     lr: 5e-05
                                     model: Linear
                                     n_nodes: 100
                                     name: MVSA_Single_emc
                                     nlayers: 0
                                     noise: 0,5,10
                                     output_dir: ../emc_data
                                     path: ./../emc_data/MVSA
                                     seed: 42
                                     top_k_logits: 200
INFO - 08/27/24 19:45:56 - 0:00:00 - ./../emc_data/MVSA train
INFO - 08/27/24 19:45:56 - 0:00:00 - Trian data: torch.Size([2, 2073, 3])
INFO - 08/27/24 19:45:56 - 0:00:00 - Trian data: torch.Size([2, 2073, 3])
INFO - 08/27/24 19:45:56 - 0:00:00 - Trian data: torch.Size([2, 2073, 3])
INFO - 08/27/24 19:45:56 - 0:00:00 - ./../emc_data/MVSA train
                                     noise_0 : M1: 95.30±4.49 M2: 96.92±2.03 Min: 92.42±5.76 Max: 99.79±0.26 M: 99.07±0.94 Train mse: 0.33±0.03 Test mse: 0.18±0.08
                                     noise_5 : M1: 85.73±3.95 M2: 65.13±1.87 Min: 55.37±3.44 Max: 95.49±1.90 M: 89.40±3.01 Train mse: 0.48±0.04 Test mse: 0.45±0.04
                                     noise_10: M1: 74.96±7.02 M2: 60.19±2.29 Min: 43.31±4.07 Max: 91.85±4.34 M: 84.77±1.86 Train mse: 0.50±0.05 Test mse: 0.46±0.05
INFO - 08/27/24 19:45:56 - 0:00:00 - ./../emc_data/MVSA dev
INFO - 08/27/24 19:45:56 - 0:00:00 - Trian data: torch.Size([2, 2073, 3])
INFO - 08/27/24 19:45:56 - 0:00:00 - Trian data: torch.Size([2, 2073, 3])
INFO - 08/27/24 19:45:56 - 0:00:00 - Trian data: torch.Size([2, 2073, 3])
INFO - 08/27/24 19:45:56 - 0:00:00 - ./../emc_data/MVSA dev
                                     noise_0 : M1: 72.72±1.53 M2: 64.11±1.09 Min: 51.04±1.67 Max: 85.79±0.89 M: 73.90±1.85 Train mse: 0.40±0.08 Test mse: 0.56±0.01
                                     noise_5 : M1: 70.79±1.61 M2: 46.12±1.03 Min: 34.11±1.17 Max: 82.80±1.39 M: 71.04±1.84 Train mse: 0.50±0.04 Test mse: 0.58±0.03
                                     noise_10: M1: 61.85±6.45 M2: 42.08±1.42 Min: 25.85±2.85 Max: 78.09±4.26 M: 65.15±2.65 Train mse: 0.52±0.05 Test mse: 0.60±0.06
INFO - 08/27/24 19:45:56 - 0:00:00 - ./../emc_data/MVSA test
INFO - 08/27/24 19:45:56 - 0:00:00 - Trian data: torch.Size([2, 2073, 3])
INFO - 08/27/24 19:45:56 - 0:00:00 - Trian data: torch.Size([2, 2073, 3])
INFO - 08/27/24 19:45:56 - 0:00:00 - Trian data: torch.Size([2, 2073, 3])
INFO - 08/27/24 19:45:56 - 0:00:00 - ./../emc_data/MVSA test
                                     noise_0 : M1: 76.22±1.18 M2: 63.33±1.64 Min: 51.33±1.35 Max: 88.23±1.07 M: 76.15±1.31 Train mse: 0.40±0.08 Test mse: 0.56±0.01
                                     noise_5 : M1: 71.25±1.54 M2: 47.48±1.73 Min: 33.80±2.12 Max: 84.93±1.11 M: 71.71±1.29 Train mse: 0.50±0.04 Test mse: 0.58±0.02
                                     noise_10: M1: 64.05±4.32 M2: 42.25±2.99 Min: 25.68±2.69 Max: 80.62±3.13 M: 66.51±1.09 Train mse: 0.52±0.05 Test mse: 0.59±0.05
INFO - 08/27/24 19:46:32 - 0:00:00 - batch_size: 512
                                     data_nums: 1,2,3,4,5,6,7,8,9,10
                                     dataset: MVSA
                                     device: cuda:0
                                     epochs: 100
                                     gpu: 0
                                     lr: 5e-05
                                     model: Linear
                                     n_nodes: 100
                                     name: MVSA_Single_emc
                                     nlayers: 0
                                     noise: 0,5,10
                                     output_dir: ../emc_data
                                     path: ./../emc_data/MVSA
                                     seed: 42
                                     top_k_logits: 200
INFO - 08/27/24 19:46:32 - 0:00:00 - ./../emc_data/MVSA train
INFO - 08/27/24 19:46:32 - 0:00:00 - Trian data: torch.Size([2, 2073, 3])
INFO - 08/27/24 19:47:06 - 0:00:00 - batch_size: 512
                                     data_nums: 1,2,3,4,5,6,7,8,9,10
                                     dataset: MVSA
                                     device: cuda:0
                                     epochs: 100
                                     gpu: 0
                                     lr: 5e-05
                                     model: Linear
                                     n_nodes: 100
                                     name: MVSA_Single_emc
                                     nlayers: 0
                                     noise: 0,5,10
                                     output_dir: ../emc_data
                                     path: ./../emc_data/MVSA
                                     seed: 42
                                     top_k_logits: 200
INFO - 08/27/24 19:47:06 - 0:00:00 - ./../emc_data/MVSA train
INFO - 08/27/24 19:47:06 - 0:00:00 - Trian data: torch.Size([2, 2073, 3])
INFO - 08/27/24 19:47:33 - 0:00:00 - batch_size: 512
                                     data_nums: 1,2,3,4,5,6,7,8,9,10
                                     dataset: MVSA
                                     device: cuda:0
                                     epochs: 100
                                     gpu: 0
                                     lr: 5e-05
                                     model: Linear
                                     n_nodes: 100
                                     name: MVSA_Single_emc
                                     nlayers: 0
                                     noise: 0,5,10
                                     output_dir: ../emc_data
                                     path: ./../emc_data/MVSA
                                     seed: 42
                                     top_k_logits: 200
INFO - 08/27/24 19:47:33 - 0:00:00 - ./../emc_data/MVSA train
INFO - 08/27/24 19:47:33 - 0:00:00 - Trian data: torch.Size([2, 2073, 3])
INFO - 08/27/24 19:47:33 - 0:00:00 - Trian data: torch.Size([2, 2073, 3])
INFO - 08/27/24 19:47:33 - 0:00:00 - Trian data: torch.Size([2, 2073, 3])
INFO - 08/27/24 19:47:33 - 0:00:00 - ./../emc_data/MVSA train
                                     noise_0 : M1: 95.30±4.49 M2: 96.92±2.03 Min: 92.42±5.76 Max: 99.79±0.26 M: 99.09±0.92 Train mse: 0.33±0.03 Test mse: 0.66±0.01
                                     noise_5 : M1: 85.73±3.95 M2: 65.13±1.87 Min: 55.37±3.44 Max: 95.49±1.90 M: 89.85±2.77 Train mse: 0.48±0.04 Test mse: 0.59±0.01
                                     noise_10: M1: 74.96±7.02 M2: 60.19±2.29 Min: 43.31±4.07 Max: 91.85±4.34 M: 83.36±3.44 Train mse: 0.50±0.05 Test mse: 0.59±0.01
INFO - 08/27/24 19:47:33 - 0:00:00 - ./../emc_data/MVSA dev
INFO - 08/27/24 19:47:33 - 0:00:00 - Trian data: torch.Size([2, 2073, 3])
INFO - 08/27/24 19:47:33 - 0:00:00 - Trian data: torch.Size([2, 2073, 3])
INFO - 08/27/24 19:47:33 - 0:00:00 - Trian data: torch.Size([2, 2073, 3])
INFO - 08/27/24 19:47:33 - 0:00:00 - ./../emc_data/MVSA dev
                                     noise_0 : M1: 72.72±1.53 M2: 64.11±1.09 Min: 51.04±1.67 Max: 85.79±0.89 M: 76.12±1.39 Train mse: 0.40±0.08 Test mse: 0.59±0.02
                                     noise_5 : M1: 70.79±1.61 M2: 46.12±1.03 Min: 34.11±1.17 Max: 82.80±1.39 M: 72.72±1.90 Train mse: 0.50±0.04 Test mse: 0.59±0.02
                                     noise_10: M1: 61.85±6.45 M2: 42.08±1.42 Min: 25.85±2.85 Max: 78.09±4.26 M: 63.34±3.59 Train mse: 0.52±0.05 Test mse: 0.57±0.02
INFO - 08/27/24 19:47:33 - 0:00:00 - ./../emc_data/MVSA test
INFO - 08/27/24 19:47:33 - 0:00:00 - Trian data: torch.Size([2, 2073, 3])
INFO - 08/27/24 19:47:33 - 0:00:00 - Trian data: torch.Size([2, 2073, 3])
INFO - 08/27/24 19:47:33 - 0:00:00 - Trian data: torch.Size([2, 2073, 3])
INFO - 08/27/24 19:47:33 - 0:00:00 - ./../emc_data/MVSA test
                                     noise_0 : M1: 76.22±1.18 M2: 63.33±1.64 Min: 51.33±1.35 Max: 88.23±1.07 M: 79.08±1.50 Train mse: 0.40±0.08 Test mse: 0.60±0.02
                                     noise_5 : M1: 71.25±1.54 M2: 47.48±1.73 Min: 33.80±2.12 Max: 84.93±1.11 M: 73.51±1.66 Train mse: 0.50±0.04 Test mse: 0.59±0.02
                                     noise_10: M1: 64.05±4.32 M2: 42.25±2.99 Min: 25.68±2.69 Max: 80.62±3.13 M: 66.42±1.38 Train mse: 0.52±0.05 Test mse: 0.58±0.02
INFO - 08/27/24 19:48:12 - 0:00:00 - batch_size: 512
                                     data_nums: 1,2,3,4,5,6,7,8,9,10
                                     dataset: MVSA
                                     device: cuda:0
                                     epochs: 100
                                     gpu: 0
                                     lr: 5e-05
                                     model: Linear
                                     n_nodes: 100
                                     name: MVSA_Single_emc
                                     nlayers: 0
                                     noise: 0,5,10
                                     output_dir: ../emc_data
                                     path: ./../emc_data/MVSA
                                     seed: 42
                                     top_k_logits: 200
INFO - 08/27/24 19:48:12 - 0:00:00 - ./../emc_data/MVSA train
INFO - 08/27/24 19:48:12 - 0:00:00 - Trian data: torch.Size([2, 2073, 3])
INFO - 08/27/24 19:48:12 - 0:00:00 - Trian data: torch.Size([2, 2073, 3])
INFO - 08/27/24 19:48:12 - 0:00:00 - Trian data: torch.Size([2, 2073, 3])
INFO - 08/27/24 19:48:12 - 0:00:00 - ./../emc_data/MVSA train
                                     noise_0 : M1: 95.30±4.49 M2: 96.92±2.03 Min: 92.42±5.76 Max: 99.79±0.26 M: 99.07±0.91 Train mse: 0.29±0.03 Test mse: 0.50±0.00
                                     noise_5 : M1: 85.73±3.95 M2: 65.13±1.87 Min: 55.37±3.44 Max: 95.49±1.90 M: 89.66±2.88 Train mse: 0.40±0.02 Test mse: 0.48±0.01
                                     noise_10: M1: 74.96±7.02 M2: 60.19±2.29 Min: 43.31±4.07 Max: 91.85±4.34 M: 82.91±3.57 Train mse: 0.41±0.02 Test mse: 0.47±0.01
INFO - 08/27/24 19:48:12 - 0:00:00 - ./../emc_data/MVSA dev
INFO - 08/27/24 19:48:12 - 0:00:00 - Trian data: torch.Size([2, 2073, 3])
INFO - 08/27/24 19:48:12 - 0:00:00 - Trian data: torch.Size([2, 2073, 3])
INFO - 08/27/24 19:48:12 - 0:00:00 - Trian data: torch.Size([2, 2073, 3])
INFO - 08/27/24 19:48:12 - 0:00:00 - ./../emc_data/MVSA dev
                                     noise_0 : M1: 72.72±1.53 M2: 64.11±1.09 Min: 51.04±1.67 Max: 85.79±0.89 M: 76.24±1.42 Train mse: 0.37±0.05 Test mse: 0.49±0.00
                                     noise_5 : M1: 70.79±1.61 M2: 46.12±1.03 Min: 34.11±1.17 Max: 82.80±1.39 M: 72.76±1.81 Train mse: 0.41±0.02 Test mse: 0.48±0.01
                                     noise_10: M1: 61.85±6.45 M2: 42.08±1.42 Min: 25.85±2.85 Max: 78.09±4.26 M: 63.61±3.63 Train mse: 0.43±0.02 Test mse: 0.48±0.01
INFO - 08/27/24 19:48:12 - 0:00:00 - ./../emc_data/MVSA test
INFO - 08/27/24 19:48:12 - 0:00:00 - Trian data: torch.Size([2, 2073, 3])
INFO - 08/27/24 19:48:12 - 0:00:00 - Trian data: torch.Size([2, 2073, 3])
INFO - 08/27/24 19:48:12 - 0:00:00 - Trian data: torch.Size([2, 2073, 3])
INFO - 08/27/24 19:48:12 - 0:00:00 - ./../emc_data/MVSA test
                                     noise_0 : M1: 76.22±1.18 M2: 63.33±1.64 Min: 51.33±1.35 Max: 88.23±1.07 M: 79.42±1.51 Train mse: 0.37±0.05 Test mse: 0.49±0.00
                                     noise_5 : M1: 71.25±1.54 M2: 47.48±1.73 Min: 33.80±2.12 Max: 84.93±1.11 M: 73.78±1.59 Train mse: 0.41±0.02 Test mse: 0.48±0.01
                                     noise_10: M1: 64.05±4.32 M2: 42.25±2.99 Min: 25.68±2.69 Max: 80.62±3.13 M: 66.92±1.19 Train mse: 0.43±0.02 Test mse: 0.48±0.01
INFO - 08/27/24 19:48:24 - 0:00:00 - batch_size: 512
                                     data_nums: 1,2,3,4,5,6,7,8,9,10
                                     dataset: MVSA
                                     device: cuda:0
                                     epochs: 100
                                     gpu: 0
                                     lr: 5e-05
                                     model: Linear
                                     n_nodes: 100
                                     name: MVSA_Single_emc
                                     nlayers: 0
                                     noise: 0,5,10
                                     output_dir: ../emc_data
                                     path: ./../emc_data/MVSA
                                     seed: 42
                                     top_k_logits: 200
INFO - 08/27/24 19:48:24 - 0:00:00 - ./../emc_data/MVSA train
INFO - 08/27/24 19:48:24 - 0:00:00 - Trian data: torch.Size([2, 2073, 3])
INFO - 08/27/24 19:48:24 - 0:00:00 - Trian data: torch.Size([2, 2073, 3])
INFO - 08/27/24 19:48:24 - 0:00:00 - Trian data: torch.Size([2, 2073, 3])
INFO - 08/27/24 19:48:25 - 0:00:00 - ./../emc_data/MVSA train
                                     noise_0 : M1: 95.30±4.49 M2: 96.92±2.03 Min: 92.42±5.76 Max: 99.79±0.26 M: 99.07±0.91 Train mse: 0.29±0.03 Test mse: 0.50±0.00
                                     noise_5 : M1: 85.73±3.95 M2: 65.13±1.87 Min: 55.37±3.44 Max: 95.49±1.90 M: 89.66±2.88 Train mse: 0.40±0.02 Test mse: 0.48±0.01
                                     noise_10: M1: 74.96±7.02 M2: 60.19±2.29 Min: 43.31±4.07 Max: 91.85±4.34 M: 82.91±3.57 Train mse: 0.41±0.02 Test mse: 0.47±0.01
INFO - 08/27/24 19:48:25 - 0:00:00 - ./../emc_data/MVSA dev
INFO - 08/27/24 19:48:25 - 0:00:00 - Trian data: torch.Size([2, 2073, 3])
INFO - 08/27/24 19:48:25 - 0:00:00 - Trian data: torch.Size([2, 2073, 3])
INFO - 08/27/24 19:48:25 - 0:00:00 - Trian data: torch.Size([2, 2073, 3])
INFO - 08/27/24 19:48:25 - 0:00:00 - ./../emc_data/MVSA dev
                                     noise_0 : M1: 72.72±1.53 M2: 64.11±1.09 Min: 51.04±1.67 Max: 85.79±0.89 M: 76.24±1.42 Train mse: 0.37±0.05 Test mse: 0.49±0.00
                                     noise_5 : M1: 70.79±1.61 M2: 46.12±1.03 Min: 34.11±1.17 Max: 82.80±1.39 M: 72.76±1.81 Train mse: 0.41±0.02 Test mse: 0.48±0.01
                                     noise_10: M1: 61.85±6.45 M2: 42.08±1.42 Min: 25.85±2.85 Max: 78.09±4.26 M: 63.61±3.63 Train mse: 0.43±0.02 Test mse: 0.48±0.01
INFO - 08/27/24 19:48:25 - 0:00:00 - ./../emc_data/MVSA test
INFO - 08/27/24 19:48:25 - 0:00:00 - Trian data: torch.Size([2, 2073, 3])
INFO - 08/27/24 19:48:25 - 0:00:00 - Trian data: torch.Size([2, 2073, 3])
INFO - 08/27/24 19:48:25 - 0:00:00 - Trian data: torch.Size([2, 2073, 3])
INFO - 08/27/24 19:48:25 - 0:00:00 - ./../emc_data/MVSA test
                                     noise_0 : M1: 76.22±1.18 M2: 63.33±1.64 Min: 51.33±1.35 Max: 88.23±1.07 M: 79.42±1.51 Train mse: 0.37±0.05 Test mse: 0.49±0.00
                                     noise_5 : M1: 71.25±1.54 M2: 47.48±1.73 Min: 33.80±2.12 Max: 84.93±1.11 M: 73.78±1.59 Train mse: 0.41±0.02 Test mse: 0.48±0.01
                                     noise_10: M1: 64.05±4.32 M2: 42.25±2.99 Min: 25.68±2.69 Max: 80.62±3.13 M: 66.92±1.19 Train mse: 0.43±0.02 Test mse: 0.48±0.01
INFO - 08/27/24 19:49:13 - 0:00:00 - batch_size: 512
                                     data_nums: 1,2,3,4,5,6,7,8,9,10
                                     dataset: MVSA
                                     device: cuda:0
                                     epochs: 100
                                     gpu: 0
                                     lr: 5e-05
                                     model: Linear
                                     n_nodes: 100
                                     name: MVSA_Single_emc
                                     nlayers: 0
                                     noise: 0,5,10
                                     output_dir: ../emc_data
                                     path: ./../emc_data/MVSA
                                     seed: 42
                                     top_k_logits: 200
INFO - 08/27/24 19:49:13 - 0:00:00 - ./../emc_data/MVSA train
INFO - 08/27/24 19:49:13 - 0:00:00 - Trian data: torch.Size([2, 2073, 3])
INFO - 08/27/24 19:49:13 - 0:00:00 - Trian data: torch.Size([2, 2073, 3])
INFO - 08/27/24 19:49:13 - 0:00:00 - Trian data: torch.Size([2, 2073, 3])
INFO - 08/27/24 19:49:13 - 0:00:00 - ./../emc_data/MVSA train
                                     noise_0 : M1: 95.30±4.49 M2: 96.92±2.03 Min: 92.42±5.76 Max: 99.79±0.26 M: 99.09±0.89 Train mse: 0.29±0.03 Test mse: 0.19±0.06
                                     noise_5 : M1: 85.73±3.95 M2: 65.13±1.87 Min: 55.37±3.44 Max: 95.49±1.90 M: 89.73±2.82 Train mse: 0.40±0.02 Test mse: 0.37±0.02
                                     noise_10: M1: 74.96±7.02 M2: 60.19±2.29 Min: 43.31±4.07 Max: 91.85±4.34 M: 83.08±3.42 Train mse: 0.41±0.02 Test mse: 0.39±0.02
INFO - 08/27/24 19:49:13 - 0:00:00 - ./../emc_data/MVSA dev
INFO - 08/27/24 19:49:13 - 0:00:00 - Trian data: torch.Size([2, 2073, 3])
INFO - 08/27/24 19:49:13 - 0:00:00 - Trian data: torch.Size([2, 2073, 3])
INFO - 08/27/24 19:49:13 - 0:00:00 - Trian data: torch.Size([2, 2073, 3])
INFO - 08/27/24 19:49:13 - 0:00:00 - ./../emc_data/MVSA dev
                                     noise_0 : M1: 72.72±1.53 M2: 64.11±1.09 Min: 51.04±1.67 Max: 85.79±0.89 M: 76.08±1.55 Train mse: 0.37±0.05 Test mse: 0.45±0.01
                                     noise_5 : M1: 70.79±1.61 M2: 46.12±1.03 Min: 34.11±1.17 Max: 82.80±1.39 M: 72.66±1.85 Train mse: 0.41±0.02 Test mse: 0.46±0.01
                                     noise_10: M1: 61.85±6.45 M2: 42.08±1.42 Min: 25.85±2.85 Max: 78.09±4.26 M: 63.63±3.80 Train mse: 0.43±0.02 Test mse: 0.47±0.02
INFO - 08/27/24 19:49:13 - 0:00:00 - ./../emc_data/MVSA test
INFO - 08/27/24 19:49:13 - 0:00:00 - Trian data: torch.Size([2, 2073, 3])
INFO - 08/27/24 19:49:13 - 0:00:00 - Trian data: torch.Size([2, 2073, 3])
INFO - 08/27/24 19:49:13 - 0:00:00 - Trian data: torch.Size([2, 2073, 3])
INFO - 08/27/24 19:49:13 - 0:00:00 - ./../emc_data/MVSA test
                                     noise_0 : M1: 76.22±1.18 M2: 63.33±1.64 Min: 51.33±1.35 Max: 88.23±1.07 M: 79.38±1.40 Train mse: 0.37±0.05 Test mse: 0.45±0.01
                                     noise_5 : M1: 71.25±1.54 M2: 47.48±1.73 Min: 33.80±2.12 Max: 84.93±1.11 M: 73.87±1.61 Train mse: 0.41±0.02 Test mse: 0.46±0.01
                                     noise_10: M1: 64.05±4.32 M2: 42.25±2.99 Min: 25.68±2.69 Max: 80.62±3.13 M: 66.86±1.36 Train mse: 0.43±0.02 Test mse: 0.46±0.02
INFO - 08/27/24 19:49:28 - 0:00:00 - batch_size: 512
                                     data_nums: 1,2,3,4,5,6,7,8,9,10
                                     dataset: MVSA
                                     device: cuda:0
                                     epochs: 100
                                     gpu: 0
                                     lr: 5e-05
                                     model: Linear
                                     n_nodes: 100
                                     name: MVSA_Single_emc
                                     nlayers: 0
                                     noise: 0,5,10
                                     output_dir: ../emc_data
                                     path: ./../emc_data/MVSA
                                     seed: 42
                                     top_k_logits: 200
INFO - 08/27/24 19:49:28 - 0:00:00 - ./../emc_data/MVSA train
INFO - 08/27/24 19:49:28 - 0:00:00 - Trian data: torch.Size([2, 2073, 3])
INFO - 08/27/24 19:49:28 - 0:00:00 - Trian data: torch.Size([2, 2073, 3])
INFO - 08/27/24 19:49:28 - 0:00:00 - Trian data: torch.Size([2, 2073, 3])
INFO - 08/27/24 19:49:28 - 0:00:00 - ./../emc_data/MVSA train
                                     noise_0 : M1: 95.30±4.49 M2: 96.92±2.03 Min: 92.42±5.76 Max: 99.79±0.26 M: 99.09±0.89 Train mse: 0.29±0.03 Test mse: 0.19±0.06
                                     noise_5 : M1: 85.73±3.95 M2: 65.13±1.87 Min: 55.37±3.44 Max: 95.49±1.90 M: 89.73±2.82 Train mse: 0.40±0.02 Test mse: 0.37±0.02
                                     noise_10: M1: 74.96±7.02 M2: 60.19±2.29 Min: 43.31±4.07 Max: 91.85±4.34 M: 83.08±3.42 Train mse: 0.41±0.02 Test mse: 0.39±0.02
INFO - 08/27/24 19:49:28 - 0:00:00 - ./../emc_data/MVSA dev
INFO - 08/27/24 19:49:28 - 0:00:00 - Trian data: torch.Size([2, 2073, 3])
INFO - 08/27/24 19:49:28 - 0:00:00 - Trian data: torch.Size([2, 2073, 3])
INFO - 08/27/24 19:49:28 - 0:00:00 - Trian data: torch.Size([2, 2073, 3])
INFO - 08/27/24 19:49:28 - 0:00:00 - ./../emc_data/MVSA dev
                                     noise_0 : M1: 72.72±1.53 M2: 64.11±1.09 Min: 51.04±1.67 Max: 85.79±0.89 M: 76.08±1.55 Train mse: 0.37±0.05 Test mse: 0.45±0.01
                                     noise_5 : M1: 70.79±1.61 M2: 46.12±1.03 Min: 34.11±1.17 Max: 82.80±1.39 M: 72.66±1.85 Train mse: 0.41±0.02 Test mse: 0.46±0.01
                                     noise_10: M1: 61.85±6.45 M2: 42.08±1.42 Min: 25.85±2.85 Max: 78.09±4.26 M: 63.63±3.80 Train mse: 0.43±0.02 Test mse: 0.47±0.02
INFO - 08/27/24 19:49:28 - 0:00:00 - ./../emc_data/MVSA test
INFO - 08/27/24 19:49:28 - 0:00:00 - Trian data: torch.Size([2, 2073, 3])
INFO - 08/27/24 19:49:28 - 0:00:00 - Trian data: torch.Size([2, 2073, 3])
INFO - 08/27/24 19:49:28 - 0:00:00 - Trian data: torch.Size([2, 2073, 3])
INFO - 08/27/24 19:49:28 - 0:00:00 - ./../emc_data/MVSA test
                                     noise_0 : M1: 76.22±1.18 M2: 63.33±1.64 Min: 51.33±1.35 Max: 88.23±1.07 M: 79.38±1.40 Train mse: 0.37±0.05 Test mse: 0.45±0.01
                                     noise_5 : M1: 71.25±1.54 M2: 47.48±1.73 Min: 33.80±2.12 Max: 84.93±1.11 M: 73.87±1.61 Train mse: 0.41±0.02 Test mse: 0.46±0.01
                                     noise_10: M1: 64.05±4.32 M2: 42.25±2.99 Min: 25.68±2.69 Max: 80.62±3.13 M: 66.86±1.36 Train mse: 0.43±0.02 Test mse: 0.46±0.02
INFO - 08/27/24 19:55:36 - 0:00:00 - batch_size: 512
                                     data_nums: 1,2,3,4,5,6,7,8,9,10
                                     dataset: MVSA
                                     device: cuda:0
                                     epochs: 100
                                     gpu: 0
                                     lr: 5e-05
                                     model: Linear
                                     n_nodes: 100
                                     name: MVSA_Single_emc
                                     nlayers: 0
                                     noise: 0,5,10
                                     output_dir: ../emc_data
                                     path: ./../emc_data/MVSA
                                     seed: 42
                                     top_k_logits: 200
INFO - 08/27/24 19:55:36 - 0:00:00 - ./../emc_data/MVSA train
INFO - 08/27/24 19:55:36 - 0:00:00 - Trian data: torch.Size([2, 2073, 3])
INFO - 08/27/24 19:55:36 - 0:00:00 - Trian data: torch.Size([2, 2073, 3])
INFO - 08/27/24 19:55:36 - 0:00:00 - Trian data: torch.Size([2, 2073, 3])
INFO - 08/27/24 19:55:36 - 0:00:00 - ./../emc_data/MVSA train
                                     noise_0 : M1: 95.30±4.49 M2: 96.92±2.03 Min: 92.42±5.76 Max: 99.79±0.26 M: 99.09±0.89 Train mse: 0.29±0.03 Test mse: 0.19±0.06
                                     noise_5 : M1: 85.73±3.95 M2: 65.13±1.87 Min: 55.37±3.44 Max: 95.49±1.90 M: 89.73±2.82 Train mse: 0.40±0.02 Test mse: 0.37±0.02
                                     noise_10: M1: 74.96±7.02 M2: 60.19±2.29 Min: 43.31±4.07 Max: 91.85±4.34 M: 83.08±3.42 Train mse: 0.41±0.02 Test mse: 0.39±0.02
INFO - 08/27/24 19:55:36 - 0:00:00 - ./../emc_data/MVSA dev
INFO - 08/27/24 19:55:36 - 0:00:00 - Trian data: torch.Size([2, 2073, 3])
INFO - 08/27/24 19:55:36 - 0:00:00 - Trian data: torch.Size([2, 2073, 3])
INFO - 08/27/24 19:55:36 - 0:00:00 - Trian data: torch.Size([2, 2073, 3])
INFO - 08/27/24 19:55:36 - 0:00:00 - ./../emc_data/MVSA dev
                                     noise_0 : M1: 72.72±1.53 M2: 64.11±1.09 Min: 51.04±1.67 Max: 85.79±0.89 M: 76.08±1.55 Train mse: 0.37±0.05 Test mse: 0.45±0.01
                                     noise_5 : M1: 70.79±1.61 M2: 46.12±1.03 Min: 34.11±1.17 Max: 82.80±1.39 M: 72.66±1.85 Train mse: 0.41±0.02 Test mse: 0.46±0.01
                                     noise_10: M1: 61.85±6.45 M2: 42.08±1.42 Min: 25.85±2.85 Max: 78.09±4.26 M: 63.63±3.80 Train mse: 0.43±0.02 Test mse: 0.47±0.02
INFO - 08/27/24 19:55:36 - 0:00:00 - ./../emc_data/MVSA test
INFO - 08/27/24 19:55:36 - 0:00:00 - Trian data: torch.Size([2, 2073, 3])
INFO - 08/27/24 19:55:36 - 0:00:00 - Trian data: torch.Size([2, 2073, 3])
INFO - 08/27/24 19:55:36 - 0:00:00 - Trian data: torch.Size([2, 2073, 3])
INFO - 08/27/24 19:55:36 - 0:00:00 - ./../emc_data/MVSA test
                                     noise_0 : M1: 76.22±1.18 M2: 63.33±1.64 Min: 51.33±1.35 Max: 88.23±1.07 M: 79.38±1.40 Train mse: 0.37±0.05 Test mse: 0.45±0.01
                                     noise_5 : M1: 71.25±1.54 M2: 47.48±1.73 Min: 33.80±2.12 Max: 84.93±1.11 M: 73.87±1.61 Train mse: 0.41±0.02 Test mse: 0.46±0.01
                                     noise_10: M1: 64.05±4.32 M2: 42.25±2.99 Min: 25.68±2.69 Max: 80.62±3.13 M: 66.86±1.36 Train mse: 0.43±0.02 Test mse: 0.46±0.02
INFO - 08/27/24 19:56:03 - 0:00:00 - batch_size: 512
                                     data_nums: 1,2,3,4,5,6,7,8,9,10
                                     dataset: MVSA
                                     device: cuda:0
                                     epochs: 100
                                     gpu: 0
                                     lr: 5e-05
                                     model: Linear
                                     n_nodes: 100
                                     name: MVSA_Single_emc
                                     nlayers: 0
                                     noise: 0,5,10
                                     output_dir: ../emc_data
                                     path: ./../emc_data/MVSA
                                     seed: 42
                                     top_k_logits: 200
INFO - 08/27/24 19:56:03 - 0:00:00 - ./../emc_data/MVSA train
INFO - 08/27/24 19:56:03 - 0:00:00 - Trian data: torch.Size([2, 2073, 3])
INFO - 08/27/24 19:56:03 - 0:00:00 - Trian data: torch.Size([2, 2073, 3])
INFO - 08/27/24 19:56:03 - 0:00:00 - Trian data: torch.Size([2, 2073, 3])
INFO - 08/27/24 19:56:03 - 0:00:00 - ./../emc_data/MVSA train
                                     noise_0 : M1: 95.30±4.49 M2: 96.92±2.03 Min: 92.42±5.76 Max: 99.79±0.26 M: 99.09±0.89 Train mse: 0.29±0.03 Test mse: 0.19±0.06
                                     noise_5 : M1: 85.73±3.95 M2: 65.13±1.87 Min: 55.37±3.44 Max: 95.49±1.90 M: 89.73±2.82 Train mse: 0.40±0.02 Test mse: 0.37±0.02
                                     noise_10: M1: 74.96±7.02 M2: 60.19±2.29 Min: 43.31±4.07 Max: 91.85±4.34 M: 83.08±3.42 Train mse: 0.41±0.02 Test mse: 0.39±0.02
INFO - 08/27/24 19:56:03 - 0:00:00 - ./../emc_data/MVSA dev
INFO - 08/27/24 19:56:03 - 0:00:00 - Trian data: torch.Size([2, 2073, 3])
INFO - 08/27/24 19:56:03 - 0:00:00 - Trian data: torch.Size([2, 2073, 3])
INFO - 08/27/24 19:56:03 - 0:00:00 - Trian data: torch.Size([2, 2073, 3])
INFO - 08/27/24 19:56:03 - 0:00:00 - ./../emc_data/MVSA dev
                                     noise_0 : M1: 72.72±1.53 M2: 64.11±1.09 Min: 51.04±1.67 Max: 85.79±0.89 M: 76.20±1.35 Train mse: 0.29±0.03 Test mse: 0.47±0.00
                                     noise_5 : M1: 70.79±1.61 M2: 46.12±1.03 Min: 34.11±1.17 Max: 82.80±1.39 M: 72.74±1.96 Train mse: 0.40±0.02 Test mse: 0.46±0.01
                                     noise_10: M1: 61.85±6.45 M2: 42.08±1.42 Min: 25.85±2.85 Max: 78.09±4.26 M: 63.76±3.76 Train mse: 0.41±0.02 Test mse: 0.47±0.02
INFO - 08/27/24 19:56:03 - 0:00:00 - ./../emc_data/MVSA test
INFO - 08/27/24 19:56:03 - 0:00:00 - Trian data: torch.Size([2, 2073, 3])
INFO - 08/27/24 19:56:03 - 0:00:00 - Trian data: torch.Size([2, 2073, 3])
INFO - 08/27/24 19:56:03 - 0:00:00 - Trian data: torch.Size([2, 2073, 3])
INFO - 08/27/24 19:56:03 - 0:00:00 - ./../emc_data/MVSA test
                                     noise_0 : M1: 76.22±1.18 M2: 63.33±1.64 Min: 51.33±1.35 Max: 88.23±1.07 M: 79.46±1.53 Train mse: 0.29±0.03 Test mse: 0.46±0.01
                                     noise_5 : M1: 71.25±1.54 M2: 47.48±1.73 Min: 33.80±2.12 Max: 84.93±1.11 M: 73.99±1.58 Train mse: 0.40±0.02 Test mse: 0.45±0.01
                                     noise_10: M1: 64.05±4.32 M2: 42.25±2.99 Min: 25.68±2.69 Max: 80.62±3.13 M: 67.13±1.16 Train mse: 0.41±0.02 Test mse: 0.45±0.02
INFO - 08/27/24 19:57:38 - 0:00:00 - batch_size: 512
                                     data_nums: 1,2,3,4,5,6,7,8,9,10
                                     dataset: MVSA
                                     device: cuda:0
                                     epochs: 100
                                     gpu: 0
                                     lr: 5e-05
                                     model: Linear
                                     n_nodes: 100
                                     name: MVSA_Single_emc
                                     nlayers: 0
                                     noise: 0,5,10
                                     output_dir: ../emc_data
                                     path: ./../emc_data/MVSA
                                     seed: 42
                                     top_k_logits: 200
INFO - 08/27/24 19:57:38 - 0:00:00 - ./../emc_data/MVSA train
INFO - 08/27/24 19:57:38 - 0:00:00 - Trian data: torch.Size([2, 2073, 3])
INFO - 08/27/24 19:57:38 - 0:00:00 - Trian data: torch.Size([2, 2073, 3])
INFO - 08/27/24 19:57:38 - 0:00:00 - Trian data: torch.Size([2, 2073, 3])
INFO - 08/27/24 19:57:38 - 0:00:00 - ./../emc_data/MVSA train
                                     noise_0 : M1: 95.30±4.49 M2: 96.92±2.03 Min: 92.42±5.76 Max: 99.79±0.26 M: 99.09±0.89 Train mse: 0.29±0.03 Test mse: 0.19±0.06
                                     noise_5 : M1: 85.73±3.95 M2: 65.13±1.87 Min: 55.37±3.44 Max: 95.49±1.90 M: 89.73±2.82 Train mse: 0.40±0.02 Test mse: 0.37±0.02
                                     noise_10: M1: 74.96±7.02 M2: 60.19±2.29 Min: 43.31±4.07 Max: 91.85±4.34 M: 83.08±3.42 Train mse: 0.41±0.02 Test mse: 0.39±0.02
INFO - 08/27/24 19:57:38 - 0:00:00 - ./../emc_data/MVSA dev
INFO - 08/27/24 19:57:38 - 0:00:00 - Trian data: torch.Size([2, 2073, 3])
INFO - 08/27/24 19:57:38 - 0:00:00 - Trian data: torch.Size([2, 2073, 3])
INFO - 08/27/24 19:57:38 - 0:00:00 - Trian data: torch.Size([2, 2073, 3])
INFO - 08/27/24 19:57:38 - 0:00:00 - ./../emc_data/MVSA dev
                                     noise_0 : M1: 72.72±1.53 M2: 64.11±1.09 Min: 51.04±1.67 Max: 85.79±0.89 M: 76.20±1.35 Train mse: 0.29±0.03 Test mse: 0.47±0.00
                                     noise_5 : M1: 70.79±1.61 M2: 46.12±1.03 Min: 34.11±1.17 Max: 82.80±1.39 M: 72.74±1.96 Train mse: 0.40±0.02 Test mse: 0.46±0.01
                                     noise_10: M1: 61.85±6.45 M2: 42.08±1.42 Min: 25.85±2.85 Max: 78.09±4.26 M: 63.76±3.76 Train mse: 0.41±0.02 Test mse: 0.47±0.02
INFO - 08/27/24 19:57:38 - 0:00:00 - ./../emc_data/MVSA test
INFO - 08/27/24 19:57:38 - 0:00:00 - Trian data: torch.Size([2, 2073, 3])
INFO - 08/27/24 19:57:38 - 0:00:00 - Trian data: torch.Size([2, 2073, 3])
INFO - 08/27/24 19:57:38 - 0:00:00 - Trian data: torch.Size([2, 2073, 3])
INFO - 08/27/24 19:57:38 - 0:00:00 - ./../emc_data/MVSA test
                                     noise_0 : M1: 76.22±1.18 M2: 63.33±1.64 Min: 51.33±1.35 Max: 88.23±1.07 M: 79.46±1.53 Train mse: 0.29±0.03 Test mse: 0.46±0.01
                                     noise_5 : M1: 71.25±1.54 M2: 47.48±1.73 Min: 33.80±2.12 Max: 84.93±1.11 M: 73.99±1.58 Train mse: 0.40±0.02 Test mse: 0.45±0.01
                                     noise_10: M1: 64.05±4.32 M2: 42.25±2.99 Min: 25.68±2.69 Max: 80.62±3.13 M: 67.13±1.16 Train mse: 0.41±0.02 Test mse: 0.45±0.02
INFO - 08/27/24 20:02:27 - 0:00:00 - batch_size: 512
                                     data_nums: 1,2,3,4,5,6,7,8,9,10
                                     dataset: MVSA
                                     device: cuda:0
                                     epochs: 100
                                     gpu: 0
                                     lr: 5e-05
                                     model: Linear
                                     n_nodes: 100
                                     name: MVSA_Single_emc
                                     nlayers: 0
                                     noise: 0,5,10
                                     output_dir: ../emc_data
                                     path: ./../emc_data/MVSA
                                     seed: 42
                                     top_k_logits: 200
INFO - 08/27/24 20:02:27 - 0:00:00 - ./../emc_data/MVSA train
INFO - 08/27/24 20:02:27 - 0:00:00 - Trian data: torch.Size([2, 2073, 3])
INFO - 08/27/24 20:02:27 - 0:00:00 - Trian data: torch.Size([2, 2073, 3])
INFO - 08/27/24 20:02:28 - 0:00:00 - Trian data: torch.Size([2, 2073, 3])
INFO - 08/27/24 20:02:28 - 0:00:00 - ./../emc_data/MVSA train
                                     noise_0 : M1: 95.30±4.49 M2: 96.92±2.03 Min: 92.42±5.76 Max: 99.79±0.26 M: 99.09±0.89 Train mse: 0.29±0.03 Test mse: 0.19±0.06
                                     noise_5 : M1: 85.73±3.95 M2: 65.13±1.87 Min: 55.37±3.44 Max: 95.49±1.90 M: 89.73±2.82 Train mse: 0.40±0.02 Test mse: 0.37±0.02
                                     noise_10: M1: 74.96±7.02 M2: 60.19±2.29 Min: 43.31±4.07 Max: 91.85±4.34 M: 83.08±3.42 Train mse: 0.41±0.02 Test mse: 0.39±0.02
INFO - 08/27/24 20:02:28 - 0:00:00 - ./../emc_data/MVSA dev
INFO - 08/27/24 20:02:28 - 0:00:00 - Trian data: torch.Size([2, 2073, 3])
INFO - 08/27/24 20:02:28 - 0:00:00 - Trian data: torch.Size([2, 2073, 3])
INFO - 08/27/24 20:02:28 - 0:00:00 - Trian data: torch.Size([2, 2073, 3])
INFO - 08/27/24 20:02:28 - 0:00:00 - ./../emc_data/MVSA dev
                                     noise_0 : M1: 72.72±1.53 M2: 64.11±1.09 Min: 51.04±1.67 Max: 85.79±0.89 M: 76.20±1.35 Train mse: 0.29±0.03 Test mse: 0.47±0.00
                                     noise_5 : M1: 70.79±1.61 M2: 46.12±1.03 Min: 34.11±1.17 Max: 82.80±1.39 M: 72.74±1.96 Train mse: 0.40±0.02 Test mse: 0.46±0.01
                                     noise_10: M1: 61.85±6.45 M2: 42.08±1.42 Min: 25.85±2.85 Max: 78.09±4.26 M: 63.76±3.76 Train mse: 0.41±0.02 Test mse: 0.47±0.02
INFO - 08/27/24 20:02:28 - 0:00:00 - ./../emc_data/MVSA test
INFO - 08/27/24 20:02:28 - 0:00:00 - Trian data: torch.Size([2, 2073, 3])
INFO - 08/27/24 20:02:28 - 0:00:00 - Trian data: torch.Size([2, 2073, 3])
INFO - 08/27/24 20:02:28 - 0:00:00 - Trian data: torch.Size([2, 2073, 3])
INFO - 08/27/24 20:02:28 - 0:00:00 - ./../emc_data/MVSA test
                                     noise_0 : M1: 76.22±1.18 M2: 63.33±1.64 Min: 51.33±1.35 Max: 88.23±1.07 M: 79.46±1.53 Train mse: 0.29±0.03 Test mse: 0.46±0.01
                                     noise_5 : M1: 71.25±1.54 M2: 47.48±1.73 Min: 33.80±2.12 Max: 84.93±1.11 M: 73.99±1.58 Train mse: 0.40±0.02 Test mse: 0.45±0.01
                                     noise_10: M1: 64.05±4.32 M2: 42.25±2.99 Min: 25.68±2.69 Max: 80.62±3.13 M: 67.13±1.16 Train mse: 0.41±0.02 Test mse: 0.45±0.02
INFO - 08/27/24 20:02:34 - 0:00:00 - batch_size: 128
                                     data_nums: 1,2,3,4,5,6,7,8,9,10
                                     dataset: MVSA
                                     device: cuda:0
                                     epochs: 5000
                                     gpu: 0
                                     lr: 5e-05
                                     model: WNet
                                     n_nodes: 1000
                                     name: MVSA_Single_emc
                                     nlayers: 1
                                     noise: 0,5,10
                                     output_dir: ../emc_data
                                     path: ./../emc_data/MVSA
                                     seed: 42
                                     top_k_logits: 200
INFO - 08/27/24 20:02:34 - 0:00:00 - ./../emc_data/MVSA train
INFO - 08/27/24 20:02:34 - 0:00:00 - Trian data: torch.Size([2, 2073, 3])
INFO - 08/27/24 20:02:55 - 0:00:00 - batch_size: 512
                                     data_nums: 1,2,3,4,5,6,7,8,9,10
                                     dataset: MVSA
                                     device: cuda:0
                                     epochs: 100
                                     gpu: 0
                                     lr: 5e-05
                                     model: Linear
                                     n_nodes: 100
                                     name: MVSA_Single_emc
                                     nlayers: 0
                                     noise: 0,5,10
                                     output_dir: ../emc_data
                                     path: ./../emc_data/MVSA
                                     seed: 42
                                     top_k_logits: 200
INFO - 08/27/24 20:02:55 - 0:00:00 - ./../emc_data/MVSA train
INFO - 08/27/24 20:02:55 - 0:00:00 - Trian data: torch.Size([2, 2073, 3])
INFO - 08/27/24 20:02:55 - 0:00:00 - Trian data: torch.Size([2, 2073, 3])
INFO - 08/27/24 20:02:55 - 0:00:00 - Trian data: torch.Size([2, 2073, 3])
INFO - 08/27/24 20:02:55 - 0:00:00 - ./../emc_data/MVSA train
                                     noise_0 : M1: 95.30±4.49 M2: 96.92±2.03 Min: 92.42±5.76 Max: 99.79±0.26 M: 99.07±0.91 Train mse: 0.29±0.03 Test mse: 0.50±0.00
                                     noise_5 : M1: 85.73±3.95 M2: 65.13±1.87 Min: 55.37±3.44 Max: 95.49±1.90 M: 89.66±2.88 Train mse: 0.40±0.02 Test mse: 0.48±0.01
                                     noise_10: M1: 74.96±7.02 M2: 60.19±2.29 Min: 43.31±4.07 Max: 91.85±4.34 M: 82.91±3.57 Train mse: 0.41±0.02 Test mse: 0.47±0.01
INFO - 08/27/24 20:02:55 - 0:00:00 - ./../emc_data/MVSA dev
INFO - 08/27/24 20:02:55 - 0:00:00 - Trian data: torch.Size([2, 2073, 3])
INFO - 08/27/24 20:02:55 - 0:00:00 - Trian data: torch.Size([2, 2073, 3])
INFO - 08/27/24 20:02:55 - 0:00:00 - Trian data: torch.Size([2, 2073, 3])
INFO - 08/27/24 20:02:55 - 0:00:00 - ./../emc_data/MVSA dev
                                     noise_0 : M1: 72.72±1.53 M2: 64.11±1.09 Min: 51.04±1.67 Max: 85.79±0.89 M: 76.27±1.40 Train mse: 0.29±0.03 Test mse: 0.50±0.00
                                     noise_5 : M1: 70.79±1.61 M2: 46.12±1.03 Min: 34.11±1.17 Max: 82.80±1.39 M: 72.82±1.97 Train mse: 0.40±0.02 Test mse: 0.48±0.00
                                     noise_10: M1: 61.85±6.45 M2: 42.08±1.42 Min: 25.85±2.85 Max: 78.09±4.26 M: 63.80±3.68 Train mse: 0.41±0.02 Test mse: 0.48±0.01
INFO - 08/27/24 20:02:55 - 0:00:00 - ./../emc_data/MVSA test
INFO - 08/27/24 20:02:55 - 0:00:00 - Trian data: torch.Size([2, 2073, 3])
INFO - 08/27/24 20:02:55 - 0:00:00 - Trian data: torch.Size([2, 2073, 3])
INFO - 08/27/24 20:02:55 - 0:00:00 - Trian data: torch.Size([2, 2073, 3])
INFO - 08/27/24 20:02:55 - 0:00:00 - ./../emc_data/MVSA test
                                     noise_0 : M1: 76.22±1.18 M2: 63.33±1.64 Min: 51.33±1.35 Max: 88.23±1.07 M: 79.46±1.55 Train mse: 0.29±0.03 Test mse: 0.49±0.00
                                     noise_5 : M1: 71.25±1.54 M2: 47.48±1.73 Min: 33.80±2.12 Max: 84.93±1.11 M: 73.93±1.59 Train mse: 0.40±0.02 Test mse: 0.48±0.01
                                     noise_10: M1: 64.05±4.32 M2: 42.25±2.99 Min: 25.68±2.69 Max: 80.62±3.13 M: 66.97±1.21 Train mse: 0.41±0.02 Test mse: 0.48±0.01
INFO - 08/27/24 20:03:20 - 0:00:00 - batch_size: 512
                                     data_nums: 1,2,3,4,5,6,7,8,9,10
                                     dataset: MVSA
                                     device: cuda:0
                                     epochs: 100
                                     gpu: 0
                                     lr: 5e-05
                                     model: Linear
                                     n_nodes: 100
                                     name: MVSA_Single_emc
                                     nlayers: 0
                                     noise: 0,5,10
                                     output_dir: ../emc_data
                                     path: ./../emc_data/MVSA
                                     seed: 42
                                     top_k_logits: 200
INFO - 08/27/24 20:03:20 - 0:00:00 - ./../emc_data/MVSA train
INFO - 08/27/24 20:03:20 - 0:00:00 - Trian data: torch.Size([2, 2073, 3])
INFO - 08/27/24 20:03:20 - 0:00:00 - Trian data: torch.Size([2, 2073, 3])
INFO - 08/27/24 20:03:20 - 0:00:00 - Trian data: torch.Size([2, 2073, 3])
INFO - 08/27/24 20:03:20 - 0:00:00 - ./../emc_data/MVSA train
                                     noise_0 : M1: 95.30±4.49 M2: 96.92±2.03 Min: 92.42±5.76 Max: 99.79±0.26 M: 99.09±0.89 Train mse: 0.29±0.03 Test mse: 0.19±0.06
                                     noise_5 : M1: 85.73±3.95 M2: 65.13±1.87 Min: 55.37±3.44 Max: 95.49±1.90 M: 89.73±2.82 Train mse: 0.40±0.02 Test mse: 0.37±0.02
                                     noise_10: M1: 74.96±7.02 M2: 60.19±2.29 Min: 43.31±4.07 Max: 91.85±4.34 M: 83.08±3.42 Train mse: 0.41±0.02 Test mse: 0.39±0.02
INFO - 08/27/24 20:03:20 - 0:00:00 - ./../emc_data/MVSA dev
INFO - 08/27/24 20:03:20 - 0:00:00 - Trian data: torch.Size([2, 2073, 3])
INFO - 08/27/24 20:03:20 - 0:00:00 - Trian data: torch.Size([2, 2073, 3])
INFO - 08/27/24 20:03:20 - 0:00:00 - Trian data: torch.Size([2, 2073, 3])
INFO - 08/27/24 20:03:20 - 0:00:00 - ./../emc_data/MVSA dev
                                     noise_0 : M1: 72.72±1.53 M2: 64.11±1.09 Min: 51.04±1.67 Max: 85.79±0.89 M: 76.20±1.35 Train mse: 0.29±0.03 Test mse: 0.47±0.00
                                     noise_5 : M1: 70.79±1.61 M2: 46.12±1.03 Min: 34.11±1.17 Max: 82.80±1.39 M: 72.74±1.96 Train mse: 0.40±0.02 Test mse: 0.46±0.01
                                     noise_10: M1: 61.85±6.45 M2: 42.08±1.42 Min: 25.85±2.85 Max: 78.09±4.26 M: 63.76±3.76 Train mse: 0.41±0.02 Test mse: 0.47±0.02
INFO - 08/27/24 20:03:20 - 0:00:00 - ./../emc_data/MVSA test
INFO - 08/27/24 20:03:20 - 0:00:00 - Trian data: torch.Size([2, 2073, 3])
INFO - 08/27/24 20:03:20 - 0:00:00 - Trian data: torch.Size([2, 2073, 3])
INFO - 08/27/24 20:03:20 - 0:00:00 - Trian data: torch.Size([2, 2073, 3])
INFO - 08/27/24 20:03:20 - 0:00:00 - ./../emc_data/MVSA test
                                     noise_0 : M1: 76.22±1.18 M2: 63.33±1.64 Min: 51.33±1.35 Max: 88.23±1.07 M: 79.46±1.53 Train mse: 0.29±0.03 Test mse: 0.46±0.01
                                     noise_5 : M1: 71.25±1.54 M2: 47.48±1.73 Min: 33.80±2.12 Max: 84.93±1.11 M: 73.99±1.58 Train mse: 0.40±0.02 Test mse: 0.45±0.01
                                     noise_10: M1: 64.05±4.32 M2: 42.25±2.99 Min: 25.68±2.69 Max: 80.62±3.13 M: 67.13±1.16 Train mse: 0.41±0.02 Test mse: 0.45±0.02
INFO - 08/27/24 20:03:36 - 0:00:00 - batch_size: 512
                                     data_nums: 1,2,3,4,5,6,7,8,9,10
                                     dataset: MVSA
                                     device: cuda:0
                                     epochs: 100
                                     gpu: 0
                                     lr: 5e-05
                                     model: Linear
                                     n_nodes: 100
                                     name: MVSA_Single_emc
                                     nlayers: 0
                                     noise: 0,5,10
                                     output_dir: ../emc_data
                                     path: ./../emc_data/MVSA
                                     seed: 42
                                     top_k_logits: 200
INFO - 08/27/24 20:03:36 - 0:00:00 - ./../emc_data/MVSA train
INFO - 08/27/24 20:03:36 - 0:00:00 - Trian data: torch.Size([2, 2073, 3])
INFO - 08/27/24 20:03:36 - 0:00:00 - Trian data: torch.Size([2, 2073, 3])
INFO - 08/27/24 20:03:36 - 0:00:00 - Trian data: torch.Size([2, 2073, 3])
INFO - 08/27/24 20:03:36 - 0:00:00 - ./../emc_data/MVSA train
                                     noise_0 : M1: 95.30±4.49 M2: 96.92±2.03 Min: 92.42±5.76 Max: 99.79±0.26 M: 99.09±0.89 Train mse: 0.29±0.03 Test mse: 0.19±0.06
                                     noise_5 : M1: 85.73±3.95 M2: 65.13±1.87 Min: 55.37±3.44 Max: 95.49±1.90 M: 89.73±2.82 Train mse: 0.40±0.02 Test mse: 0.37±0.02
                                     noise_10: M1: 74.96±7.02 M2: 60.19±2.29 Min: 43.31±4.07 Max: 91.85±4.34 M: 83.08±3.42 Train mse: 0.41±0.02 Test mse: 0.38±0.02
INFO - 08/27/24 20:03:36 - 0:00:00 - ./../emc_data/MVSA dev
INFO - 08/27/24 20:03:36 - 0:00:00 - Trian data: torch.Size([2, 2073, 3])
INFO - 08/27/24 20:03:36 - 0:00:00 - Trian data: torch.Size([2, 2073, 3])
INFO - 08/27/24 20:03:36 - 0:00:00 - Trian data: torch.Size([2, 2073, 3])
INFO - 08/27/24 20:03:36 - 0:00:00 - ./../emc_data/MVSA dev
                                     noise_0 : M1: 72.72±1.53 M2: 64.11±1.09 Min: 51.04±1.67 Max: 85.79±0.89 M: 76.20±1.35 Train mse: 0.29±0.03 Test mse: 0.47±0.00
                                     noise_5 : M1: 70.79±1.61 M2: 46.12±1.03 Min: 34.11±1.17 Max: 82.80±1.39 M: 72.74±1.96 Train mse: 0.40±0.02 Test mse: 0.46±0.01
                                     noise_10: M1: 61.85±6.45 M2: 42.08±1.42 Min: 25.85±2.85 Max: 78.09±4.26 M: 63.76±3.76 Train mse: 0.41±0.02 Test mse: 0.46±0.02
INFO - 08/27/24 20:03:36 - 0:00:00 - ./../emc_data/MVSA test
INFO - 08/27/24 20:03:36 - 0:00:00 - Trian data: torch.Size([2, 2073, 3])
INFO - 08/27/24 20:03:36 - 0:00:00 - Trian data: torch.Size([2, 2073, 3])
INFO - 08/27/24 20:03:36 - 0:00:00 - Trian data: torch.Size([2, 2073, 3])
INFO - 08/27/24 20:03:36 - 0:00:00 - ./../emc_data/MVSA test
                                     noise_0 : M1: 76.22±1.18 M2: 63.33±1.64 Min: 51.33±1.35 Max: 88.23±1.07 M: 79.46±1.53 Train mse: 0.29±0.03 Test mse: 0.46±0.01
                                     noise_5 : M1: 71.25±1.54 M2: 47.48±1.73 Min: 33.80±2.12 Max: 84.93±1.11 M: 73.99±1.58 Train mse: 0.40±0.02 Test mse: 0.45±0.01
                                     noise_10: M1: 64.05±4.32 M2: 42.25±2.99 Min: 25.68±2.69 Max: 80.62±3.13 M: 67.13±1.16 Train mse: 0.41±0.02 Test mse: 0.45±0.02
INFO - 08/27/24 20:04:35 - 0:00:00 - batch_size: 128
                                     data_nums: 1,2,3,4,5,6,7,8,9,10
                                     dataset: MVSA
                                     device: cuda:0
                                     epochs: 1000
                                     gpu: 0
                                     lr: 5e-05
                                     model: WNet
                                     n_nodes: 100
                                     name: MVSA_Single_emc
                                     nlayers: 1
                                     noise: 0,5,10
                                     output_dir: ../emc_data
                                     path: ./../emc_data/MVSA
                                     seed: 42
                                     top_k_logits: 200
INFO - 08/27/24 20:04:35 - 0:00:00 - ./../emc_data/MVSA train
INFO - 08/27/24 20:04:35 - 0:00:00 - Trian data: torch.Size([2, 2073, 3])
INFO - 08/27/24 20:08:06 - 0:03:31 - Trian data: torch.Size([2, 2073, 3])
INFO - 08/27/24 20:11:37 - 0:07:01 - Trian data: torch.Size([2, 2073, 3])
INFO - 08/27/24 20:15:08 - 0:10:32 - ./../emc_data/MVSA train
                                     noise_0 : M1: 95.30±4.49 M2: 96.92±2.03 Min: 92.42±5.76 Max: 99.79±0.26 M: 99.09±0.88 Train mse: 0.34±0.03 Test mse: 0.17±0.06
                                     noise_5 : M1: 85.73±3.95 M2: 65.13±1.87 Min: 55.37±3.44 Max: 95.49±1.90 M: 89.93±2.85 Train mse: 0.51±0.01 Test mse: 0.36±0.03
                                     noise_10: M1: 74.96±7.02 M2: 60.19±2.29 Min: 43.31±4.07 Max: 91.85±4.34 M: 84.30±3.43 Train mse: 0.57±0.02 Test mse: 0.34±0.02
INFO - 08/27/24 20:15:08 - 0:10:32 - ./../emc_data/MVSA dev
INFO - 08/27/24 20:15:08 - 0:10:32 - Trian data: torch.Size([2, 2073, 3])
INFO - 08/27/24 20:15:08 - 0:10:33 - Trian data: torch.Size([2, 2073, 3])
INFO - 08/27/24 20:15:08 - 0:10:33 - Trian data: torch.Size([2, 2073, 3])
INFO - 08/27/24 20:15:08 - 0:10:33 - ./../emc_data/MVSA dev
                                     noise_0 : M1: 72.72±1.53 M2: 64.11±1.09 Min: 51.04±1.67 Max: 85.79±0.89 M: 76.24±1.41 Train mse: 0.34±0.03 Test mse: 0.45±0.00
                                     noise_5 : M1: 70.79±1.61 M2: 46.12±1.03 Min: 34.11±1.17 Max: 82.80±1.39 M: 72.99±1.69 Train mse: 0.51±0.01 Test mse: 0.46±0.01
                                     noise_10: M1: 61.85±6.45 M2: 42.08±1.42 Min: 25.85±2.85 Max: 78.09±4.26 M: 64.63±3.86 Train mse: 0.57±0.02 Test mse: 0.45±0.02
INFO - 08/27/24 20:15:08 - 0:10:33 - ./../emc_data/MVSA test
INFO - 08/27/24 20:15:08 - 0:10:33 - Trian data: torch.Size([2, 2073, 3])
INFO - 08/27/24 20:15:08 - 0:10:33 - Trian data: torch.Size([2, 2073, 3])
INFO - 08/27/24 20:15:08 - 0:10:33 - Trian data: torch.Size([2, 2073, 3])
INFO - 08/27/24 20:15:09 - 0:10:33 - ./../emc_data/MVSA test
                                     noise_0 : M1: 76.22±1.18 M2: 63.33±1.64 Min: 51.33±1.35 Max: 88.23±1.07 M: 79.17±1.54 Train mse: 0.34±0.03 Test mse: 0.46±0.01
                                     noise_5 : M1: 71.25±1.54 M2: 47.48±1.73 Min: 33.80±2.12 Max: 84.93±1.11 M: 74.07±1.56 Train mse: 0.51±0.01 Test mse: 0.46±0.01
                                     noise_10: M1: 64.05±4.32 M2: 42.25±2.99 Min: 25.68±2.69 Max: 80.62±3.13 M: 67.53±1.25 Train mse: 0.57±0.02 Test mse: 0.45±0.01
INFO - 08/27/24 20:15:36 - 0:00:00 - batch_size: 128
                                     data_nums: 1,2,3,4,5,6,7,8,9,10
                                     dataset: MVSA
                                     device: cuda:0
                                     epochs: 1000
                                     gpu: 0
                                     lr: 5e-05
                                     model: WNet
                                     n_nodes: 100
                                     name: MVSA_Single_emc
                                     nlayers: 1
                                     noise: 0,5,10
                                     output_dir: ../emc_data
                                     path: ./../emc_data/MVSA
                                     seed: 42
                                     top_k_logits: 200
INFO - 08/27/24 20:15:36 - 0:00:00 - ./../emc_data/MVSA train
INFO - 08/27/24 20:15:36 - 0:00:00 - Trian data: torch.Size([2, 2073, 3])
INFO - 08/27/24 20:19:05 - 0:03:29 - Trian data: torch.Size([2, 2073, 3])
INFO - 08/27/24 20:22:35 - 0:06:59 - Trian data: torch.Size([2, 2073, 3])
INFO - 08/27/24 20:26:04 - 0:10:28 - ./../emc_data/MVSA train
                                     noise_0 : M1: 95.30±4.49 M2: 96.92±2.03 Min: 92.42±5.76 Max: 99.79±0.26 M: 99.09±0.88 Train mse: 0.34±0.03 Test mse: 0.17±0.06
                                     noise_5 : M1: 85.73±3.95 M2: 65.13±1.87 Min: 55.37±3.44 Max: 95.49±1.90 M: 89.98±2.78 Train mse: 0.51±0.01 Test mse: 0.35±0.03
                                     noise_10: M1: 74.96±7.02 M2: 60.19±2.29 Min: 43.31±4.07 Max: 91.85±4.34 M: 84.32±3.47 Train mse: 0.57±0.03 Test mse: 0.34±0.02
INFO - 08/27/24 20:26:04 - 0:10:28 - ./../emc_data/MVSA dev
INFO - 08/27/24 20:26:04 - 0:10:28 - Trian data: torch.Size([2, 2073, 3])
INFO - 08/27/24 20:26:04 - 0:10:28 - Trian data: torch.Size([2, 2073, 3])
INFO - 08/27/24 20:26:04 - 0:10:28 - Trian data: torch.Size([2, 2073, 3])
INFO - 08/27/24 20:26:04 - 0:10:28 - ./../emc_data/MVSA dev
                                     noise_0 : M1: 72.72±1.53 M2: 64.11±1.09 Min: 51.04±1.67 Max: 85.79±0.89 M: 76.33±1.52 Train mse: 0.34±0.03 Test mse: 0.45±0.01
                                     noise_5 : M1: 70.79±1.61 M2: 46.12±1.03 Min: 34.11±1.17 Max: 82.80±1.39 M: 73.17±1.63 Train mse: 0.51±0.01 Test mse: 0.45±0.01
                                     noise_10: M1: 61.85±6.45 M2: 42.08±1.42 Min: 25.85±2.85 Max: 78.09±4.26 M: 64.73±3.87 Train mse: 0.57±0.03 Test mse: 0.45±0.02
INFO - 08/27/24 20:26:04 - 0:10:28 - ./../emc_data/MVSA test
INFO - 08/27/24 20:26:04 - 0:10:28 - Trian data: torch.Size([2, 2073, 3])
INFO - 08/27/24 20:26:05 - 0:10:29 - Trian data: torch.Size([2, 2073, 3])
INFO - 08/27/24 20:26:05 - 0:10:29 - Trian data: torch.Size([2, 2073, 3])
INFO - 08/27/24 20:26:05 - 0:10:29 - ./../emc_data/MVSA test
                                     noise_0 : M1: 76.22±1.18 M2: 63.33±1.64 Min: 51.33±1.35 Max: 88.23±1.07 M: 79.19±1.41 Train mse: 0.34±0.03 Test mse: 0.46±0.01
                                     noise_5 : M1: 71.25±1.54 M2: 47.48±1.73 Min: 33.80±2.12 Max: 84.93±1.11 M: 74.08±1.50 Train mse: 0.51±0.01 Test mse: 0.46±0.01
                                     noise_10: M1: 64.05±4.32 M2: 42.25±2.99 Min: 25.68±2.69 Max: 80.62±3.13 M: 67.61±1.21 Train mse: 0.57±0.03 Test mse: 0.45±0.01
INFO - 08/27/24 20:27:29 - 0:00:00 - batch_size: 512
                                     data_nums: 1,2,3,4,5,6,7,8,9,10
                                     dataset: MVSA
                                     device: cuda:0
                                     epochs: 100
                                     gpu: 0
                                     lr: 5e-05
                                     model: Linear
                                     n_nodes: 100
                                     name: MVSA_Single_emc
                                     nlayers: 0
                                     noise: 0,5,10
                                     output_dir: ../emc_data
                                     path: ./../emc_data/MVSA
                                     seed: 42
                                     top_k_logits: 200
INFO - 08/27/24 20:27:30 - 0:00:00 - ./../emc_data/MVSA train
INFO - 08/27/24 20:27:30 - 0:00:00 - Trian data: torch.Size([2, 518, 3])
INFO - 08/27/24 20:27:30 - 0:00:00 - Trian data: torch.Size([2, 2073, 3])
INFO - 08/27/24 20:27:30 - 0:00:00 - Trian data: torch.Size([2, 2073, 3])
INFO - 08/27/24 20:27:30 - 0:00:00 - ./../emc_data/MVSA train
                                     noise_0 : M1: 95.30±4.49 M2: 96.92±2.03 Min: 92.42±5.76 Max: 99.79±0.26 M: 99.06±0.92 Train mse: 0.43±0.00 Test mse: 0.29±0.03
                                     noise_5 : M1: 85.73±3.95 M2: 65.13±1.87 Min: 55.37±3.44 Max: 95.49±1.90 M: 89.73±2.82 Train mse: 0.40±0.02 Test mse: 0.37±0.02
                                     noise_10: M1: 74.96±7.02 M2: 60.19±2.29 Min: 43.31±4.07 Max: 91.85±4.34 M: 83.08±3.42 Train mse: 0.41±0.02 Test mse: 0.39±0.02
INFO - 08/27/24 20:27:30 - 0:00:00 - ./../emc_data/MVSA dev
INFO - 08/27/24 20:27:30 - 0:00:00 - Trian data: torch.Size([2, 518, 3])
INFO - 08/27/24 20:27:30 - 0:00:00 - Trian data: torch.Size([2, 2073, 3])
INFO - 08/27/24 20:27:30 - 0:00:00 - Trian data: torch.Size([2, 2073, 3])
INFO - 08/27/24 20:27:30 - 0:00:00 - ./../emc_data/MVSA dev
                                     noise_0 : M1: 72.72±1.53 M2: 64.11±1.09 Min: 51.04±1.67 Max: 85.79±0.89 M: 76.29±1.53 Train mse: 0.43±0.00 Test mse: 0.43±0.00
                                     noise_5 : M1: 70.79±1.61 M2: 46.12±1.03 Min: 34.11±1.17 Max: 82.80±1.39 M: 72.74±1.96 Train mse: 0.40±0.02 Test mse: 0.46±0.01
                                     noise_10: M1: 61.85±6.45 M2: 42.08±1.42 Min: 25.85±2.85 Max: 78.09±4.26 M: 63.76±3.76 Train mse: 0.41±0.02 Test mse: 0.47±0.02
INFO - 08/27/24 20:27:30 - 0:00:00 - ./../emc_data/MVSA test
INFO - 08/27/24 20:27:30 - 0:00:00 - Trian data: torch.Size([2, 518, 3])
INFO - 08/27/24 20:27:30 - 0:00:00 - Trian data: torch.Size([2, 2073, 3])
INFO - 08/27/24 20:27:30 - 0:00:00 - Trian data: torch.Size([2, 2073, 3])
INFO - 08/27/24 20:27:30 - 0:00:00 - ./../emc_data/MVSA test
                                     noise_0 : M1: 76.22±1.18 M2: 63.33±1.64 Min: 51.33±1.35 Max: 88.23±1.07 M: 79.33±1.57 Train mse: 0.43±0.00 Test mse: 0.43±0.00
                                     noise_5 : M1: 71.25±1.54 M2: 47.48±1.73 Min: 33.80±2.12 Max: 84.93±1.11 M: 73.99±1.58 Train mse: 0.40±0.02 Test mse: 0.45±0.01
                                     noise_10: M1: 64.05±4.32 M2: 42.25±2.99 Min: 25.68±2.69 Max: 80.62±3.13 M: 67.13±1.16 Train mse: 0.41±0.02 Test mse: 0.45±0.02
INFO - 08/27/24 20:27:42 - 0:00:00 - batch_size: 128
                                     data_nums: 1,2,3,4,5,6,7,8,9,10
                                     dataset: MVSA
                                     device: cuda:0
                                     epochs: 1000
                                     gpu: 0
                                     lr: 5e-05
                                     model: WNet
                                     n_nodes: 100
                                     name: MVSA_Single_emc
                                     nlayers: 1
                                     noise: 0,5,10
                                     output_dir: ../emc_data
                                     path: ./../emc_data/MVSA
                                     seed: 42
                                     top_k_logits: 200
INFO - 08/27/24 20:27:42 - 0:00:00 - ./../emc_data/MVSA train
INFO - 08/27/24 20:27:42 - 0:00:00 - Trian data: torch.Size([2, 518, 3])
INFO - 08/27/24 20:28:38 - 0:00:56 - Trian data: torch.Size([2, 2073, 3])
INFO - 08/27/24 20:32:06 - 0:04:24 - Trian data: torch.Size([2, 2073, 3])
INFO - 08/27/24 20:35:33 - 0:07:51 - ./../emc_data/MVSA train
                                     noise_0 : M1: 95.30±4.49 M2: 96.92±2.03 Min: 92.42±5.76 Max: 99.79±0.26 M: 99.02±0.99 Train mse: 0.50±0.01 Test mse: 0.28±0.03
                                     noise_5 : M1: 85.73±3.95 M2: 65.13±1.87 Min: 55.37±3.44 Max: 95.49±1.90 M: 89.98±2.78 Train mse: 0.51±0.01 Test mse: 0.35±0.03
                                     noise_10: M1: 74.96±7.02 M2: 60.19±2.29 Min: 43.31±4.07 Max: 91.85±4.34 M: 84.32±3.47 Train mse: 0.57±0.03 Test mse: 0.34±0.02
INFO - 08/27/24 20:35:33 - 0:07:51 - ./../emc_data/MVSA dev
INFO - 08/27/24 20:35:33 - 0:07:51 - Trian data: torch.Size([2, 518, 3])
INFO - 08/27/24 20:35:33 - 0:07:51 - Trian data: torch.Size([2, 2073, 3])
INFO - 08/27/24 20:35:33 - 0:07:51 - Trian data: torch.Size([2, 2073, 3])
INFO - 08/27/24 20:35:33 - 0:07:51 - ./../emc_data/MVSA dev
                                     noise_0 : M1: 72.72±1.53 M2: 64.11±1.09 Min: 51.04±1.67 Max: 85.79±0.89 M: 76.53±1.49 Train mse: 0.50±0.01 Test mse: 0.42±0.00
                                     noise_5 : M1: 70.79±1.61 M2: 46.12±1.03 Min: 34.11±1.17 Max: 82.80±1.39 M: 73.17±1.63 Train mse: 0.51±0.01 Test mse: 0.45±0.01
                                     noise_10: M1: 61.85±6.45 M2: 42.08±1.42 Min: 25.85±2.85 Max: 78.09±4.26 M: 64.73±3.87 Train mse: 0.57±0.03 Test mse: 0.45±0.02
INFO - 08/27/24 20:35:33 - 0:07:51 - ./../emc_data/MVSA test
INFO - 08/27/24 20:35:33 - 0:07:51 - Trian data: torch.Size([2, 518, 3])
INFO - 08/27/24 20:35:33 - 0:07:51 - Trian data: torch.Size([2, 2073, 3])
INFO - 08/27/24 20:35:33 - 0:07:51 - Trian data: torch.Size([2, 2073, 3])
INFO - 08/27/24 20:35:33 - 0:07:51 - ./../emc_data/MVSA test
                                     noise_0 : M1: 76.22±1.18 M2: 63.33±1.64 Min: 51.33±1.35 Max: 88.23±1.07 M: 79.29±1.35 Train mse: 0.50±0.01 Test mse: 0.43±0.00
                                     noise_5 : M1: 71.25±1.54 M2: 47.48±1.73 Min: 33.80±2.12 Max: 84.93±1.11 M: 74.08±1.50 Train mse: 0.51±0.01 Test mse: 0.46±0.01
                                     noise_10: M1: 64.05±4.32 M2: 42.25±2.99 Min: 25.68±2.69 Max: 80.62±3.13 M: 67.61±1.21 Train mse: 0.57±0.03 Test mse: 0.45±0.01
INFO - 08/27/24 20:37:18 - 0:00:00 - batch_size: 128
                                     data_nums: 1,2,3,4,5,6,7,8,9,10
                                     dataset: MVSA
                                     device: cuda:0
                                     epochs: 2000
                                     gpu: 0
                                     lr: 5e-05
                                     model: WNet
                                     n_nodes: 1000
                                     name: MVSA_Single_emc
                                     nlayers: 0
                                     noise: 0,5,10
                                     output_dir: ../emc_data
                                     path: ./../emc_data/MVSA
                                     seed: 42
                                     top_k_logits: 200
INFO - 08/27/24 20:37:18 - 0:00:00 - ./../emc_data/MVSA train
INFO - 08/27/24 20:37:18 - 0:00:00 - Trian data: torch.Size([2, 518, 3])
INFO - 08/27/24 20:38:59 - 0:01:41 - Trian data: torch.Size([2, 2073, 3])
INFO - 08/27/24 20:45:17 - 0:07:59 - Trian data: torch.Size([2, 2073, 3])
INFO - 08/27/24 20:51:33 - 0:14:15 - ./../emc_data/MVSA train
                                     noise_0 : M1: 95.30±4.49 M2: 96.92±2.03 Min: 92.42±5.76 Max: 99.79±0.26 M: 99.02±1.01 Train mse: 0.50±0.01 Test mse: 0.28±0.04
                                     noise_5 : M1: 85.73±3.95 M2: 65.13±1.87 Min: 55.37±3.44 Max: 95.49±1.90 M: 90.07±2.75 Train mse: 0.51±0.01 Test mse: 0.35±0.03
                                     noise_10: M1: 74.96±7.02 M2: 60.19±2.29 Min: 43.31±4.07 Max: 91.85±4.34 M: 84.36±3.48 Train mse: 0.57±0.02 Test mse: 0.34±0.02
INFO - 08/27/24 20:51:33 - 0:14:15 - ./../emc_data/MVSA dev
INFO - 08/27/24 20:51:33 - 0:14:15 - Trian data: torch.Size([2, 518, 3])
INFO - 08/27/24 20:51:33 - 0:14:15 - Trian data: torch.Size([2, 2073, 3])
INFO - 08/27/24 20:51:33 - 0:14:15 - Trian data: torch.Size([2, 2073, 3])
INFO - 08/27/24 20:51:33 - 0:14:15 - ./../emc_data/MVSA dev
                                     noise_0 : M1: 72.72±1.53 M2: 64.11±1.09 Min: 51.04±1.67 Max: 85.79±0.89 M: 76.70±1.46 Train mse: 0.50±0.01 Test mse: 0.41±0.00
                                     noise_5 : M1: 70.79±1.61 M2: 46.12±1.03 Min: 34.11±1.17 Max: 82.80±1.39 M: 73.30±1.51 Train mse: 0.51±0.01 Test mse: 0.45±0.01
                                     noise_10: M1: 61.85±6.45 M2: 42.08±1.42 Min: 25.85±2.85 Max: 78.09±4.26 M: 64.85±3.78 Train mse: 0.57±0.02 Test mse: 0.44±0.02
INFO - 08/27/24 20:51:33 - 0:14:15 - ./../emc_data/MVSA test
INFO - 08/27/24 20:51:33 - 0:14:15 - Trian data: torch.Size([2, 518, 3])
INFO - 08/27/24 20:51:33 - 0:14:15 - Trian data: torch.Size([2, 2073, 3])
INFO - 08/27/24 20:51:33 - 0:14:15 - Trian data: torch.Size([2, 2073, 3])
INFO - 08/27/24 20:51:34 - 0:14:15 - ./../emc_data/MVSA test
                                     noise_0 : M1: 76.22±1.18 M2: 63.33±1.64 Min: 51.33±1.35 Max: 88.23±1.07 M: 79.25±1.36 Train mse: 0.50±0.01 Test mse: 0.44±0.00
                                     noise_5 : M1: 71.25±1.54 M2: 47.48±1.73 Min: 33.80±2.12 Max: 84.93±1.11 M: 74.22±1.46 Train mse: 0.51±0.01 Test mse: 0.46±0.01
                                     noise_10: M1: 64.05±4.32 M2: 42.25±2.99 Min: 25.68±2.69 Max: 80.62±3.13 M: 67.48±1.44 Train mse: 0.57±0.02 Test mse: 0.45±0.02
INFO - 08/27/24 20:55:27 - 0:00:00 - batch_size: 128
                                     data_nums: 1,2,3,4,5,6,7,8,9,10
                                     dataset: MVSA
                                     device: cuda:0
                                     epochs: 4000
                                     gpu: 0
                                     lr: 5e-05
                                     model: WNet
                                     n_nodes: 1000
                                     name: MVSA_Single_emc
                                     nlayers: 1
                                     noise: 0,5,10
                                     output_dir: ../emc_data
                                     path: ./../emc_data/MVSA
                                     seed: 42
                                     top_k_logits: 200
INFO - 08/27/24 20:55:27 - 0:00:00 - ./../emc_data/MVSA train
INFO - 08/27/24 20:55:27 - 0:00:00 - Trian data: torch.Size([2, 518, 3])
INFO - 08/27/24 20:59:14 - 0:03:47 - Trian data: torch.Size([2, 2073, 3])
INFO - 08/27/24 21:13:26 - 0:17:59 - Trian data: torch.Size([2, 2073, 3])
INFO - 08/27/24 21:27:36 - 0:32:09 - ./../emc_data/MVSA train
                                     noise_0 : M1: 95.30±4.49 M2: 96.92±2.03 Min: 92.42±5.76 Max: 99.79±0.26 M: 98.62±1.29 Train mse: 0.56±0.01 Test mse: 0.35±0.06
                                     noise_5 : M1: 85.73±3.95 M2: 65.13±1.87 Min: 55.37±3.44 Max: 95.49±1.90 M: 91.39±2.38 Train mse: 0.55±0.02 Test mse: 0.28±0.03
                                     noise_10: M1: 74.96±7.02 M2: 60.19±2.29 Min: 43.31±4.07 Max: 91.85±4.34 M: 85.92±3.13 Train mse: 0.59±0.02 Test mse: 0.31±0.02
INFO - 08/27/24 21:27:36 - 0:32:09 - ./../emc_data/MVSA dev
INFO - 08/27/24 21:27:36 - 0:32:09 - Trian data: torch.Size([2, 518, 3])
INFO - 08/27/24 21:27:36 - 0:32:09 - Trian data: torch.Size([2, 2073, 3])
INFO - 08/27/24 21:27:36 - 0:32:10 - Trian data: torch.Size([2, 2073, 3])
INFO - 08/27/24 21:27:37 - 0:32:10 - ./../emc_data/MVSA dev
                                     noise_0 : M1: 72.72±1.53 M2: 64.11±1.09 Min: 51.04±1.67 Max: 85.79±0.89 M: 80.27±1.66 Train mse: 0.56±0.01 Test mse: 0.31±0.01
                                     noise_5 : M1: 70.79±1.61 M2: 46.12±1.03 Min: 34.11±1.17 Max: 82.80±1.39 M: 75.85±1.77 Train mse: 0.55±0.02 Test mse: 0.35±0.02
                                     noise_10: M1: 61.85±6.45 M2: 42.08±1.42 Min: 25.85±2.85 Max: 78.09±4.26 M: 67.76±3.24 Train mse: 0.59±0.02 Test mse: 0.36±0.02
INFO - 08/27/24 21:27:37 - 0:32:10 - ./../emc_data/MVSA test
INFO - 08/27/24 21:27:37 - 0:32:10 - Trian data: torch.Size([2, 518, 3])
INFO - 08/27/24 21:27:37 - 0:32:10 - Trian data: torch.Size([2, 2073, 3])
INFO - 08/27/24 21:27:37 - 0:32:10 - Trian data: torch.Size([2, 2073, 3])
INFO - 08/27/24 21:27:38 - 0:32:11 - ./../emc_data/MVSA test
                                     noise_0 : M1: 76.22±1.18 M2: 63.33±1.64 Min: 51.33±1.35 Max: 88.23±1.07 M: 78.52±0.83 Train mse: 0.56±0.01 Test mse: 0.51±0.01
                                     noise_5 : M1: 71.25±1.54 M2: 47.48±1.73 Min: 33.80±2.12 Max: 84.93±1.11 M: 73.37±1.60 Train mse: 0.55±0.02 Test mse: 0.52±0.02
                                     noise_10: M1: 64.05±4.32 M2: 42.25±2.99 Min: 25.68±2.69 Max: 80.62±3.13 M: 67.32±1.36 Train mse: 0.59±0.02 Test mse: 0.50±0.02
INFO - 08/27/24 21:28:50 - 0:00:00 - batch_size: 128
                                     data_nums: 1,2,3,4,5,6,7,8,9,10
                                     dataset: MVSA
                                     device: cuda:0
                                     epochs: 4000
                                     gpu: 0
                                     lr: 5e-05
                                     model: WNet
                                     n_nodes: 100
                                     name: MVSA_Single_emc
                                     nlayers: 3
                                     noise: 0,5,10
                                     output_dir: ../emc_data
                                     path: ./../emc_data/MVSA
                                     seed: 42
                                     top_k_logits: 200
INFO - 08/27/24 21:28:50 - 0:00:00 - ./../emc_data/MVSA train
INFO - 08/27/24 21:28:50 - 0:00:00 - Trian data: torch.Size([2, 518, 3])
INFO - 08/27/24 21:33:08 - 0:04:18 - Trian data: torch.Size([2, 2073, 3])
INFO - 08/27/24 21:49:10 - 0:20:20 - Trian data: torch.Size([2, 2073, 3])
INFO - 08/27/24 22:05:16 - 0:36:26 - ./../emc_data/MVSA train
                                     noise_0 : M1: 95.30±4.49 M2: 96.92±2.03 Min: 92.42±5.76 Max: 99.79±0.26 M: 98.89±1.11 Train mse: 0.54±0.01 Test mse: 0.32±0.04
                                     noise_5 : M1: 85.73±3.95 M2: 65.13±1.87 Min: 55.37±3.44 Max: 95.49±1.90 M: 91.04±2.55 Train mse: 0.53±0.01 Test mse: 0.32±0.03
                                     noise_10: M1: 74.96±7.02 M2: 60.19±2.29 Min: 43.31±4.07 Max: 91.85±4.34 M: 85.45±3.22 Train mse: 0.58±0.02 Test mse: 0.32±0.02
INFO - 08/27/24 22:05:16 - 0:36:26 - ./../emc_data/MVSA dev
INFO - 08/27/24 22:05:16 - 0:36:26 - Trian data: torch.Size([2, 518, 3])
INFO - 08/27/24 22:05:16 - 0:36:26 - Trian data: torch.Size([2, 2073, 3])
INFO - 08/27/24 22:05:17 - 0:36:27 - Trian data: torch.Size([2, 2073, 3])
INFO - 08/27/24 22:05:17 - 0:36:27 - ./../emc_data/MVSA dev
                                     noise_0 : M1: 72.72±1.53 M2: 64.11±1.09 Min: 51.04±1.67 Max: 85.79±0.89 M: 78.40±1.36 Train mse: 0.54±0.01 Test mse: 0.37±0.01
                                     noise_5 : M1: 70.79±1.61 M2: 46.12±1.03 Min: 34.11±1.17 Max: 82.80±1.39 M: 75.08±1.56 Train mse: 0.53±0.01 Test mse: 0.40±0.01
                                     noise_10: M1: 61.85±6.45 M2: 42.08±1.42 Min: 25.85±2.85 Max: 78.09±4.26 M: 66.81±3.57 Train mse: 0.58±0.02 Test mse: 0.40±0.02
INFO - 08/27/24 22:05:17 - 0:36:27 - ./../emc_data/MVSA test
INFO - 08/27/24 22:05:17 - 0:36:27 - Trian data: torch.Size([2, 518, 3])
INFO - 08/27/24 22:05:17 - 0:36:27 - Trian data: torch.Size([2, 2073, 3])
INFO - 08/27/24 22:05:17 - 0:36:27 - Trian data: torch.Size([2, 2073, 3])
INFO - 08/27/24 22:05:17 - 0:36:27 - ./../emc_data/MVSA test
                                     noise_0 : M1: 76.22±1.18 M2: 63.33±1.64 Min: 51.33±1.35 Max: 88.23±1.07 M: 78.67±1.21 Train mse: 0.54±0.01 Test mse: 0.47±0.01
                                     noise_5 : M1: 71.25±1.54 M2: 47.48±1.73 Min: 33.80±2.12 Max: 84.93±1.11 M: 73.55±1.40 Train mse: 0.53±0.01 Test mse: 0.50±0.02
                                     noise_10: M1: 64.05±4.32 M2: 42.25±2.99 Min: 25.68±2.69 Max: 80.62±3.13 M: 67.50±1.13 Train mse: 0.58±0.02 Test mse: 0.48±0.02
INFO - 08/27/24 22:08:05 - 0:00:00 - batch_size: 128
                                     data_nums: 1,2,3,4,5,6,7,8,9,10
                                     dataset: MVSA
                                     device: cuda:0
                                     epochs: 2000
                                     gpu: 0
                                     lr: 5e-05
                                     model: WNet
                                     n_nodes: 10
                                     name: MVSA_Single_emc
                                     nlayers: 0
                                     noise: 0,5,10
                                     output_dir: ../emc_data
                                     path: ./../emc_data/MVSA
                                     seed: 42
                                     top_k_logits: 200
INFO - 08/27/24 22:08:05 - 0:00:00 - ./../emc_data/MVSA train
INFO - 08/27/24 22:08:05 - 0:00:00 - Trian data: torch.Size([2, 518, 3])
INFO - 08/27/24 22:09:46 - 0:01:41 - Trian data: torch.Size([2, 2073, 3])
INFO - 08/27/24 22:16:04 - 0:07:59 - Trian data: torch.Size([2, 2073, 3])
INFO - 08/27/24 22:22:20 - 0:14:15 - ./../emc_data/MVSA train
                                     noise_0 : M1: 95.30±4.49 M2: 96.92±2.03 Min: 92.42±5.76 Max: 99.79±0.26 M: 99.05±0.96 Train mse: 0.50±0.01 Test mse: 0.28±0.03
                                     noise_5 : M1: 85.73±3.95 M2: 65.13±1.87 Min: 55.37±3.44 Max: 95.49±1.90 M: 89.81±2.80 Train mse: 0.51±0.01 Test mse: 0.36±0.03
                                     noise_10: M1: 74.96±7.02 M2: 60.19±2.29 Min: 43.31±4.07 Max: 91.85±4.34 M: 83.56±3.40 Train mse: 0.55±0.03 Test mse: 0.36±0.02
INFO - 08/27/24 22:22:20 - 0:14:15 - ./../emc_data/MVSA dev
INFO - 08/27/24 22:22:20 - 0:14:15 - Trian data: torch.Size([2, 518, 3])
INFO - 08/27/24 22:22:20 - 0:14:15 - Trian data: torch.Size([2, 2073, 3])
INFO - 08/27/24 22:22:20 - 0:14:16 - Trian data: torch.Size([2, 2073, 3])
INFO - 08/27/24 22:22:21 - 0:14:16 - ./../emc_data/MVSA dev
                                     noise_0 : M1: 72.72±1.53 M2: 64.11±1.09 Min: 51.04±1.67 Max: 85.79±0.89 M: 76.20±1.39 Train mse: 0.50±0.01 Test mse: 0.43±0.00
                                     noise_5 : M1: 70.79±1.61 M2: 46.12±1.03 Min: 34.11±1.17 Max: 82.80±1.39 M: 72.64±1.80 Train mse: 0.51±0.01 Test mse: 0.46±0.01
                                     noise_10: M1: 61.85±6.45 M2: 42.08±1.42 Min: 25.85±2.85 Max: 78.09±4.26 M: 64.21±3.63 Train mse: 0.55±0.03 Test mse: 0.46±0.01
INFO - 08/27/24 22:22:21 - 0:14:16 - ./../emc_data/MVSA test
INFO - 08/27/24 22:22:21 - 0:14:16 - Trian data: torch.Size([2, 518, 3])
INFO - 08/27/24 22:22:21 - 0:14:16 - Trian data: torch.Size([2, 2073, 3])
INFO - 08/27/24 22:22:21 - 0:14:16 - Trian data: torch.Size([2, 2073, 3])
INFO - 08/27/24 22:22:21 - 0:14:16 - ./../emc_data/MVSA test
                                     noise_0 : M1: 76.22±1.18 M2: 63.33±1.64 Min: 51.33±1.35 Max: 88.23±1.07 M: 79.34±1.43 Train mse: 0.50±0.01 Test mse: 0.43±0.00
                                     noise_5 : M1: 71.25±1.54 M2: 47.48±1.73 Min: 33.80±2.12 Max: 84.93±1.11 M: 73.95±1.52 Train mse: 0.51±0.01 Test mse: 0.46±0.01
                                     noise_10: M1: 64.05±4.32 M2: 42.25±2.99 Min: 25.68±2.69 Max: 80.62±3.13 M: 67.11±1.37 Train mse: 0.55±0.03 Test mse: 0.45±0.01
INFO - 08/27/24 22:23:24 - 0:00:00 - batch_size: 128
                                     data_nums: 1,2,3,4,5,6,7,8,9,10
                                     dataset: MVSA
                                     device: cuda:0
                                     epochs: 2000
                                     gpu: 0
                                     lr: 5e-05
                                     model: WNet
                                     n_nodes: 100
                                     name: MVSA_Single_emc
                                     nlayers: 0
                                     noise: 0,5,10
                                     output_dir: ../emc_data
                                     path: ./../emc_data/MVSA
                                     seed: 42
                                     top_k_logits: 200
INFO - 08/27/24 22:23:24 - 0:00:00 - ./../emc_data/MVSA train
INFO - 08/27/24 22:23:24 - 0:00:00 - Trian data: torch.Size([2, 518, 3])
INFO - 08/27/24 22:24:53 - 0:01:29 - Trian data: torch.Size([2, 2073, 3])
INFO - 08/27/24 22:30:28 - 0:07:04 - Trian data: torch.Size([2, 2073, 3])
INFO - 08/27/24 22:36:01 - 0:12:37 - ./../emc_data/MVSA train
                                     noise_0 : M1: 95.30±4.49 M2: 96.92±2.03 Min: 92.42±5.76 Max: 99.79±0.26 M: 99.06±1.00 Train mse: 0.51±0.02 Test mse: 0.32±0.06
                                     noise_5 : M1: 85.73±3.95 M2: 65.13±1.87 Min: 55.37±3.44 Max: 95.49±1.90 M: 89.73±2.82 Train mse: 0.50±0.01 Test mse: 0.37±0.02
                                     noise_10: M1: 74.96±7.02 M2: 60.19±2.29 Min: 43.31±4.07 Max: 91.85±4.34 M: 83.08±3.42 Train mse: 0.54±0.02 Test mse: 0.39±0.02
INFO - 08/27/24 22:36:01 - 0:12:37 - ./../emc_data/MVSA dev
INFO - 08/27/24 22:36:01 - 0:12:37 - Trian data: torch.Size([2, 518, 3])
INFO - 08/27/24 22:36:01 - 0:12:37 - Trian data: torch.Size([2, 2073, 3])
INFO - 08/27/24 22:36:01 - 0:12:37 - Trian data: torch.Size([2, 2073, 3])
INFO - 08/27/24 22:36:01 - 0:12:37 - ./../emc_data/MVSA dev
                                     noise_0 : M1: 72.72±1.53 M2: 64.11±1.09 Min: 51.04±1.67 Max: 85.79±0.89 M: 76.10±1.48 Train mse: 0.51±0.02 Test mse: 0.45±0.02
                                     noise_5 : M1: 70.79±1.61 M2: 46.12±1.03 Min: 34.11±1.17 Max: 82.80±1.39 M: 72.74±1.96 Train mse: 0.50±0.01 Test mse: 0.46±0.01
                                     noise_10: M1: 61.85±6.45 M2: 42.08±1.42 Min: 25.85±2.85 Max: 78.09±4.26 M: 63.78±3.76 Train mse: 0.54±0.02 Test mse: 0.47±0.02
INFO - 08/27/24 22:36:01 - 0:12:37 - ./../emc_data/MVSA test
INFO - 08/27/24 22:36:01 - 0:12:37 - Trian data: torch.Size([2, 518, 3])
INFO - 08/27/24 22:36:01 - 0:12:37 - Trian data: torch.Size([2, 2073, 3])
INFO - 08/27/24 22:36:02 - 0:12:37 - Trian data: torch.Size([2, 2073, 3])
INFO - 08/27/24 22:36:02 - 0:12:37 - ./../emc_data/MVSA test
                                     noise_0 : M1: 76.22±1.18 M2: 63.33±1.64 Min: 51.33±1.35 Max: 88.23±1.07 M: 79.19±1.30 Train mse: 0.51±0.02 Test mse: 0.44±0.02
                                     noise_5 : M1: 71.25±1.54 M2: 47.48±1.73 Min: 33.80±2.12 Max: 84.93±1.11 M: 73.99±1.58 Train mse: 0.50±0.01 Test mse: 0.45±0.01
                                     noise_10: M1: 64.05±4.32 M2: 42.25±2.99 Min: 25.68±2.69 Max: 80.62±3.13 M: 67.13±1.16 Train mse: 0.54±0.02 Test mse: 0.45±0.02
INFO - 08/27/24 22:36:38 - 0:00:00 - batch_size: 128
                                     data_nums: 1,2,3,4,5,6,7,8,9,10
                                     dataset: MVSA
                                     device: cuda:0
                                     epochs: 2000
                                     gpu: 0
                                     lr: 5e-05
                                     model: WNet
                                     n_nodes: 100
                                     name: MVSA_Single_emc
                                     nlayers: 0
                                     noise: 0,5,10
                                     output_dir: ../emc_data
                                     path: ./../emc_data/MVSA
                                     seed: 42
                                     top_k_logits: 200
INFO - 08/27/24 22:36:38 - 0:00:00 - ./../emc_data/MVSA train
INFO - 08/27/24 22:36:38 - 0:00:00 - Trian data: torch.Size([2, 518, 3])
INFO - 08/27/24 22:38:09 - 0:01:32 - Trian data: torch.Size([2, 2073, 3])
INFO - 08/27/24 22:43:52 - 0:07:14 - Trian data: torch.Size([2, 2073, 3])
INFO - 08/27/24 22:49:34 - 0:12:56 - ./../emc_data/MVSA train
                                     noise_0 : M1: 95.30±4.49 M2: 96.92±2.03 Min: 92.42±5.76 Max: 99.79±0.26 M: 99.06±0.98 Train mse: 0.49±0.01 Test mse: 0.28±0.03
                                     noise_5 : M1: 85.73±3.95 M2: 65.13±1.87 Min: 55.37±3.44 Max: 95.49±1.90 M: 89.76±2.79 Train mse: 0.50±0.02 Test mse: 0.37±0.03
                                     noise_10: M1: 74.96±7.02 M2: 60.19±2.29 Min: 43.31±4.07 Max: 91.85±4.34 M: 83.29±3.43 Train mse: 0.54±0.03 Test mse: 0.37±0.02
INFO - 08/27/24 22:49:34 - 0:12:56 - ./../emc_data/MVSA dev
INFO - 08/27/24 22:49:34 - 0:12:56 - Trian data: torch.Size([2, 518, 3])
INFO - 08/27/24 22:49:34 - 0:12:56 - Trian data: torch.Size([2, 2073, 3])
INFO - 08/27/24 22:49:34 - 0:12:56 - Trian data: torch.Size([2, 2073, 3])
INFO - 08/27/24 22:49:34 - 0:12:57 - ./../emc_data/MVSA dev
                                     noise_0 : M1: 72.72±1.53 M2: 64.11±1.09 Min: 51.04±1.67 Max: 85.79±0.89 M: 76.06±1.50 Train mse: 0.49±0.01 Test mse: 0.44±0.00
                                     noise_5 : M1: 70.79±1.61 M2: 46.12±1.03 Min: 34.11±1.17 Max: 82.80±1.39 M: 72.86±1.82 Train mse: 0.50±0.02 Test mse: 0.46±0.01
                                     noise_10: M1: 61.85±6.45 M2: 42.08±1.42 Min: 25.85±2.85 Max: 78.09±4.26 M: 63.82±3.67 Train mse: 0.54±0.03 Test mse: 0.47±0.02
INFO - 08/27/24 22:49:35 - 0:12:57 - ./../emc_data/MVSA test
INFO - 08/27/24 22:49:35 - 0:12:57 - Trian data: torch.Size([2, 518, 3])
INFO - 08/27/24 22:49:35 - 0:12:57 - Trian data: torch.Size([2, 2073, 3])
INFO - 08/27/24 22:49:35 - 0:12:57 - Trian data: torch.Size([2, 2073, 3])
INFO - 08/27/24 22:49:35 - 0:12:57 - ./../emc_data/MVSA test
                                     noise_0 : M1: 76.22±1.18 M2: 63.33±1.64 Min: 51.33±1.35 Max: 88.23±1.07 M: 79.29±1.56 Train mse: 0.49±0.01 Test mse: 0.43±0.00
                                     noise_5 : M1: 71.25±1.54 M2: 47.48±1.73 Min: 33.80±2.12 Max: 84.93±1.11 M: 73.80±1.60 Train mse: 0.50±0.02 Test mse: 0.46±0.01
                                     noise_10: M1: 64.05±4.32 M2: 42.25±2.99 Min: 25.68±2.69 Max: 80.62±3.13 M: 66.94±1.12 Train mse: 0.54±0.03 Test mse: 0.46±0.02
INFO - 08/27/24 22:50:50 - 0:00:00 - batch_size: 128
                                     data_nums: 1,2,3,4,5,6,7,8,9,10
                                     dataset: MVSA
                                     device: cuda:0
                                     epochs: 2000
                                     gpu: 0
                                     lr: 5e-05
                                     model: WNet
                                     n_nodes: 100
                                     name: MVSA_Single_emc
                                     nlayers: 0
                                     noise: 0,5,10
                                     output_dir: ../emc_data
                                     path: ./../emc_data/MVSA
                                     seed: 42
                                     top_k_logits: 200
INFO - 08/27/24 22:50:50 - 0:00:00 - ./../emc_data/MVSA train
INFO - 08/27/24 22:50:50 - 0:00:00 - Trian data: torch.Size([2, 518, 3])
INFO - 08/28/24 12:04:42 - 0:00:00 - batch_size: 128
                                     data_nums: 1,2,3,4,5,6,7,8,9,10
                                     dataset: MVSA
                                     device: cuda:0
                                     epochs: 2000
                                     gpu: 0
                                     lr: 5e-05
                                     model: WNet
                                     n_nodes: 100
                                     name: MVSA_Single_emc
                                     nlayers: 0
                                     noise: 0,5,10
                                     output_dir: ../emc_data
                                     path: ./../emc_data/MVSA
                                     seed: 42
                                     top_k_logits: 200
INFO - 08/28/24 12:04:42 - 0:00:00 - ./../emc_data/MVSA train
INFO - 08/28/24 12:04:42 - 0:00:00 - Trian data: torch.Size([2, 518, 3])
INFO - 08/28/24 12:06:23 - 0:01:41 - Trian data: torch.Size([2, 2073, 3])
INFO - 08/28/24 12:12:40 - 0:07:58 - Trian data: torch.Size([2, 2073, 3])
INFO - 08/28/24 12:18:56 - 0:14:14 - ./../emc_data/MVSA train
                                     noise_0 : M1: 95.30±4.49 M2: 96.92±2.03 Min: 92.42±5.76 Max: 99.79±0.26 M: 99.05±0.94 Train mse: 0.50±0.01 Test mse: 0.28±0.03
                                     noise_5 : M1: 85.73±3.95 M2: 65.13±1.87 Min: 55.37±3.44 Max: 95.49±1.90 M: 89.95±2.84 Train mse: 0.51±0.01 Test mse: 0.36±0.03
                                     noise_10: M1: 74.96±7.02 M2: 60.19±2.29 Min: 43.31±4.07 Max: 91.85±4.34 M: 84.12±3.38 Train mse: 0.56±0.02 Test mse: 0.35±0.02
INFO - 08/28/24 12:18:56 - 0:14:14 - ./../emc_data/MVSA dev
INFO - 08/28/24 12:18:56 - 0:14:14 - Trian data: torch.Size([2, 518, 3])
INFO - 08/28/24 12:18:56 - 0:14:14 - Trian data: torch.Size([2, 2073, 3])
INFO - 08/28/24 12:18:56 - 0:14:14 - Trian data: torch.Size([2, 2073, 3])
INFO - 08/28/24 12:18:56 - 0:14:14 - ./../emc_data/MVSA dev
                                     noise_0 : M1: 72.72±1.53 M2: 64.11±1.09 Min: 51.04±1.67 Max: 85.79±0.89 M: 76.43±1.44 Train mse: 0.50±0.01 Test mse: 0.43±0.00
                                     noise_5 : M1: 70.79±1.61 M2: 46.12±1.03 Min: 34.11±1.17 Max: 82.80±1.39 M: 72.97±1.70 Train mse: 0.51±0.01 Test mse: 0.46±0.01
                                     noise_10: M1: 61.85±6.45 M2: 42.08±1.42 Min: 25.85±2.85 Max: 78.09±4.26 M: 64.59±3.77 Train mse: 0.56±0.02 Test mse: 0.45±0.02
INFO - 08/28/24 12:18:56 - 0:14:14 - ./../emc_data/MVSA test
INFO - 08/28/24 12:18:56 - 0:14:14 - Trian data: torch.Size([2, 518, 3])
INFO - 08/28/24 12:18:56 - 0:14:14 - Trian data: torch.Size([2, 2073, 3])
INFO - 08/28/24 12:18:56 - 0:14:14 - Trian data: torch.Size([2, 2073, 3])
INFO - 08/28/24 12:18:57 - 0:14:15 - ./../emc_data/MVSA test
                                     noise_0 : M1: 76.22±1.18 M2: 63.33±1.64 Min: 51.33±1.35 Max: 88.23±1.07 M: 79.29±1.19 Train mse: 0.50±0.01 Test mse: 0.43±0.00
                                     noise_5 : M1: 71.25±1.54 M2: 47.48±1.73 Min: 33.80±2.12 Max: 84.93±1.11 M: 74.22±1.54 Train mse: 0.51±0.01 Test mse: 0.46±0.01
                                     noise_10: M1: 64.05±4.32 M2: 42.25±2.99 Min: 25.68±2.69 Max: 80.62±3.13 M: 67.32±1.30 Train mse: 0.56±0.02 Test mse: 0.45±0.01
INFO - 08/29/24 14:56:11 - 0:00:00 - batch_size: 128
                                     data_nums: 1,2,3,4,5,6,7,8,9,10
                                     dataset: MVSA
                                     device: cuda:0
                                     epochs: 2000
                                     gpu: 0
                                     lr: 5e-05
                                     model: WNet
                                     n_nodes: 100
                                     name: MVSA_Single_emc
                                     nlayers: 0
                                     noise: 0,5,10
                                     output_dir: ../emc_data
                                     path: ./../emc_data/MVSA
                                     seed: 42
                                     top_k_logits: 200
INFO - 08/29/24 14:56:11 - 0:00:00 - ./../emc_data/MVSA train
INFO - 08/29/24 14:56:11 - 0:00:00 - Trian data: torch.Size([2, 518, 3])
INFO - 08/29/24 14:57:17 - 0:00:00 - batch_size: 128
                                     data_nums: 1,2,3,4,5,6,7,8,9,10
                                     dataset: MVSA
                                     device: cuda:0
                                     epochs: 2000
                                     gpu: 0
                                     lr: 5e-05
                                     model: WNet
                                     n_nodes: 100
                                     name: MVSA_Single_emc
                                     nlayers: 0
                                     noise: 0,5,10
                                     output_dir: ../emc_data
                                     path: ./../emc_data/MVSA
                                     seed: 42
                                     top_k_logits: 200
INFO - 08/29/24 14:57:17 - 0:00:00 - ./../emc_data/MVSA train
INFO - 08/29/24 14:57:17 - 0:00:00 - Trian data: torch.Size([2, 518, 3])
INFO - 08/29/24 14:57:36 - 0:00:00 - batch_size: 128
                                     data_nums: 1,2,3,4,5,6,7,8,9,10
                                     dataset: MVSA
                                     device: cuda:0
                                     epochs: 2000
                                     gpu: 0
                                     lr: 5e-05
                                     model: WNet
                                     n_nodes: 100
                                     name: MVSA_Single_emc
                                     nlayers: 0
                                     noise: 0,5,10
                                     output_dir: ../emc_data
                                     path: ./../emc_data/MVSA
                                     seed: 42
                                     top_k_logits: 200
INFO - 08/29/24 14:57:36 - 0:00:00 - ./../emc_data/MVSA train
INFO - 08/29/24 14:57:36 - 0:00:00 - Trian data: torch.Size([2, 518, 3])
INFO - 08/29/24 14:58:18 - 0:00:00 - batch_size: 128
                                     data_nums: 1,2,3,4,5,6,7,8,9,10
                                     dataset: MVSA
                                     device: cuda:0
                                     epochs: 2000
                                     gpu: 0
                                     lr: 5e-05
                                     model: WNet
                                     n_nodes: 100
                                     name: MVSA_Single_emc
                                     nlayers: 0
                                     noise: 0,5,10
                                     output_dir: ../emc_data
                                     path: ./../emc_data/MVSA
                                     seed: 42
                                     top_k_logits: 200
INFO - 08/29/24 14:58:18 - 0:00:00 - ./../emc_data/MVSA train
INFO - 08/29/24 14:58:18 - 0:00:00 - Trian data: torch.Size([2, 518, 3])
INFO - 08/29/24 15:00:02 - 0:01:44 - Trian data: torch.Size([2, 2073, 3])
INFO - 08/29/24 15:06:25 - 0:08:07 - Trian data: torch.Size([2, 2073, 3])
INFO - 08/29/24 15:12:49 - 0:14:30 - ./../emc_data/MVSA train
                                     noise_0 : M1: 95.30±4.49 M2: 96.92±2.03 Min: 92.42±5.76 Max: 99.79±0.26 M: 99.04±0.95 Train mse: 0.49±0.01 Test mse: 0.27±0.03
                                     noise_5 : M1: 85.73±3.95 M2: 65.13±1.87 Min: 55.37±3.44 Max: 95.49±1.90 M: 89.74±2.86 Train mse: 0.50±0.02 Test mse: 0.36±0.03
                                     noise_10: M1: 74.96±7.02 M2: 60.19±2.29 Min: 43.31±4.07 Max: 91.85±4.34 M: 82.98±3.34 Train mse: 0.55±0.03 Test mse: 0.37±0.03
INFO - 08/29/24 15:12:49 - 0:14:30 - ./../emc_data/MVSA dev
INFO - 08/29/24 15:12:49 - 0:14:30 - Trian data: torch.Size([2, 518, 3])
INFO - 08/29/24 15:12:49 - 0:14:30 - Trian data: torch.Size([2, 2073, 3])
INFO - 08/29/24 15:12:49 - 0:14:30 - Trian data: torch.Size([2, 2073, 3])
INFO - 08/29/24 15:12:49 - 0:14:30 - ./../emc_data/MVSA dev
                                     noise_0 : M1: 72.72±1.53 M2: 64.11±1.09 Min: 51.04±1.67 Max: 85.79±0.89 M: 76.16±1.49 Train mse: 0.49±0.01 Test mse: 0.44±0.00
                                     noise_5 : M1: 70.79±1.61 M2: 46.12±1.03 Min: 34.11±1.17 Max: 82.80±1.39 M: 72.70±1.86 Train mse: 0.50±0.02 Test mse: 0.46±0.01
                                     noise_10: M1: 61.85±6.45 M2: 42.08±1.42 Min: 25.85±2.85 Max: 78.09±4.26 M: 63.57±3.61 Train mse: 0.55±0.03 Test mse: 0.46±0.02
INFO - 08/29/24 15:12:49 - 0:14:30 - ./../emc_data/MVSA test
INFO - 08/29/24 15:12:49 - 0:14:30 - Trian data: torch.Size([2, 518, 3])
INFO - 08/29/24 15:12:49 - 0:14:30 - Trian data: torch.Size([2, 2073, 3])
INFO - 08/29/24 15:12:49 - 0:14:31 - Trian data: torch.Size([2, 2073, 3])
INFO - 08/29/24 15:12:49 - 0:14:31 - ./../emc_data/MVSA test
                                     noise_0 : M1: 76.22±1.18 M2: 63.33±1.64 Min: 51.33±1.35 Max: 88.23±1.07 M: 79.31±1.55 Train mse: 0.49±0.01 Test mse: 0.43±0.01
                                     noise_5 : M1: 71.25±1.54 M2: 47.48±1.73 Min: 33.80±2.12 Max: 84.93±1.11 M: 73.91±1.56 Train mse: 0.50±0.02 Test mse: 0.46±0.01
                                     noise_10: M1: 64.05±4.32 M2: 42.25±2.99 Min: 25.68±2.69 Max: 80.62±3.13 M: 66.63±1.41 Train mse: 0.55±0.03 Test mse: 0.46±0.02
INFO - 08/29/24 16:59:02 - 0:00:00 - batch_size: 128
                                     data_nums: 1,2,3,4,5,6,7,8,9,10
                                     dataset: MVSA
                                     device: cuda:0
                                     epochs: 100
                                     gpu: 0
                                     lr: 0.001
                                     model: KNet
                                     n_nodes: 128
                                     name: MVSA_Single_emc
                                     nlayers: 1
                                     noise: 0,5,10
                                     output_dir: ../emc_data
                                     path: ./../emc_data/MVSA
                                     seed: 42
                                     top_k_logits: 200
INFO - 08/29/24 16:59:02 - 0:00:00 - ./../emc_data/MVSA train
INFO - 08/29/24 16:59:02 - 0:00:00 - Trian data: torch.Size([2, 2073, 3])
INFO - 08/29/24 16:59:15 - 0:00:13 - Trian data: torch.Size([2, 2073, 3])
INFO - 08/29/24 16:59:28 - 0:00:25 - Trian data: torch.Size([2, 2073, 3])
INFO - 08/29/24 16:59:40 - 0:00:38 - ./../emc_data/MVSA train
                                     noise_0 : M1: 95.30±4.49 M2: 96.92±2.03 Min: 92.42±5.76 Max: 99.79±0.26 M: 99.19±0.78 Train mse: 0.27±0.03 Test mse: 0.16±0.05
                                     noise_5 : M1: 85.73±3.95 M2: 65.13±1.87 Min: 55.37±3.44 Max: 95.49±1.90 M: 90.77±2.24 Train mse: 0.36±0.02 Test mse: 0.33±0.02
                                     noise_10: M1: 74.96±7.02 M2: 60.19±2.29 Min: 43.31±4.07 Max: 91.85±4.34 M: 84.82±3.31 Train mse: 0.36±0.02 Test mse: 0.33±0.02
INFO - 08/29/24 16:59:40 - 0:00:38 - ./../emc_data/MVSA dev
INFO - 08/29/24 16:59:40 - 0:00:38 - Trian data: torch.Size([2, 2073, 3])
INFO - 08/29/24 16:59:40 - 0:00:38 - Trian data: torch.Size([2, 2073, 3])
INFO - 08/29/24 16:59:40 - 0:00:38 - Trian data: torch.Size([2, 2073, 3])
INFO - 08/29/24 16:59:40 - 0:00:38 - ./../emc_data/MVSA dev
                                     noise_0 : M1: 72.72±1.53 M2: 64.11±1.09 Min: 51.04±1.67 Max: 85.79±0.89 M: 76.14±1.69 Train mse: 0.27±0.03 Test mse: 0.45±0.01
                                     noise_5 : M1: 70.79±1.61 M2: 46.12±1.03 Min: 34.11±1.17 Max: 82.80±1.39 M: 73.65±1.49 Train mse: 0.36±0.02 Test mse: 0.44±0.01
                                     noise_10: M1: 61.85±6.45 M2: 42.08±1.42 Min: 25.85±2.85 Max: 78.09±4.26 M: 65.00±3.85 Train mse: 0.36±0.02 Test mse: 0.44±0.02
INFO - 08/29/24 16:59:40 - 0:00:38 - ./../emc_data/MVSA test
INFO - 08/29/24 16:59:40 - 0:00:38 - Trian data: torch.Size([2, 2073, 3])
INFO - 08/29/24 16:59:40 - 0:00:38 - Trian data: torch.Size([2, 2073, 3])
INFO - 08/29/24 16:59:40 - 0:00:38 - Trian data: torch.Size([2, 2073, 3])
INFO - 08/29/24 16:59:40 - 0:00:38 - ./../emc_data/MVSA test
                                     noise_0 : M1: 76.22±1.18 M2: 63.33±1.64 Min: 51.33±1.35 Max: 88.23±1.07 M: 79.29±1.33 Train mse: 0.27±0.03 Test mse: 0.45±0.01
                                     noise_5 : M1: 71.25±1.54 M2: 47.48±1.73 Min: 33.80±2.12 Max: 84.93±1.11 M: 74.24±1.77 Train mse: 0.36±0.02 Test mse: 0.46±0.01
                                     noise_10: M1: 64.05±4.32 M2: 42.25±2.99 Min: 25.68±2.69 Max: 80.62±3.13 M: 68.09±1.45 Train mse: 0.36±0.02 Test mse: 0.44±0.02
INFO - 08/29/24 20:07:11 - 0:00:00 - batch_size: 128
                                     data_nums: 1,2,3,4,5,6,7,8,9,10
                                     dataset: MVSA
                                     device: cuda:0
                                     epochs: 100
                                     gpu: 0
                                     lr: 0.001
                                     model: Ratio
                                     n_nodes: 128
                                     name: MVSA_Single_emc
                                     nlayers: 1
                                     noise: 0,5,10
                                     output_dir: ../emc_data
                                     path: ./../emc_data/MVSA
                                     seed: 42
                                     top_k_logits: 200
INFO - 08/29/24 20:07:11 - 0:00:00 - ./../emc_data/MVSA train
INFO - 08/29/24 20:07:11 - 0:00:00 - Trian data: torch.Size([2, 2073, 3])
INFO - 08/29/24 20:07:43 - 0:00:00 - batch_size: 128
                                     data_nums: 1,2,3,4,5,6,7,8,9,10
                                     dataset: MVSA
                                     device: cuda:0
                                     epochs: 100
                                     gpu: 0
                                     lr: 0.001
                                     model: Ratio
                                     n_nodes: 128
                                     name: MVSA_Single_emc
                                     nlayers: 1
                                     noise: 0,5,10
                                     output_dir: ../emc_data
                                     path: ./../emc_data/MVSA
                                     seed: 42
                                     top_k_logits: 200
INFO - 08/29/24 20:07:43 - 0:00:00 - ./../emc_data/MVSA train
INFO - 08/29/24 20:07:43 - 0:00:00 - Trian data: torch.Size([2, 2073, 3])
INFO - 08/29/24 20:07:49 - 0:00:06 - Trian data: torch.Size([2, 2073, 3])
INFO - 08/29/24 20:07:55 - 0:00:12 - Trian data: torch.Size([2, 2073, 3])
INFO - 08/29/24 20:08:01 - 0:00:18 - ./../emc_data/MVSA train
                                     noise_0 : M1: 95.30±4.49 M2: 96.92±2.03 Min: 92.42±5.76 Max: 99.79±0.26 M: 99.03±0.98 Train mse: 0.42±0.06 Test mse: 0.40±0.08 Train M1 ECE: 3.84±1.11 Train M2 ECE: 4.03±1.91 Test M1 ECE: 1.87±1.55 Test M2 ECE: 7.93±3.31
                                     noise_5 : M1: 85.73±3.95 M2: 65.13±1.87 Min: 55.37±3.44 Max: 95.49±1.90 M: 89.68±2.86 Train mse: 0.44±0.04 Test mse: 0.43±0.04 Train M1 ECE: 9.23±2.18 Train M2 ECE: 18.07±6.18 Test M1 ECE: 6.28±1.84 Test M2 ECE: 15.60±5.65
                                     noise_10: M1: 74.96±7.02 M2: 60.19±2.29 Min: 43.31±4.07 Max: 91.85±4.34 M: 83.22±3.13 Train mse: 0.45±0.03 Test mse: 0.44±0.04 Train M1 ECE: 12.26±5.97 Train M2 ECE: 24.04±6.66 Test M1 ECE: 10.81±5.53 Test M2 ECE: 22.42±5.60
INFO - 08/29/24 20:08:01 - 0:00:18 - ./../emc_data/MVSA dev
INFO - 08/29/24 20:08:01 - 0:00:18 - Trian data: torch.Size([2, 2073, 3])
INFO - 08/29/24 20:08:06 - 0:00:23 - Trian data: torch.Size([2, 2073, 3])
INFO - 08/29/24 20:08:12 - 0:00:29 - Trian data: torch.Size([2, 2073, 3])
INFO - 08/29/24 20:08:18 - 0:00:35 - ./../emc_data/MVSA dev
                                     noise_0 : M1: 72.72±1.53 M2: 64.11±1.09 Min: 51.04±1.67 Max: 85.79±0.89 M: 76.24±1.46 Train mse: 0.42±0.06 Test mse: 0.48±0.02 Train M1 ECE: 3.84±1.11 Train M2 ECE: 4.03±1.91 Test M1 ECE: 17.11±3.21 Test M2 ECE: 14.22±3.48
                                     noise_5 : M1: 70.79±1.61 M2: 46.12±1.03 Min: 34.11±1.17 Max: 82.80±1.39 M: 72.49±1.94 Train mse: 0.44±0.04 Test mse: 0.48±0.01 Train M1 ECE: 9.23±2.18 Train M2 ECE: 18.07±6.18 Test M1 ECE: 18.57±3.24 Test M2 ECE: 27.85±6.66
                                     noise_10: M1: 61.85±6.45 M2: 42.08±1.42 Min: 25.85±2.85 Max: 78.09±4.26 M: 63.24±3.75 Train mse: 0.45±0.03 Test mse: 0.49±0.03 Train M1 ECE: 12.26±5.97 Train M2 ECE: 24.04±6.66 Test M1 ECE: 20.47±5.85 Test M2 ECE: 32.41±7.64
INFO - 08/29/24 20:08:18 - 0:00:35 - ./../emc_data/MVSA test
INFO - 08/29/24 20:08:18 - 0:00:35 - Trian data: torch.Size([2, 2073, 3])
INFO - 08/29/24 20:08:24 - 0:00:41 - Trian data: torch.Size([2, 2073, 3])
INFO - 08/29/24 20:08:29 - 0:00:47 - Trian data: torch.Size([2, 2073, 3])
INFO - 08/29/24 20:08:35 - 0:00:52 - ./../emc_data/MVSA test
                                     noise_0 : M1: 76.22±1.18 M2: 63.33±1.64 Min: 51.33±1.35 Max: 88.23±1.07 M: 79.00±1.40 Train mse: 0.42±0.06 Test mse: 0.48±0.02 Train M1 ECE: 3.84±1.11 Train M2 ECE: 4.03±1.91 Test M1 ECE: 14.59±4.30 Test M2 ECE: 14.46±3.87
                                     noise_5 : M1: 71.25±1.54 M2: 47.48±1.73 Min: 33.80±2.12 Max: 84.93±1.11 M: 73.53±1.50 Train mse: 0.44±0.04 Test mse: 0.48±0.01 Train M1 ECE: 9.23±2.18 Train M2 ECE: 18.07±6.18 Test M1 ECE: 18.20±4.55 Test M2 ECE: 26.52±5.77
                                     noise_10: M1: 64.05±4.32 M2: 42.25±2.99 Min: 25.68±2.69 Max: 80.62±3.13 M: 66.30±1.44 Train mse: 0.45±0.03 Test mse: 0.48±0.02 Train M1 ECE: 12.26±5.97 Train M2 ECE: 24.04±6.66 Test M1 ECE: 18.91±6.79 Test M2 ECE: 32.02±8.12
INFO - 08/29/24 20:09:25 - 0:00:00 - batch_size: 128
                                     data_nums: 1,2,3,4,5,6,7,8,9,10
                                     dataset: MVSA
                                     device: cuda:0
                                     epochs: 100
                                     gpu: 0
                                     lr: 0.001
                                     model: Ratio
                                     n_nodes: 128
                                     name: MVSA_Single_emc
                                     nlayers: 1
                                     noise: 0,5,10
                                     output_dir: ../emc_data
                                     path: ./../emc_data/MVSA
                                     seed: 42
                                     top_k_logits: 200
INFO - 08/29/24 20:09:25 - 0:00:00 - ./../emc_data/MVSA train
INFO - 08/29/24 20:09:25 - 0:00:00 - Trian data: torch.Size([2, 518, 3])
INFO - 08/29/24 20:09:31 - 0:00:06 - Trian data: torch.Size([2, 518, 3])
INFO - 08/29/24 20:09:36 - 0:00:11 - Trian data: torch.Size([2, 518, 3])
INFO - 08/29/24 20:09:42 - 0:00:17 - ./../emc_data/MVSA train
                                     noise_0 : M1: 95.30±4.49 M2: 96.92±2.03 Min: 92.42±5.76 Max: 99.79±0.26 M: 99.03±0.98 Train mse: 0.48±0.02 Test mse: 0.40±0.08 Train M1 ECE: 17.11±3.21 Train M2 ECE: 14.22±3.48 Test M1 ECE: 1.87±1.55 Test M2 ECE: 7.93±3.31
                                     noise_5 : M1: 85.73±3.95 M2: 65.13±1.87 Min: 55.37±3.44 Max: 95.49±1.90 M: 89.68±2.86 Train mse: 0.48±0.01 Test mse: 0.43±0.04 Train M1 ECE: 18.57±3.24 Train M2 ECE: 27.85±6.66 Test M1 ECE: 6.28±1.84 Test M2 ECE: 15.60±5.65
                                     noise_10: M1: 74.96±7.02 M2: 60.19±2.29 Min: 43.31±4.07 Max: 91.85±4.34 M: 83.22±3.13 Train mse: 0.49±0.03 Test mse: 0.44±0.04 Train M1 ECE: 20.47±5.85 Train M2 ECE: 32.41±7.64 Test M1 ECE: 10.81±5.53 Test M2 ECE: 22.42±5.60
INFO - 08/29/24 20:09:42 - 0:00:17 - ./../emc_data/MVSA dev
INFO - 08/29/24 20:09:42 - 0:00:17 - Trian data: torch.Size([2, 518, 3])
INFO - 08/29/24 20:09:47 - 0:00:22 - Trian data: torch.Size([2, 518, 3])
INFO - 08/29/24 20:09:53 - 0:00:28 - Trian data: torch.Size([2, 518, 3])
INFO - 08/29/24 20:09:58 - 0:00:33 - ./../emc_data/MVSA dev
                                     noise_0 : M1: 72.72±1.53 M2: 64.11±1.09 Min: 51.04±1.67 Max: 85.79±0.89 M: 76.24±1.46 Train mse: 0.48±0.02 Test mse: 0.48±0.02 Train M1 ECE: 17.11±3.21 Train M2 ECE: 14.22±3.48 Test M1 ECE: 17.11±3.21 Test M2 ECE: 14.22±3.48
                                     noise_5 : M1: 70.79±1.61 M2: 46.12±1.03 Min: 34.11±1.17 Max: 82.80±1.39 M: 72.49±1.94 Train mse: 0.48±0.01 Test mse: 0.48±0.01 Train M1 ECE: 18.57±3.24 Train M2 ECE: 27.85±6.66 Test M1 ECE: 18.57±3.24 Test M2 ECE: 27.85±6.66
                                     noise_10: M1: 61.85±6.45 M2: 42.08±1.42 Min: 25.85±2.85 Max: 78.09±4.26 M: 63.24±3.75 Train mse: 0.49±0.03 Test mse: 0.49±0.03 Train M1 ECE: 20.47±5.85 Train M2 ECE: 32.41±7.64 Test M1 ECE: 20.47±5.85 Test M2 ECE: 32.41±7.64
INFO - 08/29/24 20:09:58 - 0:00:33 - ./../emc_data/MVSA test
INFO - 08/29/24 20:09:58 - 0:00:33 - Trian data: torch.Size([2, 518, 3])
INFO - 08/29/24 20:10:04 - 0:00:39 - Trian data: torch.Size([2, 518, 3])
INFO - 08/29/24 20:10:09 - 0:00:44 - Trian data: torch.Size([2, 518, 3])
INFO - 08/29/24 20:10:15 - 0:00:49 - ./../emc_data/MVSA test
                                     noise_0 : M1: 76.22±1.18 M2: 63.33±1.64 Min: 51.33±1.35 Max: 88.23±1.07 M: 79.00±1.40 Train mse: 0.48±0.02 Test mse: 0.48±0.02 Train M1 ECE: 17.11±3.21 Train M2 ECE: 14.22±3.48 Test M1 ECE: 14.59±4.30 Test M2 ECE: 14.46±3.87
                                     noise_5 : M1: 71.25±1.54 M2: 47.48±1.73 Min: 33.80±2.12 Max: 84.93±1.11 M: 73.53±1.50 Train mse: 0.48±0.01 Test mse: 0.48±0.01 Train M1 ECE: 18.57±3.24 Train M2 ECE: 27.85±6.66 Test M1 ECE: 18.20±4.55 Test M2 ECE: 26.52±5.77
                                     noise_10: M1: 64.05±4.32 M2: 42.25±2.99 Min: 25.68±2.69 Max: 80.62±3.13 M: 66.30±1.44 Train mse: 0.49±0.03 Test mse: 0.48±0.02 Train M1 ECE: 20.47±5.85 Train M2 ECE: 32.41±7.64 Test M1 ECE: 18.91±6.79 Test M2 ECE: 32.02±8.12
INFO - 08/29/24 20:14:41 - 0:00:00 - batch_size: 128
                                     data_nums: 1,2,3,4,5,6,7,8,9,10
                                     dataset: MVSA
                                     device: cuda:0
                                     epochs: 100
                                     gpu: 0
                                     lr: 0.001
                                     model: Ratio
                                     n_nodes: 128
                                     name: MVSA_Single_emc
                                     nlayers: 1
                                     noise: 0,5,10
                                     output_dir: ../emc_data
                                     path: ./../emc_data/MVSA
                                     seed: 42
                                     top_k_logits: 200
INFO - 08/29/24 20:14:41 - 0:00:00 - ./../emc_data/MVSA train
INFO - 08/29/24 20:14:41 - 0:00:00 - Trian data: torch.Size([2, 518, 3])
INFO - 08/29/24 20:14:42 - 0:00:01 - Trian data: torch.Size([2, 518, 3])
INFO - 08/29/24 20:14:43 - 0:00:02 - Trian data: torch.Size([2, 518, 3])
INFO - 08/29/24 20:14:44 - 0:00:03 - ./../emc_data/MVSA train
                                     noise_0 : M1: 95.30±4.49 M2: 96.92±2.03 Min: 92.42±5.76 Max: 99.79±0.26 M: 99.03±0.98 Train mse: 0.48±0.02 Test mse: 0.40±0.08 Train M1 ECE: 17.11±3.21 Train M2 ECE: 14.22±3.48 Test M1 ECE: 1.87±1.55 Test M2 ECE: 7.93±3.31
                                     noise_5 : M1: 85.73±3.95 M2: 65.13±1.87 Min: 55.37±3.44 Max: 95.49±1.90 M: 89.68±2.86 Train mse: 0.48±0.01 Test mse: 0.43±0.04 Train M1 ECE: 18.57±3.24 Train M2 ECE: 27.85±6.66 Test M1 ECE: 6.28±1.84 Test M2 ECE: 15.60±5.65
                                     noise_10: M1: 74.96±7.02 M2: 60.19±2.29 Min: 43.31±4.07 Max: 91.85±4.34 M: 83.22±3.13 Train mse: 0.49±0.03 Test mse: 0.44±0.04 Train M1 ECE: 20.47±5.85 Train M2 ECE: 32.41±7.64 Test M1 ECE: 10.81±5.53 Test M2 ECE: 22.42±5.60
INFO - 08/29/24 20:14:44 - 0:00:03 - ./../emc_data/MVSA dev
INFO - 08/29/24 20:14:44 - 0:00:03 - Trian data: torch.Size([2, 518, 3])
INFO - 08/29/24 20:14:45 - 0:00:03 - Trian data: torch.Size([2, 518, 3])
INFO - 08/29/24 20:14:45 - 0:00:04 - Trian data: torch.Size([2, 518, 3])
INFO - 08/29/24 20:14:46 - 0:00:05 - ./../emc_data/MVSA dev
                                     noise_0 : M1: 72.72±1.53 M2: 64.11±1.09 Min: 51.04±1.67 Max: 85.79±0.89 M: 76.24±1.46 Train mse: 0.48±0.02 Test mse: 0.48±0.02 Train M1 ECE: 17.11±3.21 Train M2 ECE: 14.22±3.48 Test M1 ECE: 17.11±3.21 Test M2 ECE: 14.22±3.48
                                     noise_5 : M1: 70.79±1.61 M2: 46.12±1.03 Min: 34.11±1.17 Max: 82.80±1.39 M: 72.49±1.94 Train mse: 0.48±0.01 Test mse: 0.48±0.01 Train M1 ECE: 18.57±3.24 Train M2 ECE: 27.85±6.66 Test M1 ECE: 18.57±3.24 Test M2 ECE: 27.85±6.66
                                     noise_10: M1: 61.85±6.45 M2: 42.08±1.42 Min: 25.85±2.85 Max: 78.09±4.26 M: 63.24±3.75 Train mse: 0.49±0.03 Test mse: 0.49±0.03 Train M1 ECE: 20.47±5.85 Train M2 ECE: 32.41±7.64 Test M1 ECE: 20.47±5.85 Test M2 ECE: 32.41±7.64
INFO - 08/29/24 20:14:46 - 0:00:05 - ./../emc_data/MVSA test
INFO - 08/29/24 20:14:46 - 0:00:05 - Trian data: torch.Size([2, 518, 3])
INFO - 08/29/24 20:14:47 - 0:00:06 - Trian data: torch.Size([2, 518, 3])
INFO - 08/29/24 20:14:48 - 0:00:07 - Trian data: torch.Size([2, 518, 3])
INFO - 08/29/24 20:14:49 - 0:00:07 - ./../emc_data/MVSA test
                                     noise_0 : M1: 76.22±1.18 M2: 63.33±1.64 Min: 51.33±1.35 Max: 88.23±1.07 M: 79.00±1.40 Train mse: 0.48±0.02 Test mse: 0.48±0.02 Train M1 ECE: 17.11±3.21 Train M2 ECE: 14.22±3.48 Test M1 ECE: 14.59±4.30 Test M2 ECE: 14.46±3.87
                                     noise_5 : M1: 71.25±1.54 M2: 47.48±1.73 Min: 33.80±2.12 Max: 84.93±1.11 M: 73.53±1.50 Train mse: 0.48±0.01 Test mse: 0.48±0.01 Train M1 ECE: 18.57±3.24 Train M2 ECE: 27.85±6.66 Test M1 ECE: 18.20±4.55 Test M2 ECE: 26.52±5.77
                                     noise_10: M1: 64.05±4.32 M2: 42.25±2.99 Min: 25.68±2.69 Max: 80.62±3.13 M: 66.30±1.44 Train mse: 0.49±0.03 Test mse: 0.48±0.02 Train M1 ECE: 20.47±5.85 Train M2 ECE: 32.41±7.64 Test M1 ECE: 18.91±6.79 Test M2 ECE: 32.02±8.12
INFO - 08/29/24 20:16:09 - 0:00:00 - batch_size: 128
                                     data_nums: 1,2,3,4,5,6,7,8,9,10
                                     dataset: MVSA
                                     device: cuda:0
                                     epochs: 100
                                     gpu: 0
                                     lr: 0.001
                                     model: Ratio
                                     n_nodes: 128
                                     name: MVSA_Single_emc
                                     nlayers: 1
                                     noise: 0,5,10
                                     output_dir: ../emc_data
                                     path: ./../emc_data/MVSA
                                     seed: 42
                                     top_k_logits: 200
INFO - 08/29/24 20:16:09 - 0:00:00 - ./../emc_data/MVSA train
INFO - 08/29/24 20:16:09 - 0:00:00 - Trian data: torch.Size([2, 518, 3])
INFO - 08/29/24 20:16:10 - 0:00:01 - Trian data: torch.Size([2, 518, 3])
INFO - 08/29/24 20:16:11 - 0:00:02 - Trian data: torch.Size([2, 518, 3])
INFO - 08/29/24 20:16:12 - 0:00:03 - ./../emc_data/MVSA train
                                     noise_0 : M1: 95.30±4.49 M2: 96.92±2.03 Min: 92.42±5.76 Max: 99.79±0.26 M: 99.03±0.98 Train mse: 0.48±0.02 Test mse: 0.40±0.08 Train M1 ECE: 17.11±3.21 Train M2 ECE: 14.22±3.48 Test M1 ECE: 1.87±1.55 Test M2 ECE: 7.93±3.31
                                     noise_5 : M1: 85.73±3.95 M2: 65.13±1.87 Min: 55.37±3.44 Max: 95.49±1.90 M: 89.68±2.86 Train mse: 0.48±0.01 Test mse: 0.43±0.04 Train M1 ECE: 18.57±3.24 Train M2 ECE: 27.85±6.66 Test M1 ECE: 6.28±1.84 Test M2 ECE: 15.60±5.65
                                     noise_10: M1: 74.96±7.02 M2: 60.19±2.29 Min: 43.31±4.07 Max: 91.85±4.34 M: 83.22±3.13 Train mse: 0.49±0.03 Test mse: 0.44±0.04 Train M1 ECE: 20.47±5.85 Train M2 ECE: 32.41±7.64 Test M1 ECE: 10.81±5.53 Test M2 ECE: 22.42±5.60
INFO - 08/29/24 20:16:12 - 0:00:03 - ./../emc_data/MVSA dev
INFO - 08/29/24 20:16:12 - 0:00:03 - Trian data: torch.Size([2, 518, 3])
INFO - 08/29/24 20:16:13 - 0:00:03 - Trian data: torch.Size([2, 518, 3])
INFO - 08/29/24 20:16:14 - 0:00:04 - Trian data: torch.Size([2, 518, 3])
INFO - 08/29/24 20:16:14 - 0:00:05 - ./../emc_data/MVSA dev
                                     noise_0 : M1: 72.72±1.53 M2: 64.11±1.09 Min: 51.04±1.67 Max: 85.79±0.89 M: 76.24±1.46 Train mse: 0.48±0.02 Test mse: 0.48±0.02 Train M1 ECE: 17.11±3.21 Train M2 ECE: 14.22±3.48 Test M1 ECE: 17.11±3.21 Test M2 ECE: 14.22±3.48
                                     noise_5 : M1: 70.79±1.61 M2: 46.12±1.03 Min: 34.11±1.17 Max: 82.80±1.39 M: 72.49±1.94 Train mse: 0.48±0.01 Test mse: 0.48±0.01 Train M1 ECE: 18.57±3.24 Train M2 ECE: 27.85±6.66 Test M1 ECE: 18.57±3.24 Test M2 ECE: 27.85±6.66
                                     noise_10: M1: 61.85±6.45 M2: 42.08±1.42 Min: 25.85±2.85 Max: 78.09±4.26 M: 63.24±3.75 Train mse: 0.49±0.03 Test mse: 0.49±0.03 Train M1 ECE: 20.47±5.85 Train M2 ECE: 32.41±7.64 Test M1 ECE: 20.47±5.85 Test M2 ECE: 32.41±7.64
INFO - 08/29/24 20:16:14 - 0:00:05 - ./../emc_data/MVSA test
INFO - 08/29/24 20:16:14 - 0:00:05 - Trian data: torch.Size([2, 518, 3])
INFO - 08/29/24 20:16:15 - 0:00:06 - Trian data: torch.Size([2, 518, 3])
INFO - 08/29/24 20:16:16 - 0:00:07 - Trian data: torch.Size([2, 518, 3])
INFO - 08/29/24 20:16:17 - 0:00:07 - ./../emc_data/MVSA test
                                     noise_0 : M1: 76.22±1.18 M2: 63.33±1.64 Min: 51.33±1.35 Max: 88.23±1.07 M: 79.00±1.40 Train mse: 0.48±0.02 Test mse: 0.48±0.02 Train M1 ECE: 17.11±3.21 Train M2 ECE: 14.22±3.48 Test M1 ECE: 14.59±4.30 Test M2 ECE: 14.46±3.87
                                     noise_5 : M1: 71.25±1.54 M2: 47.48±1.73 Min: 33.80±2.12 Max: 84.93±1.11 M: 73.53±1.50 Train mse: 0.48±0.01 Test mse: 0.48±0.01 Train M1 ECE: 18.57±3.24 Train M2 ECE: 27.85±6.66 Test M1 ECE: 18.20±4.55 Test M2 ECE: 26.52±5.77
                                     noise_10: M1: 64.05±4.32 M2: 42.25±2.99 Min: 25.68±2.69 Max: 80.62±3.13 M: 66.30±1.44 Train mse: 0.49±0.03 Test mse: 0.48±0.02 Train M1 ECE: 20.47±5.85 Train M2 ECE: 32.41±7.64 Test M1 ECE: 18.91±6.79 Test M2 ECE: 32.02±8.12
INFO - 08/29/24 20:17:13 - 0:00:00 - batch_size: 128
                                     data_nums: 1,2,3,4,5,6,7,8,9,10
                                     dataset: MVSA
                                     device: cuda:0
                                     epochs: 100
                                     gpu: 0
                                     lr: 0.001
                                     model: Ratio
                                     n_nodes: 128
                                     name: MVSA_Single_emc
                                     nlayers: 1
                                     noise: 0,5,10
                                     output_dir: ../emc_data
                                     path: ./../emc_data/MVSA
                                     seed: 42
                                     top_k_logits: 200
INFO - 08/29/24 20:17:13 - 0:00:00 - ./../emc_data/MVSA train
INFO - 08/29/24 20:17:13 - 0:00:00 - Trian data: torch.Size([2, 518, 3])
INFO - 08/29/24 20:17:14 - 0:00:01 - Trian data: torch.Size([2, 518, 3])
INFO - 08/29/24 20:17:15 - 0:00:02 - Trian data: torch.Size([2, 518, 3])
INFO - 08/29/24 20:17:16 - 0:00:03 - ./../emc_data/MVSA train
                                     noise_0 : M1: 95.30±4.49 M2: 96.92±2.03 Min: 92.42±5.76 Max: 99.79±0.26 M: 99.03±0.98 Train mse: 0.48±0.02 Test mse: 0.40±0.08 Train M1 ECE: 17.11±3.21 Train M2 ECE: 14.22±3.48 Test M1 ECE: 1.87±1.55 Test M2 ECE: 7.93±3.31
                                     noise_5 : M1: 85.73±3.95 M2: 65.13±1.87 Min: 55.37±3.44 Max: 95.49±1.90 M: 89.68±2.86 Train mse: 0.48±0.01 Test mse: 0.43±0.04 Train M1 ECE: 18.57±3.24 Train M2 ECE: 27.85±6.66 Test M1 ECE: 6.28±1.84 Test M2 ECE: 15.60±5.65
                                     noise_10: M1: 74.96±7.02 M2: 60.19±2.29 Min: 43.31±4.07 Max: 91.85±4.34 M: 83.22±3.13 Train mse: 0.49±0.03 Test mse: 0.44±0.04 Train M1 ECE: 20.47±5.85 Train M2 ECE: 32.41±7.64 Test M1 ECE: 10.81±5.53 Test M2 ECE: 22.42±5.60
INFO - 08/29/24 20:17:16 - 0:00:03 - ./../emc_data/MVSA dev
INFO - 08/29/24 20:17:16 - 0:00:03 - Trian data: torch.Size([2, 518, 3])
INFO - 08/29/24 20:17:17 - 0:00:03 - Trian data: torch.Size([2, 518, 3])
INFO - 08/29/24 20:17:18 - 0:00:04 - Trian data: torch.Size([2, 518, 3])
INFO - 08/29/24 20:17:18 - 0:00:05 - ./../emc_data/MVSA dev
                                     noise_0 : M1: 72.72±1.53 M2: 64.11±1.09 Min: 51.04±1.67 Max: 85.79±0.89 M: 76.24±1.46 Train mse: 0.48±0.02 Test mse: 0.48±0.02 Train M1 ECE: 17.11±3.21 Train M2 ECE: 14.22±3.48 Test M1 ECE: 17.11±3.21 Test M2 ECE: 14.22±3.48
                                     noise_5 : M1: 70.79±1.61 M2: 46.12±1.03 Min: 34.11±1.17 Max: 82.80±1.39 M: 72.49±1.94 Train mse: 0.48±0.01 Test mse: 0.48±0.01 Train M1 ECE: 18.57±3.24 Train M2 ECE: 27.85±6.66 Test M1 ECE: 18.57±3.24 Test M2 ECE: 27.85±6.66
                                     noise_10: M1: 61.85±6.45 M2: 42.08±1.42 Min: 25.85±2.85 Max: 78.09±4.26 M: 63.24±3.75 Train mse: 0.49±0.03 Test mse: 0.49±0.03 Train M1 ECE: 20.47±5.85 Train M2 ECE: 32.41±7.64 Test M1 ECE: 20.47±5.85 Test M2 ECE: 32.41±7.64
INFO - 08/29/24 20:17:18 - 0:00:05 - ./../emc_data/MVSA test
INFO - 08/29/24 20:17:18 - 0:00:05 - Trian data: torch.Size([2, 518, 3])
INFO - 08/29/24 20:17:19 - 0:00:06 - Trian data: torch.Size([2, 518, 3])
INFO - 08/29/24 20:17:20 - 0:00:07 - Trian data: torch.Size([2, 518, 3])
INFO - 08/29/24 20:17:21 - 0:00:07 - ./../emc_data/MVSA test
                                     noise_0 : M1: 76.22±1.18 M2: 63.33±1.64 Min: 51.33±1.35 Max: 88.23±1.07 M: 79.00±1.40 Train mse: 0.48±0.02 Test mse: 0.48±0.02 Train M1 ECE: 17.11±3.21 Train M2 ECE: 14.22±3.48 Test M1 ECE: 14.59±4.30 Test M2 ECE: 14.46±3.87
                                     noise_5 : M1: 71.25±1.54 M2: 47.48±1.73 Min: 33.80±2.12 Max: 84.93±1.11 M: 73.53±1.50 Train mse: 0.48±0.01 Test mse: 0.48±0.01 Train M1 ECE: 18.57±3.24 Train M2 ECE: 27.85±6.66 Test M1 ECE: 18.20±4.55 Test M2 ECE: 26.52±5.77
                                     noise_10: M1: 64.05±4.32 M2: 42.25±2.99 Min: 25.68±2.69 Max: 80.62±3.13 M: 66.30±1.44 Train mse: 0.49±0.03 Test mse: 0.48±0.02 Train M1 ECE: 20.47±5.85 Train M2 ECE: 32.41±7.64 Test M1 ECE: 18.91±6.79 Test M2 ECE: 32.02±8.12
INFO - 08/29/24 20:21:41 - 0:00:00 - batch_size: 128
                                     data_nums: 1,2,3,4,5,6,7,8,9,10
                                     dataset: MVSA
                                     device: cuda:0
                                     epochs: 100
                                     gpu: 0
                                     lr: 0.001
                                     model: Ratio
                                     n_nodes: 128
                                     name: MVSA_Single_emc
                                     nlayers: 1
                                     noise: 0,5,10
                                     output_dir: ../emc_data
                                     path: ./../emc_data/MVSA
                                     seed: 42
                                     top_k_logits: 200
INFO - 08/29/24 20:21:41 - 0:00:00 - ./../emc_data/MVSA train
INFO - 08/29/24 20:21:41 - 0:00:00 - Trian data: torch.Size([2, 518, 3])
INFO - 08/29/24 20:22:09 - 0:00:00 - batch_size: 128
                                     data_nums: 1,2,3,4,5,6,7,8,9,10
                                     dataset: MVSA
                                     device: cuda:0
                                     epochs: 100
                                     gpu: 0
                                     lr: 0.001
                                     model: Ratio
                                     n_nodes: 128
                                     name: MVSA_Single_emc
                                     nlayers: 1
                                     noise: 0,5,10
                                     output_dir: ../emc_data
                                     path: ./../emc_data/MVSA
                                     seed: 42
                                     top_k_logits: 200
INFO - 08/29/24 20:22:09 - 0:00:00 - ./../emc_data/MVSA train
INFO - 08/29/24 20:22:09 - 0:00:00 - Trian data: torch.Size([2, 518, 3])
INFO - 08/29/24 20:22:10 - 0:00:01 - Trian data: torch.Size([2, 518, 3])
INFO - 08/29/24 20:22:11 - 0:00:02 - Trian data: torch.Size([2, 518, 3])
INFO - 08/29/24 20:22:12 - 0:00:03 - ./../emc_data/MVSA train
                                     noise_0 : M1: 95.30±4.49 M2: 96.92±2.03 Min: 92.42±5.76 Max: 99.79±0.26 M: 99.03±0.98 Train mse: 0.48±0.02 Test mse: 0.40±0.08 Train M1 ECE: 17.11±3.21 Train M2 ECE: 14.22±3.48 Test M1 ECE: 1.87±1.55 Test M2 ECE: 7.93±3.31
                                     noise_5 : M1: 85.73±3.95 M2: 65.13±1.87 Min: 55.37±3.44 Max: 95.49±1.90 M: 89.68±2.86 Train mse: 0.48±0.01 Test mse: 0.43±0.04 Train M1 ECE: 18.57±3.24 Train M2 ECE: 27.85±6.66 Test M1 ECE: 6.28±1.84 Test M2 ECE: 15.60±5.65
                                     noise_10: M1: 74.96±7.02 M2: 60.19±2.29 Min: 43.31±4.07 Max: 91.85±4.34 M: 83.22±3.13 Train mse: 0.49±0.03 Test mse: 0.44±0.04 Train M1 ECE: 20.47±5.85 Train M2 ECE: 32.41±7.64 Test M1 ECE: 10.81±5.53 Test M2 ECE: 22.42±5.60
INFO - 08/29/24 20:22:12 - 0:00:03 - ./../emc_data/MVSA dev
INFO - 08/29/24 20:22:12 - 0:00:03 - Trian data: torch.Size([2, 518, 3])
INFO - 08/29/24 20:22:12 - 0:00:03 - Trian data: torch.Size([2, 518, 3])
INFO - 08/29/24 20:22:13 - 0:00:04 - Trian data: torch.Size([2, 518, 3])
INFO - 08/29/24 20:22:14 - 0:00:05 - ./../emc_data/MVSA dev
                                     noise_0 : M1: 72.72±1.53 M2: 64.11±1.09 Min: 51.04±1.67 Max: 85.79±0.89 M: 76.24±1.46 Train mse: 0.48±0.02 Test mse: 0.48±0.02 Train M1 ECE: 17.11±3.21 Train M2 ECE: 14.22±3.48 Test M1 ECE: 17.11±3.21 Test M2 ECE: 14.22±3.48
                                     noise_5 : M1: 70.79±1.61 M2: 46.12±1.03 Min: 34.11±1.17 Max: 82.80±1.39 M: 72.49±1.94 Train mse: 0.48±0.01 Test mse: 0.48±0.01 Train M1 ECE: 18.57±3.24 Train M2 ECE: 27.85±6.66 Test M1 ECE: 18.57±3.24 Test M2 ECE: 27.85±6.66
                                     noise_10: M1: 61.85±6.45 M2: 42.08±1.42 Min: 25.85±2.85 Max: 78.09±4.26 M: 63.24±3.75 Train mse: 0.49±0.03 Test mse: 0.49±0.03 Train M1 ECE: 20.47±5.85 Train M2 ECE: 32.41±7.64 Test M1 ECE: 20.47±5.85 Test M2 ECE: 32.41±7.64
INFO - 08/29/24 20:22:14 - 0:00:05 - ./../emc_data/MVSA test
INFO - 08/29/24 20:22:14 - 0:00:05 - Trian data: torch.Size([2, 518, 3])
INFO - 08/29/24 20:22:15 - 0:00:06 - Trian data: torch.Size([2, 518, 3])
INFO - 08/29/24 20:22:16 - 0:00:07 - Trian data: torch.Size([2, 518, 3])
INFO - 08/29/24 20:22:17 - 0:00:07 - ./../emc_data/MVSA test
                                     noise_0 : M1: 76.22±1.18 M2: 63.33±1.64 Min: 51.33±1.35 Max: 88.23±1.07 M: 79.00±1.40 Train mse: 0.48±0.02 Test mse: 0.48±0.02 Train M1 ECE: 17.11±3.21 Train M2 ECE: 14.22±3.48 Test M1 ECE: 14.59±4.30 Test M2 ECE: 14.46±3.87
                                     noise_5 : M1: 71.25±1.54 M2: 47.48±1.73 Min: 33.80±2.12 Max: 84.93±1.11 M: 73.53±1.50 Train mse: 0.48±0.01 Test mse: 0.48±0.01 Train M1 ECE: 18.57±3.24 Train M2 ECE: 27.85±6.66 Test M1 ECE: 18.20±4.55 Test M2 ECE: 26.52±5.77
                                     noise_10: M1: 64.05±4.32 M2: 42.25±2.99 Min: 25.68±2.69 Max: 80.62±3.13 M: 66.30±1.44 Train mse: 0.49±0.03 Test mse: 0.48±0.02 Train M1 ECE: 20.47±5.85 Train M2 ECE: 32.41±7.64 Test M1 ECE: 18.91±6.79 Test M2 ECE: 32.02±8.12
INFO - 08/30/24 16:51:22 - 0:00:00 - batch_size: 128
                                     data_nums: 1,2,3,4,5,6,7,8,9,10
                                     dataset: MVSA
                                     device: cuda:0
                                     epochs: 100
                                     gpu: 0
                                     lr: 0.001
                                     model: CalNet
                                     n_nodes: 128
                                     name: MVSA_Single_emc
                                     nlayers: 1
                                     noise: 0,5,10
                                     output_dir: ../emc_data
                                     path: ./../emc_data/MVSA
                                     seed: 42
                                     top_k_logits: 200
INFO - 08/30/24 16:51:22 - 0:00:00 - ./../emc_data/MVSA train
INFO - 08/30/24 16:51:22 - 0:00:00 - Trian data: torch.Size([2, 518, 3])
INFO - 08/30/24 16:54:14 - 0:00:00 - batch_size: 128
                                     data_nums: 1,2,3,4,5,6,7,8,9,10
                                     dataset: MVSA
                                     device: cuda:0
                                     epochs: 100
                                     gpu: 0
                                     lr: 0.001
                                     model: CalNet
                                     n_nodes: 128
                                     name: MVSA_Single_emc
                                     nlayers: 1
                                     noise: 0,5,10
                                     output_dir: ../emc_data
                                     path: ./../emc_data/MVSA
                                     seed: 42
                                     top_k_logits: 200
INFO - 08/30/24 16:54:15 - 0:00:00 - ./../emc_data/MVSA train
INFO - 08/30/24 16:54:15 - 0:00:00 - Trian data: torch.Size([2, 518, 3])
INFO - 08/30/24 16:55:11 - 0:00:00 - batch_size: 128
                                     data_nums: 1,2,3,4,5,6,7,8,9,10
                                     dataset: MVSA
                                     device: cuda:0
                                     epochs: 100
                                     gpu: 0
                                     lr: 0.001
                                     model: CalNet
                                     n_nodes: 128
                                     name: MVSA_Single_emc
                                     nlayers: 1
                                     noise: 0,5,10
                                     output_dir: ../emc_data
                                     path: ./../emc_data/MVSA
                                     seed: 42
                                     top_k_logits: 200
INFO - 08/30/24 16:55:11 - 0:00:00 - ./../emc_data/MVSA train
INFO - 08/30/24 16:55:11 - 0:00:00 - Trian data: torch.Size([2, 518, 3])
INFO - 08/30/24 16:55:11 - 0:00:00 - Trian data: torch.Size([2, 518, 3])
INFO - 08/30/24 16:55:11 - 0:00:00 - Trian data: torch.Size([2, 518, 3])
INFO - 08/30/24 16:55:11 - 0:00:00 - ./../emc_data/MVSA train
                                     noise_0 : M1: 95.30±4.49 M2: 96.92±2.03 Min: 92.42±5.76 Max: 99.79±0.26 M: 98.92±1.13 Train mse: 1.17±0.12 Test mse: 1.12±0.15 Train M1 ECE: 17.11±3.21 Train M2 ECE: 14.22±3.48 Test M1 ECE: 1.87±1.55 Test M2 ECE: 7.93±3.31
                                     noise_5 : M1: 85.73±3.95 M2: 65.13±1.87 Min: 55.37±3.44 Max: 95.49±1.90 M: 89.09±3.10 Train mse: inf±nan Test mse: inf±nan Train M1 ECE: 18.57±3.24 Train M2 ECE: 27.85±6.66 Test M1 ECE: 6.28±1.84 Test M2 ECE: 15.60±5.65
                                     noise_10: M1: 74.96±7.02 M2: 60.19±2.29 Min: 43.31±4.07 Max: 91.85±4.34 M: 81.96±3.26 Train mse: inf±nan Test mse: inf±nan Train M1 ECE: 20.47±5.85 Train M2 ECE: 32.41±7.64 Test M1 ECE: 10.81±5.53 Test M2 ECE: 22.42±5.60
INFO - 08/30/24 16:55:11 - 0:00:00 - ./../emc_data/MVSA dev
INFO - 08/30/24 16:55:11 - 0:00:00 - Trian data: torch.Size([2, 518, 3])
INFO - 08/30/24 16:55:11 - 0:00:00 - Trian data: torch.Size([2, 518, 3])
INFO - 08/30/24 16:55:11 - 0:00:00 - Trian data: torch.Size([2, 518, 3])
INFO - 08/30/24 16:55:11 - 0:00:00 - ./../emc_data/MVSA dev
                                     noise_0 : M1: 72.72±1.53 M2: 64.11±1.09 Min: 51.04±1.67 Max: 85.79±0.89 M: 75.71±1.67 Train mse: 1.17±0.12 Test mse: 1.17±0.12 Train M1 ECE: 17.11±3.21 Train M2 ECE: 14.22±3.48 Test M1 ECE: 17.11±3.21 Test M2 ECE: 14.22±3.48
                                     noise_5 : M1: 70.79±1.61 M2: 46.12±1.03 Min: 34.11±1.17 Max: 82.80±1.39 M: 72.14±2.85 Train mse: inf±nan Test mse: inf±nan Train M1 ECE: 18.57±3.24 Train M2 ECE: 27.85±6.66 Test M1 ECE: 18.57±3.24 Test M2 ECE: 27.85±6.66
                                     noise_10: M1: 61.85±6.45 M2: 42.08±1.42 Min: 25.85±2.85 Max: 78.09±4.26 M: 62.36±2.52 Train mse: inf±nan Test mse: inf±nan Train M1 ECE: 20.47±5.85 Train M2 ECE: 32.41±7.64 Test M1 ECE: 20.47±5.85 Test M2 ECE: 32.41±7.64
INFO - 08/30/24 16:55:11 - 0:00:00 - ./../emc_data/MVSA test
INFO - 08/30/24 16:55:11 - 0:00:00 - Trian data: torch.Size([2, 518, 3])
INFO - 08/30/24 16:55:11 - 0:00:00 - Trian data: torch.Size([2, 518, 3])
INFO - 08/30/24 16:55:11 - 0:00:00 - Trian data: torch.Size([2, 518, 3])
INFO - 08/30/24 16:55:11 - 0:00:00 - ./../emc_data/MVSA test
                                     noise_0 : M1: 76.22±1.18 M2: 63.33±1.64 Min: 51.33±1.35 Max: 88.23±1.07 M: 79.04±1.23 Train mse: 1.17±0.12 Test mse: 1.17±0.12 Train M1 ECE: 17.11±3.21 Train M2 ECE: 14.22±3.48 Test M1 ECE: 14.59±4.30 Test M2 ECE: 14.46±3.87
                                     noise_5 : M1: 71.25±1.54 M2: 47.48±1.73 Min: 33.80±2.12 Max: 84.93±1.11 M: 73.28±1.43 Train mse: inf±nan Test mse: inf±nan Train M1 ECE: 18.57±3.24 Train M2 ECE: 27.85±6.66 Test M1 ECE: 18.20±4.55 Test M2 ECE: 26.52±5.77
                                     noise_10: M1: 64.05±4.32 M2: 42.25±2.99 Min: 25.68±2.69 Max: 80.62±3.13 M: 65.59±1.53 Train mse: inf±nan Test mse: inf±nan Train M1 ECE: 20.47±5.85 Train M2 ECE: 32.41±7.64 Test M1 ECE: 18.91±6.79 Test M2 ECE: 32.02±8.12
INFO - 08/30/24 16:56:34 - 0:00:00 - batch_size: 128
                                     data_nums: 1,2,3,4,5,6,7,8,9,10
                                     dataset: MVSA
                                     device: cuda:0
                                     epochs: 100
                                     gpu: 0
                                     lr: 0.001
                                     model: CalNet
                                     n_nodes: 128
                                     name: MVSA_Single_emc
                                     nlayers: 1
                                     noise: 0,5,10
                                     output_dir: ../emc_data
                                     path: ./../emc_data/MVSA
                                     seed: 42
                                     top_k_logits: 200
INFO - 08/30/24 16:56:34 - 0:00:00 - ./../emc_data/MVSA train
INFO - 08/30/24 16:56:34 - 0:00:00 - Trian data: torch.Size([2, 2073, 3])
INFO - 08/30/24 16:56:34 - 0:00:00 - Trian data: torch.Size([2, 2073, 3])
INFO - 08/30/24 16:56:34 - 0:00:00 - Trian data: torch.Size([2, 2073, 3])
INFO - 08/30/24 16:56:34 - 0:00:00 - ./../emc_data/MVSA train
                                     noise_0 : M1: 95.30±4.49 M2: 96.92±2.03 Min: 92.42±5.76 Max: 99.79±0.26 M: 98.99±0.98 Train mse: 2.95±0.20 Test mse: 3.00±0.23 Train M1 ECE: 3.84±1.11 Train M2 ECE: 4.03±1.91 Test M1 ECE: 1.87±1.55 Test M2 ECE: 7.93±3.31
                                     noise_5 : M1: 85.73±3.95 M2: 65.13±1.87 Min: 55.37±3.44 Max: 95.49±1.90 M: 89.60±2.78 Train mse: inf±nan Test mse: inf±nan Train M1 ECE: 9.23±2.18 Train M2 ECE: 18.07±6.18 Test M1 ECE: 6.28±1.84 Test M2 ECE: 15.60±5.65
                                     noise_10: M1: 74.96±7.02 M2: 60.19±2.29 Min: 43.31±4.07 Max: 91.85±4.34 M: 83.05±3.34 Train mse: inf±nan Test mse: inf±nan Train M1 ECE: 12.26±5.97 Train M2 ECE: 24.04±6.66 Test M1 ECE: 10.81±5.53 Test M2 ECE: 22.42±5.60
INFO - 08/30/24 16:56:34 - 0:00:00 - ./../emc_data/MVSA dev
INFO - 08/30/24 16:56:34 - 0:00:00 - Trian data: torch.Size([2, 2073, 3])
INFO - 08/30/24 16:56:34 - 0:00:00 - Trian data: torch.Size([2, 2073, 3])
INFO - 08/30/24 16:56:34 - 0:00:00 - Trian data: torch.Size([2, 2073, 3])
INFO - 08/30/24 16:56:34 - 0:00:00 - ./../emc_data/MVSA dev
                                     noise_0 : M1: 72.72±1.53 M2: 64.11±1.09 Min: 51.04±1.67 Max: 85.79±0.89 M: 76.10±1.46 Train mse: 2.95±0.20 Test mse: 2.77±0.15 Train M1 ECE: 3.84±1.11 Train M2 ECE: 4.03±1.91 Test M1 ECE: 17.11±3.21 Test M2 ECE: 14.22±3.48
                                     noise_5 : M1: 70.79±1.61 M2: 46.12±1.03 Min: 34.11±1.17 Max: 82.80±1.39 M: 72.43±2.04 Train mse: inf±nan Test mse: inf±nan Train M1 ECE: 9.23±2.18 Train M2 ECE: 18.07±6.18 Test M1 ECE: 18.57±3.24 Test M2 ECE: 27.85±6.66
                                     noise_10: M1: 61.85±6.45 M2: 42.08±1.42 Min: 25.85±2.85 Max: 78.09±4.26 M: 63.15±3.35 Train mse: inf±nan Test mse: inf±nan Train M1 ECE: 12.26±5.97 Train M2 ECE: 24.04±6.66 Test M1 ECE: 20.47±5.85 Test M2 ECE: 32.41±7.64
INFO - 08/30/24 16:56:34 - 0:00:00 - ./../emc_data/MVSA test
INFO - 08/30/24 16:56:34 - 0:00:00 - Trian data: torch.Size([2, 2073, 3])
INFO - 08/30/24 16:56:34 - 0:00:00 - Trian data: torch.Size([2, 2073, 3])
INFO - 08/30/24 16:56:34 - 0:00:00 - Trian data: torch.Size([2, 2073, 3])
INFO - 08/30/24 16:56:34 - 0:00:00 - ./../emc_data/MVSA test
                                     noise_0 : M1: 76.22±1.18 M2: 63.33±1.64 Min: 51.33±1.35 Max: 88.23±1.07 M: 79.09±1.28 Train mse: 2.95±0.20 Test mse: 2.77±0.16 Train M1 ECE: 3.84±1.11 Train M2 ECE: 4.03±1.91 Test M1 ECE: 14.59±4.30 Test M2 ECE: 14.46±3.87
                                     noise_5 : M1: 71.25±1.54 M2: 47.48±1.73 Min: 33.80±2.12 Max: 84.93±1.11 M: 73.43±1.26 Train mse: inf±nan Test mse: inf±nan Train M1 ECE: 9.23±2.18 Train M2 ECE: 18.07±6.18 Test M1 ECE: 18.20±4.55 Test M2 ECE: 26.52±5.77
                                     noise_10: M1: 64.05±4.32 M2: 42.25±2.99 Min: 25.68±2.69 Max: 80.62±3.13 M: 66.40±1.30 Train mse: inf±nan Test mse: inf±nan Train M1 ECE: 12.26±5.97 Train M2 ECE: 24.04±6.66 Test M1 ECE: 18.91±6.79 Test M2 ECE: 32.02±8.12
INFO - 08/30/24 17:01:30 - 0:00:00 - batch_size: 128
                                     data_nums: 1,2,3,4,5,6,7,8,9,10
                                     dataset: MVSA
                                     device: cuda:0
                                     epochs: 100
                                     gpu: 0
                                     lr: 0.001
                                     model: CalNet
                                     n_nodes: 128
                                     name: MVSA_Single_emc
                                     nlayers: 1
                                     noise: 0,5,10
                                     output_dir: ../emc_data
                                     path: ./../emc_data/MVSA
                                     seed: 42
                                     top_k_logits: 200
INFO - 08/30/24 17:01:30 - 0:00:00 - ./../emc_data/MVSA train
INFO - 08/30/24 17:01:30 - 0:00:00 - Trian data: torch.Size([2, 2073, 3])
INFO - 08/30/24 17:01:30 - 0:00:00 - Trian data: torch.Size([2, 2073, 3])
INFO - 08/30/24 17:01:30 - 0:00:00 - Trian data: torch.Size([2, 2073, 3])
INFO - 08/30/24 17:01:30 - 0:00:00 - ./../emc_data/MVSA train
                                     noise_0 : M1: 95.30±4.49 M2: 96.92±2.03 Min: 92.42±5.76 Max: 99.79±0.26 M: 98.98±1.01 Train mse: nan±nan Test mse: nan±nan Train M1 ECE: 3.84±1.11 Train M2 ECE: 4.03±1.91 Test M1 ECE: 1.87±1.55 Test M2 ECE: 7.93±3.31
                                     noise_5 : M1: 85.73±3.95 M2: 65.13±1.87 Min: 55.37±3.44 Max: 95.49±1.90 M: 89.74±2.86 Train mse: 2.52±0.28 Test mse: 2.55±0.28 Train M1 ECE: 9.23±2.18 Train M2 ECE: 18.07±6.18 Test M1 ECE: 6.28±1.84 Test M2 ECE: 15.60±5.65
                                     noise_10: M1: 74.96±7.02 M2: 60.19±2.29 Min: 43.31±4.07 Max: 91.85±4.34 M: 82.92±3.30 Train mse: nan±nan Test mse: nan±nan Train M1 ECE: 12.26±5.97 Train M2 ECE: 24.04±6.66 Test M1 ECE: 10.81±5.53 Test M2 ECE: 22.42±5.60
INFO - 08/30/24 17:01:30 - 0:00:00 - ./../emc_data/MVSA dev
INFO - 08/30/24 17:01:30 - 0:00:00 - Trian data: torch.Size([2, 2073, 3])
INFO - 08/30/24 17:01:30 - 0:00:00 - Trian data: torch.Size([2, 2073, 3])
INFO - 08/30/24 17:01:30 - 0:00:00 - Trian data: torch.Size([2, 2073, 3])
INFO - 08/30/24 17:01:30 - 0:00:00 - ./../emc_data/MVSA dev
                                     noise_0 : M1: 72.72±1.53 M2: 64.11±1.09 Min: 51.04±1.67 Max: 85.79±0.89 M: 76.10±1.40 Train mse: nan±nan Test mse: nan±nan Train M1 ECE: 3.84±1.11 Train M2 ECE: 4.03±1.91 Test M1 ECE: 17.11±3.21 Test M2 ECE: 14.22±3.48
                                     noise_5 : M1: 70.79±1.61 M2: 46.12±1.03 Min: 34.11±1.17 Max: 82.80±1.39 M: 72.66±2.00 Train mse: 2.52±0.28 Test mse: 2.43±0.26 Train M1 ECE: 9.23±2.18 Train M2 ECE: 18.07±6.18 Test M1 ECE: 18.57±3.24 Test M2 ECE: 27.85±6.66
                                     noise_10: M1: 61.85±6.45 M2: 42.08±1.42 Min: 25.85±2.85 Max: 78.09±4.26 M: 63.63±3.68 Train mse: nan±nan Test mse: nan±nan Train M1 ECE: 12.26±5.97 Train M2 ECE: 24.04±6.66 Test M1 ECE: 20.47±5.85 Test M2 ECE: 32.41±7.64
INFO - 08/30/24 17:01:30 - 0:00:00 - ./../emc_data/MVSA test
INFO - 08/30/24 17:01:30 - 0:00:00 - Trian data: torch.Size([2, 2073, 3])
INFO - 08/30/24 17:01:30 - 0:00:00 - Trian data: torch.Size([2, 2073, 3])
INFO - 08/30/24 17:01:30 - 0:00:00 - Trian data: torch.Size([2, 2073, 3])
INFO - 08/30/24 17:01:30 - 0:00:00 - ./../emc_data/MVSA test
                                     noise_0 : M1: 76.22±1.18 M2: 63.33±1.64 Min: 51.33±1.35 Max: 88.23±1.07 M: 79.04±1.35 Train mse: nan±nan Test mse: nan±nan Train M1 ECE: 3.84±1.11 Train M2 ECE: 4.03±1.91 Test M1 ECE: 14.59±4.30 Test M2 ECE: 14.46±3.87
                                     noise_5 : M1: 71.25±1.54 M2: 47.48±1.73 Min: 33.80±2.12 Max: 84.93±1.11 M: 73.60±1.73 Train mse: 2.52±0.28 Test mse: 2.42±0.26 Train M1 ECE: 9.23±2.18 Train M2 ECE: 18.07±6.18 Test M1 ECE: 18.20±4.55 Test M2 ECE: 26.52±5.77
                                     noise_10: M1: 64.05±4.32 M2: 42.25±2.99 Min: 25.68±2.69 Max: 80.62±3.13 M: 66.55±1.40 Train mse: nan±nan Test mse: nan±nan Train M1 ECE: 12.26±5.97 Train M2 ECE: 24.04±6.66 Test M1 ECE: 18.91±6.79 Test M2 ECE: 32.02±8.12
INFO - 08/30/24 17:01:46 - 0:00:00 - batch_size: 128
                                     data_nums: 1,2,3,4,5,6,7,8,9,10
                                     dataset: MVSA
                                     device: cuda:0
                                     epochs: 100
                                     gpu: 0
                                     lr: 0.001
                                     model: CalNet
                                     n_nodes: 128
                                     name: MVSA_Single_emc
                                     nlayers: 1
                                     noise: 0,5,10
                                     output_dir: ../emc_data
                                     path: ./../emc_data/MVSA
                                     seed: 42
                                     top_k_logits: 200
INFO - 08/30/24 17:01:46 - 0:00:00 - ./../emc_data/MVSA train
INFO - 08/30/24 17:01:46 - 0:00:00 - Trian data: torch.Size([2, 2073, 3])
INFO - 08/30/24 17:01:46 - 0:00:00 - Trian data: torch.Size([2, 2073, 3])
INFO - 08/30/24 17:01:46 - 0:00:00 - Trian data: torch.Size([2, 2073, 3])
INFO - 08/30/24 17:01:46 - 0:00:00 - ./../emc_data/MVSA train
                                     noise_0 : M1: 95.30±4.49 M2: 96.92±2.03 Min: 92.42±5.76 Max: 99.79±0.26 M: 98.99±0.98 Train mse: 2.95±0.20 Test mse: 3.00±0.23 Train M1 ECE: 3.84±1.11 Train M2 ECE: 4.03±1.91 Test M1 ECE: 1.87±1.55 Test M2 ECE: 7.93±3.31
                                     noise_5 : M1: 85.73±3.95 M2: 65.13±1.87 Min: 55.37±3.44 Max: 95.49±1.90 M: 89.60±2.78 Train mse: inf±nan Test mse: inf±nan Train M1 ECE: 9.23±2.18 Train M2 ECE: 18.07±6.18 Test M1 ECE: 6.28±1.84 Test M2 ECE: 15.60±5.65
                                     noise_10: M1: 74.96±7.02 M2: 60.19±2.29 Min: 43.31±4.07 Max: 91.85±4.34 M: 83.05±3.34 Train mse: inf±nan Test mse: inf±nan Train M1 ECE: 12.26±5.97 Train M2 ECE: 24.04±6.66 Test M1 ECE: 10.81±5.53 Test M2 ECE: 22.42±5.60
INFO - 08/30/24 17:01:46 - 0:00:00 - ./../emc_data/MVSA dev
INFO - 08/30/24 17:01:46 - 0:00:00 - Trian data: torch.Size([2, 2073, 3])
INFO - 08/30/24 17:01:46 - 0:00:00 - Trian data: torch.Size([2, 2073, 3])
INFO - 08/30/24 17:01:46 - 0:00:00 - Trian data: torch.Size([2, 2073, 3])
INFO - 08/30/24 17:01:46 - 0:00:00 - ./../emc_data/MVSA dev
                                     noise_0 : M1: 72.72±1.53 M2: 64.11±1.09 Min: 51.04±1.67 Max: 85.79±0.89 M: 76.10±1.46 Train mse: 2.95±0.20 Test mse: 2.77±0.15 Train M1 ECE: 3.84±1.11 Train M2 ECE: 4.03±1.91 Test M1 ECE: 17.11±3.21 Test M2 ECE: 14.22±3.48
                                     noise_5 : M1: 70.79±1.61 M2: 46.12±1.03 Min: 34.11±1.17 Max: 82.80±1.39 M: 72.43±2.04 Train mse: inf±nan Test mse: inf±nan Train M1 ECE: 9.23±2.18 Train M2 ECE: 18.07±6.18 Test M1 ECE: 18.57±3.24 Test M2 ECE: 27.85±6.66
                                     noise_10: M1: 61.85±6.45 M2: 42.08±1.42 Min: 25.85±2.85 Max: 78.09±4.26 M: 63.15±3.35 Train mse: inf±nan Test mse: inf±nan Train M1 ECE: 12.26±5.97 Train M2 ECE: 24.04±6.66 Test M1 ECE: 20.47±5.85 Test M2 ECE: 32.41±7.64
INFO - 08/30/24 17:01:46 - 0:00:00 - ./../emc_data/MVSA test
INFO - 08/30/24 17:01:46 - 0:00:00 - Trian data: torch.Size([2, 2073, 3])
INFO - 08/30/24 17:01:46 - 0:00:00 - Trian data: torch.Size([2, 2073, 3])
INFO - 08/30/24 17:01:46 - 0:00:00 - Trian data: torch.Size([2, 2073, 3])
INFO - 08/30/24 17:01:46 - 0:00:00 - ./../emc_data/MVSA test
                                     noise_0 : M1: 76.22±1.18 M2: 63.33±1.64 Min: 51.33±1.35 Max: 88.23±1.07 M: 79.09±1.28 Train mse: 2.95±0.20 Test mse: 2.77±0.16 Train M1 ECE: 3.84±1.11 Train M2 ECE: 4.03±1.91 Test M1 ECE: 14.59±4.30 Test M2 ECE: 14.46±3.87
                                     noise_5 : M1: 71.25±1.54 M2: 47.48±1.73 Min: 33.80±2.12 Max: 84.93±1.11 M: 73.43±1.26 Train mse: inf±nan Test mse: inf±nan Train M1 ECE: 9.23±2.18 Train M2 ECE: 18.07±6.18 Test M1 ECE: 18.20±4.55 Test M2 ECE: 26.52±5.77
                                     noise_10: M1: 64.05±4.32 M2: 42.25±2.99 Min: 25.68±2.69 Max: 80.62±3.13 M: 66.40±1.30 Train mse: inf±nan Test mse: inf±nan Train M1 ECE: 12.26±5.97 Train M2 ECE: 24.04±6.66 Test M1 ECE: 18.91±6.79 Test M2 ECE: 32.02±8.12
INFO - 08/30/24 17:03:10 - 0:00:00 - batch_size: 128
                                     data_nums: 1,2,3,4,5,6,7,8,9,10
                                     dataset: MVSA
                                     device: cuda:0
                                     epochs: 100
                                     gpu: 0
                                     lr: 0.001
                                     model: CalNet
                                     n_nodes: 128
                                     name: MVSA_Single_emc
                                     nlayers: 1
                                     noise: 0,5,10
                                     output_dir: ../emc_data
                                     path: ./../emc_data/MVSA
                                     seed: 42
                                     top_k_logits: 200
INFO - 08/30/24 17:03:10 - 0:00:00 - ./../emc_data/MVSA train
INFO - 08/30/24 17:03:10 - 0:00:00 - Trian data: torch.Size([2, 2073, 3])
INFO - 08/30/24 17:03:10 - 0:00:00 - Trian data: torch.Size([2, 2073, 3])
INFO - 08/30/24 17:03:10 - 0:00:00 - Trian data: torch.Size([2, 2073, 3])
INFO - 08/30/24 17:03:10 - 0:00:00 - ./../emc_data/MVSA train
                                     noise_0 : M1: 95.30±4.49 M2: 96.92±2.03 Min: 92.42±5.76 Max: 99.79±0.26 M: 98.98±1.02 Train mse: 2.31±0.19 Test mse: 2.35±0.21 Train M1 ECE: 3.84±1.11 Train M2 ECE: 4.03±1.91 Test M1 ECE: 1.87±1.55 Test M2 ECE: 7.93±3.31
                                     noise_5 : M1: 85.73±3.95 M2: 65.13±1.87 Min: 55.37±3.44 Max: 95.49±1.90 M: 88.11±3.61 Train mse: inf±nan Test mse: inf±nan Train M1 ECE: 9.23±2.18 Train M2 ECE: 18.07±6.18 Test M1 ECE: 6.28±1.84 Test M2 ECE: 15.60±5.65
                                     noise_10: M1: 74.96±7.02 M2: 60.19±2.29 Min: 43.31±4.07 Max: 91.85±4.34 M: 80.88±4.20 Train mse: inf±nan Test mse: inf±nan Train M1 ECE: 12.26±5.97 Train M2 ECE: 24.04±6.66 Test M1 ECE: 10.81±5.53 Test M2 ECE: 22.42±5.60
INFO - 08/30/24 17:03:10 - 0:00:00 - ./../emc_data/MVSA dev
INFO - 08/30/24 17:03:10 - 0:00:00 - Trian data: torch.Size([2, 2073, 3])
INFO - 08/30/24 17:03:10 - 0:00:00 - Trian data: torch.Size([2, 2073, 3])
INFO - 08/30/24 17:03:10 - 0:00:00 - Trian data: torch.Size([2, 2073, 3])
INFO - 08/30/24 17:03:10 - 0:00:00 - ./../emc_data/MVSA dev
                                     noise_0 : M1: 72.72±1.53 M2: 64.11±1.09 Min: 51.04±1.67 Max: 85.79±0.89 M: 75.75±1.60 Train mse: 2.31±0.19 Test mse: 2.18±0.15 Train M1 ECE: 3.84±1.11 Train M2 ECE: 4.03±1.91 Test M1 ECE: 17.11±3.21 Test M2 ECE: 14.22±3.48
                                     noise_5 : M1: 70.79±1.61 M2: 46.12±1.03 Min: 34.11±1.17 Max: 82.80±1.39 M: 71.00±2.17 Train mse: inf±nan Test mse: inf±nan Train M1 ECE: 9.23±2.18 Train M2 ECE: 18.07±6.18 Test M1 ECE: 18.57±3.24 Test M2 ECE: 27.85±6.66
                                     noise_10: M1: 61.85±6.45 M2: 42.08±1.42 Min: 25.85±2.85 Max: 78.09±4.26 M: 61.72±3.39 Train mse: inf±nan Test mse: inf±nan Train M1 ECE: 12.26±5.97 Train M2 ECE: 24.04±6.66 Test M1 ECE: 20.47±5.85 Test M2 ECE: 32.41±7.64
INFO - 08/30/24 17:03:10 - 0:00:00 - ./../emc_data/MVSA test
INFO - 08/30/24 17:03:10 - 0:00:00 - Trian data: torch.Size([2, 2073, 3])
INFO - 08/30/24 17:03:10 - 0:00:00 - Trian data: torch.Size([2, 2073, 3])
INFO - 08/30/24 17:03:10 - 0:00:00 - Trian data: torch.Size([2, 2073, 3])
INFO - 08/30/24 17:03:10 - 0:00:00 - ./../emc_data/MVSA test
                                     noise_0 : M1: 76.22±1.18 M2: 63.33±1.64 Min: 51.33±1.35 Max: 88.23±1.07 M: 78.63±1.43 Train mse: 2.31±0.19 Test mse: 2.18±0.16 Train M1 ECE: 3.84±1.11 Train M2 ECE: 4.03±1.91 Test M1 ECE: 14.59±4.30 Test M2 ECE: 14.46±3.87
                                     noise_5 : M1: 71.25±1.54 M2: 47.48±1.73 Min: 33.80±2.12 Max: 84.93±1.11 M: 71.21±2.33 Train mse: inf±nan Test mse: inf±nan Train M1 ECE: 9.23±2.18 Train M2 ECE: 18.07±6.18 Test M1 ECE: 18.20±4.55 Test M2 ECE: 26.52±5.77
                                     noise_10: M1: 64.05±4.32 M2: 42.25±2.99 Min: 25.68±2.69 Max: 80.62±3.13 M: 64.97±2.36 Train mse: inf±nan Test mse: inf±nan Train M1 ECE: 12.26±5.97 Train M2 ECE: 24.04±6.66 Test M1 ECE: 18.91±6.79 Test M2 ECE: 32.02±8.12
INFO - 08/30/24 17:05:19 - 0:00:00 - batch_size: 128
                                     data_nums: 1,2,3,4,5,6,7,8,9,10
                                     dataset: MVSA
                                     device: cuda:0
                                     epochs: 100
                                     gpu: 0
                                     lr: 0.001
                                     model: CalNet
                                     n_nodes: 128
                                     name: MVSA_Single_emc
                                     nlayers: 1
                                     noise: 0,5,10
                                     output_dir: ../emc_data
                                     path: ./../emc_data/MVSA
                                     seed: 42
                                     top_k_logits: 200
INFO - 08/30/24 17:05:19 - 0:00:00 - ./../emc_data/MVSA train
INFO - 08/30/24 17:05:19 - 0:00:00 - Trian data: torch.Size([2, 2073, 3])
INFO - 08/30/24 17:05:19 - 0:00:00 - Trian data: torch.Size([2, 2073, 3])
INFO - 08/30/24 17:05:19 - 0:00:00 - Trian data: torch.Size([2, 2073, 3])
INFO - 08/30/24 17:05:19 - 0:00:00 - ./../emc_data/MVSA train
                                     noise_0 : M1: 95.30±4.49 M2: 96.92±2.03 Min: 92.42±5.76 Max: 99.79±0.26 M: 98.99±0.98 Train mse: 2.95±0.20 Test mse: 3.00±0.23 Train M1 ECE: 3.84±1.11 Train M2 ECE: 4.03±1.91 Test M1 ECE: 1.87±1.55 Test M2 ECE: 7.93±3.31
                                     noise_5 : M1: 85.73±3.95 M2: 65.13±1.87 Min: 55.37±3.44 Max: 95.49±1.90 M: 89.60±2.78 Train mse: inf±nan Test mse: inf±nan Train M1 ECE: 9.23±2.18 Train M2 ECE: 18.07±6.18 Test M1 ECE: 6.28±1.84 Test M2 ECE: 15.60±5.65
                                     noise_10: M1: 74.96±7.02 M2: 60.19±2.29 Min: 43.31±4.07 Max: 91.85±4.34 M: 83.04±3.34 Train mse: inf±nan Test mse: inf±nan Train M1 ECE: 12.26±5.97 Train M2 ECE: 24.04±6.66 Test M1 ECE: 10.81±5.53 Test M2 ECE: 22.42±5.60
INFO - 08/30/24 17:05:19 - 0:00:00 - ./../emc_data/MVSA dev
INFO - 08/30/24 17:05:19 - 0:00:00 - Trian data: torch.Size([2, 2073, 3])
INFO - 08/30/24 17:05:19 - 0:00:00 - Trian data: torch.Size([2, 2073, 3])
INFO - 08/30/24 17:05:19 - 0:00:00 - Trian data: torch.Size([2, 2073, 3])
INFO - 08/30/24 17:05:20 - 0:00:01 - ./../emc_data/MVSA dev
                                     noise_0 : M1: 72.72±1.53 M2: 64.11±1.09 Min: 51.04±1.67 Max: 85.79±0.89 M: 76.10±1.46 Train mse: 2.95±0.20 Test mse: 2.77±0.15 Train M1 ECE: 3.84±1.11 Train M2 ECE: 4.03±1.91 Test M1 ECE: 17.11±3.21 Test M2 ECE: 14.22±3.48
                                     noise_5 : M1: 70.79±1.61 M2: 46.12±1.03 Min: 34.11±1.17 Max: 82.80±1.39 M: 72.39±2.05 Train mse: inf±nan Test mse: inf±nan Train M1 ECE: 9.23±2.18 Train M2 ECE: 18.07±6.18 Test M1 ECE: 18.57±3.24 Test M2 ECE: 27.85±6.66
                                     noise_10: M1: 61.85±6.45 M2: 42.08±1.42 Min: 25.85±2.85 Max: 78.09±4.26 M: 63.11±3.37 Train mse: inf±nan Test mse: inf±nan Train M1 ECE: 12.26±5.97 Train M2 ECE: 24.04±6.66 Test M1 ECE: 20.47±5.85 Test M2 ECE: 32.41±7.64
INFO - 08/30/24 17:05:20 - 0:00:01 - ./../emc_data/MVSA test
INFO - 08/30/24 17:05:20 - 0:00:01 - Trian data: torch.Size([2, 2073, 3])
INFO - 08/30/24 17:05:20 - 0:00:01 - Trian data: torch.Size([2, 2073, 3])
INFO - 08/30/24 17:05:20 - 0:00:01 - Trian data: torch.Size([2, 2073, 3])
INFO - 08/30/24 17:05:20 - 0:00:01 - ./../emc_data/MVSA test
                                     noise_0 : M1: 76.22±1.18 M2: 63.33±1.64 Min: 51.33±1.35 Max: 88.23±1.07 M: 79.09±1.28 Train mse: 2.95±0.20 Test mse: 2.77±0.16 Train M1 ECE: 3.84±1.11 Train M2 ECE: 4.03±1.91 Test M1 ECE: 14.59±4.30 Test M2 ECE: 14.46±3.87
                                     noise_5 : M1: 71.25±1.54 M2: 47.48±1.73 Min: 33.80±2.12 Max: 84.93±1.11 M: 73.41±1.30 Train mse: inf±nan Test mse: inf±nan Train M1 ECE: 9.23±2.18 Train M2 ECE: 18.07±6.18 Test M1 ECE: 18.20±4.55 Test M2 ECE: 26.52±5.77
                                     noise_10: M1: 64.05±4.32 M2: 42.25±2.99 Min: 25.68±2.69 Max: 80.62±3.13 M: 66.42±1.29 Train mse: inf±nan Test mse: inf±nan Train M1 ECE: 12.26±5.97 Train M2 ECE: 24.04±6.66 Test M1 ECE: 18.91±6.79 Test M2 ECE: 32.02±8.12
INFO - 08/30/24 17:07:45 - 0:00:00 - batch_size: 128
                                     data_nums: 1,2,3,4,5,6,7,8,9,10
                                     dataset: MVSA
                                     device: cuda:0
                                     epochs: 100
                                     gpu: 0
                                     lr: 0.001
                                     model: CalNet
                                     n_nodes: 128
                                     name: MVSA_Single_emc
                                     nlayers: 1
                                     noise: 0,5,10
                                     output_dir: ../emc_data
                                     path: ./../emc_data/MVSA
                                     seed: 42
                                     top_k_logits: 200
INFO - 08/30/24 17:07:45 - 0:00:00 - ./../emc_data/MVSA train
INFO - 08/30/24 17:07:45 - 0:00:00 - Trian data: torch.Size([2, 2073, 3])
INFO - 08/30/24 17:07:45 - 0:00:00 - Trian data: torch.Size([2, 2073, 3])
INFO - 08/30/24 17:07:45 - 0:00:00 - Trian data: torch.Size([2, 2073, 3])
INFO - 08/30/24 17:07:45 - 0:00:00 - ./../emc_data/MVSA train
                                     noise_0 : M1: 95.30±4.49 M2: 96.92±2.03 Min: 92.42±5.76 Max: 99.79±0.26 M: 98.99±0.98 Train mse: 2.95±0.20 Test mse: 3.00±0.23 Train M1 ECE: 3.84±1.11 Train M2 ECE: 4.03±1.91 Test M1 ECE: 1.87±1.55 Test M2 ECE: 7.93±3.31
                                     noise_5 : M1: 85.73±3.95 M2: 65.13±1.87 Min: 55.37±3.44 Max: 95.49±1.90 M: 89.60±2.78 Train mse: inf±nan Test mse: inf±nan Train M1 ECE: 9.23±2.18 Train M2 ECE: 18.07±6.18 Test M1 ECE: 6.28±1.84 Test M2 ECE: 15.60±5.65
                                     noise_10: M1: 74.96±7.02 M2: 60.19±2.29 Min: 43.31±4.07 Max: 91.85±4.34 M: 83.05±3.34 Train mse: inf±nan Test mse: inf±nan Train M1 ECE: 12.26±5.97 Train M2 ECE: 24.04±6.66 Test M1 ECE: 10.81±5.53 Test M2 ECE: 22.42±5.60
INFO - 08/30/24 17:07:45 - 0:00:00 - ./../emc_data/MVSA dev
INFO - 08/30/24 17:07:45 - 0:00:00 - Trian data: torch.Size([2, 2073, 3])
INFO - 08/30/24 17:07:45 - 0:00:00 - Trian data: torch.Size([2, 2073, 3])
INFO - 08/30/24 17:07:45 - 0:00:00 - Trian data: torch.Size([2, 2073, 3])
INFO - 08/30/24 17:07:45 - 0:00:00 - ./../emc_data/MVSA dev
                                     noise_0 : M1: 72.72±1.53 M2: 64.11±1.09 Min: 51.04±1.67 Max: 85.79±0.89 M: 76.10±1.46 Train mse: 2.95±0.20 Test mse: 2.77±0.15 Train M1 ECE: 3.84±1.11 Train M2 ECE: 4.03±1.91 Test M1 ECE: 17.11±3.21 Test M2 ECE: 14.22±3.48
                                     noise_5 : M1: 70.79±1.61 M2: 46.12±1.03 Min: 34.11±1.17 Max: 82.80±1.39 M: 72.43±2.04 Train mse: inf±nan Test mse: inf±nan Train M1 ECE: 9.23±2.18 Train M2 ECE: 18.07±6.18 Test M1 ECE: 18.57±3.24 Test M2 ECE: 27.85±6.66
                                     noise_10: M1: 61.85±6.45 M2: 42.08±1.42 Min: 25.85±2.85 Max: 78.09±4.26 M: 63.15±3.35 Train mse: inf±nan Test mse: inf±nan Train M1 ECE: 12.26±5.97 Train M2 ECE: 24.04±6.66 Test M1 ECE: 20.47±5.85 Test M2 ECE: 32.41±7.64
INFO - 08/30/24 17:07:45 - 0:00:00 - ./../emc_data/MVSA test
INFO - 08/30/24 17:07:45 - 0:00:00 - Trian data: torch.Size([2, 2073, 3])
INFO - 08/30/24 17:07:45 - 0:00:00 - Trian data: torch.Size([2, 2073, 3])
INFO - 08/30/24 17:07:45 - 0:00:00 - Trian data: torch.Size([2, 2073, 3])
INFO - 08/30/24 17:07:45 - 0:00:00 - ./../emc_data/MVSA test
                                     noise_0 : M1: 76.22±1.18 M2: 63.33±1.64 Min: 51.33±1.35 Max: 88.23±1.07 M: 79.09±1.28 Train mse: 2.95±0.20 Test mse: 2.77±0.16 Train M1 ECE: 3.84±1.11 Train M2 ECE: 4.03±1.91 Test M1 ECE: 14.59±4.30 Test M2 ECE: 14.46±3.87
                                     noise_5 : M1: 71.25±1.54 M2: 47.48±1.73 Min: 33.80±2.12 Max: 84.93±1.11 M: 73.43±1.26 Train mse: inf±nan Test mse: inf±nan Train M1 ECE: 9.23±2.18 Train M2 ECE: 18.07±6.18 Test M1 ECE: 18.20±4.55 Test M2 ECE: 26.52±5.77
                                     noise_10: M1: 64.05±4.32 M2: 42.25±2.99 Min: 25.68±2.69 Max: 80.62±3.13 M: 66.40±1.30 Train mse: inf±nan Test mse: inf±nan Train M1 ECE: 12.26±5.97 Train M2 ECE: 24.04±6.66 Test M1 ECE: 18.91±6.79 Test M2 ECE: 32.02±8.12
INFO - 08/30/24 17:08:10 - 0:00:00 - batch_size: 128
                                     data_nums: 1,2,3,4,5,6,7,8,9,10
                                     dataset: MVSA
                                     device: cuda:0
                                     epochs: 100
                                     gpu: 0
                                     lr: 0.001
                                     model: CalNet
                                     n_nodes: 128
                                     name: MVSA_Single_emc
                                     nlayers: 1
                                     noise: 0,5,10
                                     output_dir: ../emc_data
                                     path: ./../emc_data/MVSA
                                     seed: 42
                                     top_k_logits: 200
INFO - 08/30/24 17:08:10 - 0:00:00 - ./../emc_data/MVSA train
INFO - 08/30/24 17:08:10 - 0:00:00 - Trian data: torch.Size([2, 2073, 3])
INFO - 08/30/24 17:08:10 - 0:00:00 - Trian data: torch.Size([2, 2073, 3])
INFO - 08/30/24 17:08:10 - 0:00:00 - Trian data: torch.Size([2, 2073, 3])
INFO - 08/30/24 17:08:10 - 0:00:00 - ./../emc_data/MVSA train
                                     noise_0 : M1: 95.30±4.49 M2: 96.92±2.03 Min: 92.42±5.76 Max: 99.79±0.26 M: 98.99±0.98 Train mse: 2.95±0.20 Test mse: 3.00±0.23 Train M1 ECE: 3.84±1.11 Train M2 ECE: 4.03±1.91 Test M1 ECE: 1.87±1.55 Test M2 ECE: 7.93±3.31
                                     noise_5 : M1: 85.73±3.95 M2: 65.13±1.87 Min: 55.37±3.44 Max: 95.49±1.90 M: 89.60±2.78 Train mse: inf±nan Test mse: inf±nan Train M1 ECE: 9.23±2.18 Train M2 ECE: 18.07±6.18 Test M1 ECE: 6.28±1.84 Test M2 ECE: 15.60±5.65
                                     noise_10: M1: 74.96±7.02 M2: 60.19±2.29 Min: 43.31±4.07 Max: 91.85±4.34 M: 83.05±3.34 Train mse: inf±nan Test mse: inf±nan Train M1 ECE: 12.26±5.97 Train M2 ECE: 24.04±6.66 Test M1 ECE: 10.81±5.53 Test M2 ECE: 22.42±5.60
INFO - 08/30/24 17:08:10 - 0:00:00 - ./../emc_data/MVSA dev
INFO - 08/30/24 17:08:10 - 0:00:00 - Trian data: torch.Size([2, 2073, 3])
INFO - 08/30/24 17:08:10 - 0:00:00 - Trian data: torch.Size([2, 2073, 3])
INFO - 08/30/24 17:08:10 - 0:00:00 - Trian data: torch.Size([2, 2073, 3])
INFO - 08/30/24 17:08:10 - 0:00:00 - ./../emc_data/MVSA dev
                                     noise_0 : M1: 72.72±1.53 M2: 64.11±1.09 Min: 51.04±1.67 Max: 85.79±0.89 M: 76.10±1.46 Train mse: 2.95±0.20 Test mse: 2.77±0.15 Train M1 ECE: 3.84±1.11 Train M2 ECE: 4.03±1.91 Test M1 ECE: 17.11±3.21 Test M2 ECE: 14.22±3.48
                                     noise_5 : M1: 70.79±1.61 M2: 46.12±1.03 Min: 34.11±1.17 Max: 82.80±1.39 M: 72.43±2.04 Train mse: inf±nan Test mse: inf±nan Train M1 ECE: 9.23±2.18 Train M2 ECE: 18.07±6.18 Test M1 ECE: 18.57±3.24 Test M2 ECE: 27.85±6.66
                                     noise_10: M1: 61.85±6.45 M2: 42.08±1.42 Min: 25.85±2.85 Max: 78.09±4.26 M: 63.15±3.35 Train mse: inf±nan Test mse: inf±nan Train M1 ECE: 12.26±5.97 Train M2 ECE: 24.04±6.66 Test M1 ECE: 20.47±5.85 Test M2 ECE: 32.41±7.64
INFO - 08/30/24 17:08:10 - 0:00:00 - ./../emc_data/MVSA test
INFO - 08/30/24 17:08:10 - 0:00:00 - Trian data: torch.Size([2, 2073, 3])
INFO - 08/30/24 17:08:10 - 0:00:00 - Trian data: torch.Size([2, 2073, 3])
INFO - 08/30/24 17:08:10 - 0:00:00 - Trian data: torch.Size([2, 2073, 3])
INFO - 08/30/24 17:08:10 - 0:00:00 - ./../emc_data/MVSA test
                                     noise_0 : M1: 76.22±1.18 M2: 63.33±1.64 Min: 51.33±1.35 Max: 88.23±1.07 M: 79.09±1.28 Train mse: 2.95±0.20 Test mse: 2.77±0.16 Train M1 ECE: 3.84±1.11 Train M2 ECE: 4.03±1.91 Test M1 ECE: 14.59±4.30 Test M2 ECE: 14.46±3.87
                                     noise_5 : M1: 71.25±1.54 M2: 47.48±1.73 Min: 33.80±2.12 Max: 84.93±1.11 M: 73.43±1.26 Train mse: inf±nan Test mse: inf±nan Train M1 ECE: 9.23±2.18 Train M2 ECE: 18.07±6.18 Test M1 ECE: 18.20±4.55 Test M2 ECE: 26.52±5.77
                                     noise_10: M1: 64.05±4.32 M2: 42.25±2.99 Min: 25.68±2.69 Max: 80.62±3.13 M: 66.40±1.30 Train mse: inf±nan Test mse: inf±nan Train M1 ECE: 12.26±5.97 Train M2 ECE: 24.04±6.66 Test M1 ECE: 18.91±6.79 Test M2 ECE: 32.02±8.12
INFO - 08/30/24 17:09:51 - 0:00:00 - batch_size: 128
                                     data_nums: 1,2,3,4,5,6,7,8,9,10
                                     dataset: MVSA
                                     device: cuda:0
                                     epochs: 100
                                     gpu: 0
                                     lr: 0.001
                                     model: CalNet
                                     n_nodes: 128
                                     name: MVSA_Single_emc
                                     nlayers: 1
                                     noise: 0,5,10
                                     output_dir: ../emc_data
                                     path: ./../emc_data/MVSA
                                     seed: 42
                                     top_k_logits: 200
INFO - 08/30/24 17:09:51 - 0:00:00 - ./../emc_data/MVSA train
INFO - 08/30/24 17:09:51 - 0:00:00 - Trian data: torch.Size([2, 2073, 3])
INFO - 08/30/24 17:09:51 - 0:00:00 - Trian data: torch.Size([2, 2073, 3])
INFO - 08/30/24 17:09:51 - 0:00:00 - Trian data: torch.Size([2, 2073, 3])
INFO - 08/30/24 17:09:51 - 0:00:00 - ./../emc_data/MVSA train
                                     noise_0 : M1: 95.30±4.49 M2: 96.92±2.03 Min: 92.42±5.76 Max: 99.79±0.26 M: 98.99±0.98 Train mse: 2.95±0.20 Test mse: 3.00±0.23 Train M1 ECE: 3.84±1.11 Train M2 ECE: 4.03±1.91 Test M1 ECE: 1.87±1.55 Test M2 ECE: 7.93±3.31
                                     noise_5 : M1: 85.73±3.95 M2: 65.13±1.87 Min: 55.37±3.44 Max: 95.49±1.90 M: 89.60±2.78 Train mse: inf±nan Test mse: inf±nan Train M1 ECE: 9.23±2.18 Train M2 ECE: 18.07±6.18 Test M1 ECE: 6.28±1.84 Test M2 ECE: 15.60±5.65
                                     noise_10: M1: 74.96±7.02 M2: 60.19±2.29 Min: 43.31±4.07 Max: 91.85±4.34 M: 83.05±3.34 Train mse: inf±nan Test mse: inf±nan Train M1 ECE: 12.26±5.97 Train M2 ECE: 24.04±6.66 Test M1 ECE: 10.81±5.53 Test M2 ECE: 22.42±5.60
INFO - 08/30/24 17:09:51 - 0:00:00 - ./../emc_data/MVSA dev
INFO - 08/30/24 17:09:51 - 0:00:00 - Trian data: torch.Size([2, 2073, 3])
INFO - 08/30/24 17:09:51 - 0:00:00 - Trian data: torch.Size([2, 2073, 3])
INFO - 08/30/24 17:09:51 - 0:00:00 - Trian data: torch.Size([2, 2073, 3])
INFO - 08/30/24 17:09:51 - 0:00:00 - ./../emc_data/MVSA dev
                                     noise_0 : M1: 72.72±1.53 M2: 64.11±1.09 Min: 51.04±1.67 Max: 85.79±0.89 M: 76.10±1.46 Train mse: 2.95±0.20 Test mse: 2.77±0.15 Train M1 ECE: 3.84±1.11 Train M2 ECE: 4.03±1.91 Test M1 ECE: 17.11±3.21 Test M2 ECE: 14.22±3.48
                                     noise_5 : M1: 70.79±1.61 M2: 46.12±1.03 Min: 34.11±1.17 Max: 82.80±1.39 M: 72.43±2.04 Train mse: inf±nan Test mse: inf±nan Train M1 ECE: 9.23±2.18 Train M2 ECE: 18.07±6.18 Test M1 ECE: 18.57±3.24 Test M2 ECE: 27.85±6.66
                                     noise_10: M1: 61.85±6.45 M2: 42.08±1.42 Min: 25.85±2.85 Max: 78.09±4.26 M: 63.15±3.35 Train mse: inf±nan Test mse: inf±nan Train M1 ECE: 12.26±5.97 Train M2 ECE: 24.04±6.66 Test M1 ECE: 20.47±5.85 Test M2 ECE: 32.41±7.64
INFO - 08/30/24 17:09:51 - 0:00:00 - ./../emc_data/MVSA test
INFO - 08/30/24 17:09:51 - 0:00:00 - Trian data: torch.Size([2, 2073, 3])
INFO - 08/30/24 17:09:51 - 0:00:00 - Trian data: torch.Size([2, 2073, 3])
INFO - 08/30/24 17:09:51 - 0:00:00 - Trian data: torch.Size([2, 2073, 3])
INFO - 08/30/24 17:09:51 - 0:00:00 - ./../emc_data/MVSA test
                                     noise_0 : M1: 76.22±1.18 M2: 63.33±1.64 Min: 51.33±1.35 Max: 88.23±1.07 M: 79.09±1.28 Train mse: 2.95±0.20 Test mse: 2.77±0.16 Train M1 ECE: 3.84±1.11 Train M2 ECE: 4.03±1.91 Test M1 ECE: 14.59±4.30 Test M2 ECE: 14.46±3.87
                                     noise_5 : M1: 71.25±1.54 M2: 47.48±1.73 Min: 33.80±2.12 Max: 84.93±1.11 M: 73.43±1.26 Train mse: inf±nan Test mse: inf±nan Train M1 ECE: 9.23±2.18 Train M2 ECE: 18.07±6.18 Test M1 ECE: 18.20±4.55 Test M2 ECE: 26.52±5.77
                                     noise_10: M1: 64.05±4.32 M2: 42.25±2.99 Min: 25.68±2.69 Max: 80.62±3.13 M: 66.40±1.30 Train mse: inf±nan Test mse: inf±nan Train M1 ECE: 12.26±5.97 Train M2 ECE: 24.04±6.66 Test M1 ECE: 18.91±6.79 Test M2 ECE: 32.02±8.12
INFO - 08/30/24 17:11:42 - 0:00:00 - batch_size: 128
                                     data_nums: 1,2,3,4,5,6,7,8,9,10
                                     dataset: MVSA
                                     device: cuda:0
                                     epochs: 100
                                     gpu: 0
                                     lr: 0.001
                                     model: CalNet
                                     n_nodes: 128
                                     name: MVSA_Single_emc
                                     nlayers: 1
                                     noise: 0,5,10
                                     output_dir: ../emc_data
                                     path: ./../emc_data/MVSA
                                     seed: 42
                                     top_k_logits: 200
INFO - 08/30/24 17:11:42 - 0:00:00 - ./../emc_data/MVSA train
INFO - 08/30/24 17:11:42 - 0:00:00 - Trian data: torch.Size([2, 2073, 3])
INFO - 08/30/24 17:11:42 - 0:00:00 - Trian data: torch.Size([2, 2073, 3])
INFO - 08/30/24 17:11:42 - 0:00:00 - Trian data: torch.Size([2, 2073, 3])
INFO - 08/30/24 17:11:42 - 0:00:00 - ./../emc_data/MVSA train
                                     noise_0 : M1: 95.30±4.49 M2: 96.92±2.03 Min: 92.42±5.76 Max: 99.79±0.26 M: 98.99±0.98 Train mse: 2.95±0.20 Test mse: 3.00±0.23 Train M1 ECE: 3.84±1.11 Train M2 ECE: 4.03±1.91 Test M1 ECE: 1.87±1.55 Test M2 ECE: 7.93±3.31
                                     noise_5 : M1: 85.73±3.95 M2: 65.13±1.87 Min: 55.37±3.44 Max: 95.49±1.90 M: 89.60±2.78 Train mse: inf±nan Test mse: inf±nan Train M1 ECE: 9.23±2.18 Train M2 ECE: 18.07±6.18 Test M1 ECE: 6.28±1.84 Test M2 ECE: 15.60±5.65
                                     noise_10: M1: 74.96±7.02 M2: 60.19±2.29 Min: 43.31±4.07 Max: 91.85±4.34 M: 83.05±3.34 Train mse: inf±nan Test mse: inf±nan Train M1 ECE: 12.26±5.97 Train M2 ECE: 24.04±6.66 Test M1 ECE: 10.81±5.53 Test M2 ECE: 22.42±5.60
INFO - 08/30/24 17:11:42 - 0:00:00 - ./../emc_data/MVSA dev
INFO - 08/30/24 17:11:42 - 0:00:00 - Trian data: torch.Size([2, 2073, 3])
INFO - 08/30/24 17:11:42 - 0:00:00 - Trian data: torch.Size([2, 2073, 3])
INFO - 08/30/24 17:11:42 - 0:00:00 - Trian data: torch.Size([2, 2073, 3])
INFO - 08/30/24 17:11:42 - 0:00:00 - ./../emc_data/MVSA dev
                                     noise_0 : M1: 72.72±1.53 M2: 64.11±1.09 Min: 51.04±1.67 Max: 85.79±0.89 M: 76.10±1.46 Train mse: 2.95±0.20 Test mse: 2.77±0.15 Train M1 ECE: 3.84±1.11 Train M2 ECE: 4.03±1.91 Test M1 ECE: 17.11±3.21 Test M2 ECE: 14.22±3.48
                                     noise_5 : M1: 70.79±1.61 M2: 46.12±1.03 Min: 34.11±1.17 Max: 82.80±1.39 M: 72.43±2.04 Train mse: inf±nan Test mse: inf±nan Train M1 ECE: 9.23±2.18 Train M2 ECE: 18.07±6.18 Test M1 ECE: 18.57±3.24 Test M2 ECE: 27.85±6.66
                                     noise_10: M1: 61.85±6.45 M2: 42.08±1.42 Min: 25.85±2.85 Max: 78.09±4.26 M: 63.15±3.35 Train mse: inf±nan Test mse: inf±nan Train M1 ECE: 12.26±5.97 Train M2 ECE: 24.04±6.66 Test M1 ECE: 20.47±5.85 Test M2 ECE: 32.41±7.64
INFO - 08/30/24 17:11:42 - 0:00:00 - ./../emc_data/MVSA test
INFO - 08/30/24 17:11:42 - 0:00:00 - Trian data: torch.Size([2, 2073, 3])
INFO - 08/30/24 17:11:42 - 0:00:00 - Trian data: torch.Size([2, 2073, 3])
INFO - 08/30/24 17:11:42 - 0:00:00 - Trian data: torch.Size([2, 2073, 3])
INFO - 08/30/24 17:11:42 - 0:00:00 - ./../emc_data/MVSA test
                                     noise_0 : M1: 76.22±1.18 M2: 63.33±1.64 Min: 51.33±1.35 Max: 88.23±1.07 M: 79.09±1.28 Train mse: 2.95±0.20 Test mse: 2.77±0.16 Train M1 ECE: 3.84±1.11 Train M2 ECE: 4.03±1.91 Test M1 ECE: 14.59±4.30 Test M2 ECE: 14.46±3.87
                                     noise_5 : M1: 71.25±1.54 M2: 47.48±1.73 Min: 33.80±2.12 Max: 84.93±1.11 M: 73.43±1.26 Train mse: inf±nan Test mse: inf±nan Train M1 ECE: 9.23±2.18 Train M2 ECE: 18.07±6.18 Test M1 ECE: 18.20±4.55 Test M2 ECE: 26.52±5.77
                                     noise_10: M1: 64.05±4.32 M2: 42.25±2.99 Min: 25.68±2.69 Max: 80.62±3.13 M: 66.40±1.30 Train mse: inf±nan Test mse: inf±nan Train M1 ECE: 12.26±5.97 Train M2 ECE: 24.04±6.66 Test M1 ECE: 18.91±6.79 Test M2 ECE: 32.02±8.12
INFO - 08/30/24 17:12:30 - 0:00:00 - batch_size: 512
                                     data_nums: 1,2,3,4,5,6,7,8,9,10
                                     dataset: MVSA
                                     device: cuda:0
                                     epochs: 100
                                     gpu: 0
                                     lr: 5e-05
                                     model: Linear
                                     n_nodes: 100
                                     name: MVSA_Single_emc
                                     nlayers: 0
                                     noise: 0,5,10
                                     output_dir: emc_data
                                     path: ./emc_data/MVSA
                                     seed: 42
                                     top_k_logits: 200
INFO - 08/30/24 17:12:30 - 0:00:00 - ./emc_data/MVSA train
INFO - 08/30/24 17:12:30 - 0:00:00 - Trian data: torch.Size([2, 2073, 3])
INFO - 08/30/24 17:12:30 - 0:00:00 - Trian data: torch.Size([2, 2073, 3])
INFO - 08/30/24 17:12:30 - 0:00:00 - Trian data: torch.Size([2, 2073, 3])
INFO - 08/30/24 17:12:30 - 0:00:00 - ./emc_data/MVSA train
                                     noise_0 : M1: 95.30±4.49 M2: 96.92±2.03 Min: 92.42±5.76 Max: 99.79±0.26 M: 99.09±0.89 Train mse: 0.29±0.03 Test mse: 0.19±0.06
                                     noise_5 : M1: 85.73±3.95 M2: 65.13±1.87 Min: 55.37±3.44 Max: 95.49±1.90 M: 89.73±2.82 Train mse: 0.40±0.02 Test mse: 0.37±0.02
                                     noise_10: M1: 74.96±7.02 M2: 60.19±2.29 Min: 43.31±4.07 Max: 91.85±4.34 M: 83.08±3.42 Train mse: 0.41±0.02 Test mse: 0.39±0.02
INFO - 08/30/24 17:12:30 - 0:00:00 - ./emc_data/MVSA dev
INFO - 08/30/24 17:12:30 - 0:00:00 - Trian data: torch.Size([2, 2073, 3])
INFO - 08/30/24 17:12:30 - 0:00:00 - Trian data: torch.Size([2, 2073, 3])
INFO - 08/30/24 17:12:30 - 0:00:00 - Trian data: torch.Size([2, 2073, 3])
INFO - 08/30/24 17:12:30 - 0:00:00 - ./emc_data/MVSA dev
                                     noise_0 : M1: 72.72±1.53 M2: 64.11±1.09 Min: 51.04±1.67 Max: 85.79±0.89 M: 76.20±1.35 Train mse: 0.29±0.03 Test mse: 0.47±0.00
                                     noise_5 : M1: 70.79±1.61 M2: 46.12±1.03 Min: 34.11±1.17 Max: 82.80±1.39 M: 72.74±1.96 Train mse: 0.40±0.02 Test mse: 0.46±0.01
                                     noise_10: M1: 61.85±6.45 M2: 42.08±1.42 Min: 25.85±2.85 Max: 78.09±4.26 M: 63.76±3.76 Train mse: 0.41±0.02 Test mse: 0.47±0.02
INFO - 08/30/24 17:12:30 - 0:00:00 - ./emc_data/MVSA test
INFO - 08/30/24 17:12:30 - 0:00:00 - Trian data: torch.Size([2, 2073, 3])
INFO - 08/30/24 17:12:30 - 0:00:00 - Trian data: torch.Size([2, 2073, 3])
INFO - 08/30/24 17:12:30 - 0:00:00 - Trian data: torch.Size([2, 2073, 3])
INFO - 08/30/24 17:12:30 - 0:00:00 - ./emc_data/MVSA test
                                     noise_0 : M1: 76.22±1.18 M2: 63.33±1.64 Min: 51.33±1.35 Max: 88.23±1.07 M: 79.46±1.53 Train mse: 0.29±0.03 Test mse: 0.46±0.01
                                     noise_5 : M1: 71.25±1.54 M2: 47.48±1.73 Min: 33.80±2.12 Max: 84.93±1.11 M: 73.99±1.58 Train mse: 0.40±0.02 Test mse: 0.45±0.01
                                     noise_10: M1: 64.05±4.32 M2: 42.25±2.99 Min: 25.68±2.69 Max: 80.62±3.13 M: 67.13±1.16 Train mse: 0.41±0.02 Test mse: 0.45±0.02
INFO - 08/30/24 17:13:39 - 0:00:00 - batch_size: 512
                                     data_nums: 1,2,3,4,5,6,7,8,9,10
                                     dataset: MVSA
                                     device: cuda:0
                                     epochs: 100
                                     gpu: 0
                                     lr: 5e-05
                                     model: Linear
                                     n_nodes: 100
                                     name: MVSA_Single_emc
                                     nlayers: 0
                                     noise: 0,5,10
                                     output_dir: emc_data
                                     path: ./emc_data/MVSA
                                     seed: 42
                                     top_k_logits: 200
INFO - 08/30/24 17:13:39 - 0:00:00 - ./emc_data/MVSA train
INFO - 08/30/24 17:13:39 - 0:00:00 - Trian data: torch.Size([2, 2073, 3])
INFO - 08/30/24 17:13:39 - 0:00:00 - Trian data: torch.Size([2, 2073, 3])
INFO - 08/30/24 17:13:39 - 0:00:00 - Trian data: torch.Size([2, 2073, 3])
INFO - 08/30/24 17:13:39 - 0:00:00 - ./emc_data/MVSA train
                                     noise_0 : M1: 95.30±4.49 M2: 96.92±2.03 Min: 92.42±5.76 Max: 99.79±0.26 M: 99.09±0.89 Train mse: 0.29±0.03 Test mse: 0.19±0.06
                                     noise_5 : M1: 85.73±3.95 M2: 65.13±1.87 Min: 55.37±3.44 Max: 95.49±1.90 M: 89.73±2.82 Train mse: 0.40±0.02 Test mse: 0.37±0.02
                                     noise_10: M1: 74.96±7.02 M2: 60.19±2.29 Min: 43.31±4.07 Max: 91.85±4.34 M: 83.08±3.42 Train mse: 0.41±0.02 Test mse: 0.39±0.02
INFO - 08/30/24 17:13:39 - 0:00:00 - ./emc_data/MVSA dev
INFO - 08/30/24 17:13:39 - 0:00:00 - Trian data: torch.Size([2, 2073, 3])
INFO - 08/30/24 17:13:39 - 0:00:00 - Trian data: torch.Size([2, 2073, 3])
INFO - 08/30/24 17:13:39 - 0:00:00 - Trian data: torch.Size([2, 2073, 3])
INFO - 08/30/24 17:13:39 - 0:00:00 - ./emc_data/MVSA dev
                                     noise_0 : M1: 72.72±1.53 M2: 64.11±1.09 Min: 51.04±1.67 Max: 85.79±0.89 M: 76.20±1.35 Train mse: 0.29±0.03 Test mse: 0.47±0.00
                                     noise_5 : M1: 70.79±1.61 M2: 46.12±1.03 Min: 34.11±1.17 Max: 82.80±1.39 M: 72.74±1.96 Train mse: 0.40±0.02 Test mse: 0.46±0.01
                                     noise_10: M1: 61.85±6.45 M2: 42.08±1.42 Min: 25.85±2.85 Max: 78.09±4.26 M: 63.76±3.76 Train mse: 0.41±0.02 Test mse: 0.47±0.02
INFO - 08/30/24 17:13:39 - 0:00:00 - ./emc_data/MVSA test
INFO - 08/30/24 17:13:39 - 0:00:00 - Trian data: torch.Size([2, 2073, 3])
INFO - 08/30/24 17:13:39 - 0:00:00 - Trian data: torch.Size([2, 2073, 3])
INFO - 08/30/24 17:13:39 - 0:00:00 - Trian data: torch.Size([2, 2073, 3])
INFO - 08/30/24 17:13:39 - 0:00:00 - ./emc_data/MVSA test
                                     noise_0 : M1: 76.22±1.18 M2: 63.33±1.64 Min: 51.33±1.35 Max: 88.23±1.07 M: 79.46±1.53 Train mse: 0.29±0.03 Test mse: 0.46±0.01
                                     noise_5 : M1: 71.25±1.54 M2: 47.48±1.73 Min: 33.80±2.12 Max: 84.93±1.11 M: 73.99±1.58 Train mse: 0.40±0.02 Test mse: 0.45±0.01
                                     noise_10: M1: 64.05±4.32 M2: 42.25±2.99 Min: 25.68±2.69 Max: 80.62±3.13 M: 67.13±1.16 Train mse: 0.41±0.02 Test mse: 0.45±0.02
INFO - 08/30/24 17:15:03 - 0:00:00 - batch_size: 512
                                     data_nums: 1,2,3,4,5,6,7,8,9,10
                                     dataset: MVSA
                                     device: cuda:0
                                     epochs: 100
                                     gpu: 0
                                     lr: 5e-05
                                     model: CalNet
                                     n_nodes: 100
                                     name: MVSA_Single_emc
                                     nlayers: 0
                                     noise: 0,5,10
                                     output_dir: emc_data
                                     path: ./emc_data/MVSA
                                     seed: 42
                                     top_k_logits: 200
INFO - 08/30/24 17:15:03 - 0:00:00 - ./emc_data/MVSA train
INFO - 08/30/24 17:15:03 - 0:00:00 - Trian data: torch.Size([2, 2073, 3])
INFO - 08/30/24 17:15:03 - 0:00:00 - Trian data: torch.Size([2, 2073, 3])
INFO - 08/30/24 17:15:03 - 0:00:00 - Trian data: torch.Size([2, 2073, 3])
INFO - 08/30/24 17:15:03 - 0:00:00 - ./emc_data/MVSA train
                                     noise_0 : M1: 95.30±4.49 M2: 96.92±2.03 Min: 92.42±5.76 Max: 99.79±0.26 M: 98.99±0.98 Train mse: 2.95±0.20 Test mse: 3.00±0.23 Train M1 ECE: 3.84±1.11 Train M2 ECE: 4.03±1.91 Test M1 ECE: 1.87±1.55 Test M2 ECE: 7.93±3.31
                                     noise_5 : M1: 85.73±3.95 M2: 65.13±1.87 Min: 55.37±3.44 Max: 95.49±1.90 M: 89.60±2.78 Train mse: inf±nan Test mse: inf±nan Train M1 ECE: 9.23±2.18 Train M2 ECE: 18.07±6.18 Test M1 ECE: 6.28±1.84 Test M2 ECE: 15.60±5.65
                                     noise_10: M1: 74.96±7.02 M2: 60.19±2.29 Min: 43.31±4.07 Max: 91.85±4.34 M: 83.05±3.34 Train mse: inf±nan Test mse: inf±nan Train M1 ECE: 12.26±5.97 Train M2 ECE: 24.04±6.66 Test M1 ECE: 10.81±5.53 Test M2 ECE: 22.42±5.60
INFO - 08/30/24 17:15:03 - 0:00:00 - ./emc_data/MVSA dev
INFO - 08/30/24 17:15:03 - 0:00:00 - Trian data: torch.Size([2, 2073, 3])
INFO - 08/30/24 17:15:03 - 0:00:00 - Trian data: torch.Size([2, 2073, 3])
INFO - 08/30/24 17:15:03 - 0:00:00 - Trian data: torch.Size([2, 2073, 3])
INFO - 08/30/24 17:15:03 - 0:00:00 - ./emc_data/MVSA dev
                                     noise_0 : M1: 72.72±1.53 M2: 64.11±1.09 Min: 51.04±1.67 Max: 85.79±0.89 M: 76.10±1.46 Train mse: 2.95±0.20 Test mse: 2.77±0.15 Train M1 ECE: 3.84±1.11 Train M2 ECE: 4.03±1.91 Test M1 ECE: 17.11±3.21 Test M2 ECE: 14.22±3.48
                                     noise_5 : M1: 70.79±1.61 M2: 46.12±1.03 Min: 34.11±1.17 Max: 82.80±1.39 M: 72.43±2.04 Train mse: inf±nan Test mse: inf±nan Train M1 ECE: 9.23±2.18 Train M2 ECE: 18.07±6.18 Test M1 ECE: 18.57±3.24 Test M2 ECE: 27.85±6.66
                                     noise_10: M1: 61.85±6.45 M2: 42.08±1.42 Min: 25.85±2.85 Max: 78.09±4.26 M: 63.15±3.35 Train mse: inf±nan Test mse: inf±nan Train M1 ECE: 12.26±5.97 Train M2 ECE: 24.04±6.66 Test M1 ECE: 20.47±5.85 Test M2 ECE: 32.41±7.64
INFO - 08/30/24 17:15:03 - 0:00:00 - ./emc_data/MVSA test
INFO - 08/30/24 17:15:03 - 0:00:00 - Trian data: torch.Size([2, 2073, 3])
INFO - 08/30/24 17:15:03 - 0:00:00 - Trian data: torch.Size([2, 2073, 3])
INFO - 08/30/24 17:15:03 - 0:00:00 - Trian data: torch.Size([2, 2073, 3])
INFO - 08/30/24 17:15:03 - 0:00:00 - ./emc_data/MVSA test
                                     noise_0 : M1: 76.22±1.18 M2: 63.33±1.64 Min: 51.33±1.35 Max: 88.23±1.07 M: 79.09±1.28 Train mse: 2.95±0.20 Test mse: 2.77±0.16 Train M1 ECE: 3.84±1.11 Train M2 ECE: 4.03±1.91 Test M1 ECE: 14.59±4.30 Test M2 ECE: 14.46±3.87
                                     noise_5 : M1: 71.25±1.54 M2: 47.48±1.73 Min: 33.80±2.12 Max: 84.93±1.11 M: 73.43±1.26 Train mse: inf±nan Test mse: inf±nan Train M1 ECE: 9.23±2.18 Train M2 ECE: 18.07±6.18 Test M1 ECE: 18.20±4.55 Test M2 ECE: 26.52±5.77
                                     noise_10: M1: 64.05±4.32 M2: 42.25±2.99 Min: 25.68±2.69 Max: 80.62±3.13 M: 66.40±1.30 Train mse: inf±nan Test mse: inf±nan Train M1 ECE: 12.26±5.97 Train M2 ECE: 24.04±6.66 Test M1 ECE: 18.91±6.79 Test M2 ECE: 32.02±8.12
INFO - 08/30/24 17:15:35 - 0:00:00 - batch_size: 512
                                     data_nums: 1,2,3,4,5,6,7,8,9,10
                                     dataset: MVSA
                                     device: cuda:0
                                     epochs: 100
                                     gpu: 0
                                     lr: 5e-05
                                     model: CalNet
                                     n_nodes: 100
                                     name: MVSA_Single_emc
                                     nlayers: 0
                                     noise: 0,5,10
                                     output_dir: emc_data
                                     path: ./emc_data/MVSA
                                     seed: 42
                                     top_k_logits: 200
INFO - 08/30/24 17:15:35 - 0:00:00 - ./emc_data/MVSA train
INFO - 08/30/24 17:15:35 - 0:00:00 - Trian data: torch.Size([2, 2073, 3])
INFO - 08/30/24 17:15:35 - 0:00:00 - Trian data: torch.Size([2, 2073, 3])
INFO - 08/30/24 17:15:35 - 0:00:00 - Trian data: torch.Size([2, 2073, 3])
INFO - 08/30/24 17:15:35 - 0:00:00 - ./emc_data/MVSA train
                                     noise_0 : M1: 95.30±4.49 M2: 96.92±2.03 Min: 92.42±5.76 Max: 99.79±0.26 M: 98.99±0.98 Train mse: 2.95±0.20 Test mse: 3.00±0.23 Train M1 ECE: 3.84±1.11 Train M2 ECE: 4.03±1.91 Test M1 ECE: 1.87±1.55 Test M2 ECE: 7.93±3.31
                                     noise_5 : M1: 85.73±3.95 M2: 65.13±1.87 Min: 55.37±3.44 Max: 95.49±1.90 M: 89.60±2.78 Train mse: inf±nan Test mse: inf±nan Train M1 ECE: 9.23±2.18 Train M2 ECE: 18.07±6.18 Test M1 ECE: 6.28±1.84 Test M2 ECE: 15.60±5.65
                                     noise_10: M1: 74.96±7.02 M2: 60.19±2.29 Min: 43.31±4.07 Max: 91.85±4.34 M: 83.05±3.34 Train mse: inf±nan Test mse: inf±nan Train M1 ECE: 12.26±5.97 Train M2 ECE: 24.04±6.66 Test M1 ECE: 10.81±5.53 Test M2 ECE: 22.42±5.60
INFO - 08/30/24 17:15:35 - 0:00:00 - ./emc_data/MVSA dev
INFO - 08/30/24 17:15:35 - 0:00:00 - Trian data: torch.Size([2, 2073, 3])
INFO - 08/30/24 17:15:35 - 0:00:00 - Trian data: torch.Size([2, 2073, 3])
INFO - 08/30/24 17:15:35 - 0:00:00 - Trian data: torch.Size([2, 2073, 3])
INFO - 08/30/24 17:15:36 - 0:00:00 - ./emc_data/MVSA dev
                                     noise_0 : M1: 72.72±1.53 M2: 64.11±1.09 Min: 51.04±1.67 Max: 85.79±0.89 M: 76.10±1.46 Train mse: 2.95±0.20 Test mse: 2.77±0.15 Train M1 ECE: 3.84±1.11 Train M2 ECE: 4.03±1.91 Test M1 ECE: 17.11±3.21 Test M2 ECE: 14.22±3.48
                                     noise_5 : M1: 70.79±1.61 M2: 46.12±1.03 Min: 34.11±1.17 Max: 82.80±1.39 M: 72.43±2.04 Train mse: inf±nan Test mse: inf±nan Train M1 ECE: 9.23±2.18 Train M2 ECE: 18.07±6.18 Test M1 ECE: 18.57±3.24 Test M2 ECE: 27.85±6.66
                                     noise_10: M1: 61.85±6.45 M2: 42.08±1.42 Min: 25.85±2.85 Max: 78.09±4.26 M: 63.15±3.35 Train mse: inf±nan Test mse: inf±nan Train M1 ECE: 12.26±5.97 Train M2 ECE: 24.04±6.66 Test M1 ECE: 20.47±5.85 Test M2 ECE: 32.41±7.64
INFO - 08/30/24 17:15:36 - 0:00:00 - ./emc_data/MVSA test
INFO - 08/30/24 17:15:36 - 0:00:00 - Trian data: torch.Size([2, 2073, 3])
INFO - 08/30/24 17:15:36 - 0:00:00 - Trian data: torch.Size([2, 2073, 3])
INFO - 08/30/24 17:15:36 - 0:00:00 - Trian data: torch.Size([2, 2073, 3])
INFO - 08/30/24 17:15:36 - 0:00:00 - ./emc_data/MVSA test
                                     noise_0 : M1: 76.22±1.18 M2: 63.33±1.64 Min: 51.33±1.35 Max: 88.23±1.07 M: 79.09±1.28 Train mse: 2.95±0.20 Test mse: 2.77±0.16 Train M1 ECE: 3.84±1.11 Train M2 ECE: 4.03±1.91 Test M1 ECE: 14.59±4.30 Test M2 ECE: 14.46±3.87
                                     noise_5 : M1: 71.25±1.54 M2: 47.48±1.73 Min: 33.80±2.12 Max: 84.93±1.11 M: 73.43±1.26 Train mse: inf±nan Test mse: inf±nan Train M1 ECE: 9.23±2.18 Train M2 ECE: 18.07±6.18 Test M1 ECE: 18.20±4.55 Test M2 ECE: 26.52±5.77
                                     noise_10: M1: 64.05±4.32 M2: 42.25±2.99 Min: 25.68±2.69 Max: 80.62±3.13 M: 66.40±1.30 Train mse: inf±nan Test mse: inf±nan Train M1 ECE: 12.26±5.97 Train M2 ECE: 24.04±6.66 Test M1 ECE: 18.91±6.79 Test M2 ECE: 32.02±8.12
INFO - 08/30/24 17:15:56 - 0:00:00 - batch_size: 512
                                     data_nums: 1,2,3,4,5,6,7,8,9,10
                                     dataset: MVSA
                                     device: cuda:0
                                     epochs: 100
                                     gpu: 0
                                     lr: 5e-05
                                     model: CalNet
                                     n_nodes: 100
                                     name: MVSA_Single_emc
                                     nlayers: 0
                                     noise: 0,5,10
                                     output_dir: emc_data
                                     path: ./emc_data/MVSA
                                     seed: 42
                                     top_k_logits: 200
INFO - 08/30/24 17:15:56 - 0:00:00 - ./emc_data/MVSA train
INFO - 08/30/24 17:15:56 - 0:00:00 - Trian data: torch.Size([2, 2073, 3])
INFO - 08/30/24 17:15:56 - 0:00:00 - Trian data: torch.Size([2, 2073, 3])
INFO - 08/30/24 17:15:56 - 0:00:00 - Trian data: torch.Size([2, 2073, 3])
INFO - 08/30/24 17:15:56 - 0:00:00 - ./emc_data/MVSA train
                                     noise_0 : M1: 95.30±4.49 M2: 96.92±2.03 Min: 92.42±5.76 Max: 99.79±0.26 M: 98.99±0.98 Train mse: 2.95±0.20 Test mse: 3.00±0.23 Train M1 ECE: 3.84±1.11 Train M2 ECE: 4.03±1.91 Test M1 ECE: 1.87±1.55 Test M2 ECE: 7.93±3.31
                                     noise_5 : M1: 85.73±3.95 M2: 65.13±1.87 Min: 55.37±3.44 Max: 95.49±1.90 M: 89.60±2.78 Train mse: inf±nan Test mse: inf±nan Train M1 ECE: 9.23±2.18 Train M2 ECE: 18.07±6.18 Test M1 ECE: 6.28±1.84 Test M2 ECE: 15.60±5.65
                                     noise_10: M1: 74.96±7.02 M2: 60.19±2.29 Min: 43.31±4.07 Max: 91.85±4.34 M: 83.05±3.34 Train mse: inf±nan Test mse: inf±nan Train M1 ECE: 12.26±5.97 Train M2 ECE: 24.04±6.66 Test M1 ECE: 10.81±5.53 Test M2 ECE: 22.42±5.60
INFO - 08/30/24 17:15:56 - 0:00:00 - ./emc_data/MVSA dev
INFO - 08/30/24 17:15:56 - 0:00:00 - Trian data: torch.Size([2, 2073, 3])
INFO - 08/30/24 17:15:56 - 0:00:00 - Trian data: torch.Size([2, 2073, 3])
INFO - 08/30/24 17:15:56 - 0:00:00 - Trian data: torch.Size([2, 2073, 3])
INFO - 08/30/24 17:15:57 - 0:00:00 - ./emc_data/MVSA dev
                                     noise_0 : M1: 72.72±1.53 M2: 64.11±1.09 Min: 51.04±1.67 Max: 85.79±0.89 M: 76.10±1.46 Train mse: 2.95±0.20 Test mse: 2.77±0.15 Train M1 ECE: 3.84±1.11 Train M2 ECE: 4.03±1.91 Test M1 ECE: 17.11±3.21 Test M2 ECE: 14.22±3.48
                                     noise_5 : M1: 70.79±1.61 M2: 46.12±1.03 Min: 34.11±1.17 Max: 82.80±1.39 M: 72.43±2.04 Train mse: inf±nan Test mse: inf±nan Train M1 ECE: 9.23±2.18 Train M2 ECE: 18.07±6.18 Test M1 ECE: 18.57±3.24 Test M2 ECE: 27.85±6.66
                                     noise_10: M1: 61.85±6.45 M2: 42.08±1.42 Min: 25.85±2.85 Max: 78.09±4.26 M: 63.15±3.35 Train mse: inf±nan Test mse: inf±nan Train M1 ECE: 12.26±5.97 Train M2 ECE: 24.04±6.66 Test M1 ECE: 20.47±5.85 Test M2 ECE: 32.41±7.64
INFO - 08/30/24 17:15:57 - 0:00:00 - ./emc_data/MVSA test
INFO - 08/30/24 17:15:57 - 0:00:00 - Trian data: torch.Size([2, 2073, 3])
INFO - 08/30/24 17:15:57 - 0:00:00 - Trian data: torch.Size([2, 2073, 3])
INFO - 08/30/24 17:15:57 - 0:00:00 - Trian data: torch.Size([2, 2073, 3])
INFO - 08/30/24 17:15:57 - 0:00:00 - ./emc_data/MVSA test
                                     noise_0 : M1: 76.22±1.18 M2: 63.33±1.64 Min: 51.33±1.35 Max: 88.23±1.07 M: 79.09±1.28 Train mse: 2.95±0.20 Test mse: 2.77±0.16 Train M1 ECE: 3.84±1.11 Train M2 ECE: 4.03±1.91 Test M1 ECE: 14.59±4.30 Test M2 ECE: 14.46±3.87
                                     noise_5 : M1: 71.25±1.54 M2: 47.48±1.73 Min: 33.80±2.12 Max: 84.93±1.11 M: 73.43±1.26 Train mse: inf±nan Test mse: inf±nan Train M1 ECE: 9.23±2.18 Train M2 ECE: 18.07±6.18 Test M1 ECE: 18.20±4.55 Test M2 ECE: 26.52±5.77
                                     noise_10: M1: 64.05±4.32 M2: 42.25±2.99 Min: 25.68±2.69 Max: 80.62±3.13 M: 66.40±1.30 Train mse: inf±nan Test mse: inf±nan Train M1 ECE: 12.26±5.97 Train M2 ECE: 24.04±6.66 Test M1 ECE: 18.91±6.79 Test M2 ECE: 32.02±8.12
INFO - 08/30/24 17:16:43 - 0:00:00 - batch_size: 128
                                     data_nums: 1,2,3,4,5,6,7,8,9,10
                                     dataset: MVSA
                                     device: cuda:0
                                     epochs: 100
                                     gpu: 0
                                     lr: 0.001
                                     model: CalNet
                                     n_nodes: 128
                                     name: MVSA_Single_emc
                                     nlayers: 1
                                     noise: 0,5,10
                                     output_dir: ../emc_data
                                     path: ./../emc_data/MVSA
                                     seed: 42
                                     top_k_logits: 200
INFO - 08/30/24 17:16:43 - 0:00:00 - ./../emc_data/MVSA train
INFO - 08/30/24 17:16:43 - 0:00:00 - Trian data: torch.Size([2, 2073, 3])
INFO - 08/30/24 17:16:43 - 0:00:00 - Trian data: torch.Size([2, 2073, 3])
INFO - 08/30/24 17:16:43 - 0:00:00 - Trian data: torch.Size([2, 2073, 3])
INFO - 08/30/24 17:16:43 - 0:00:00 - ./../emc_data/MVSA train
                                     noise_0 : M1: 95.30±4.49 M2: 96.92±2.03 Min: 92.42±5.76 Max: 99.79±0.26 M: 98.99±0.98 Train mse: 2.95±0.20 Test mse: 3.00±0.23 Train M1 ECE: 3.84±1.11 Train M2 ECE: 4.03±1.91 Test M1 ECE: 1.87±1.55 Test M2 ECE: 7.93±3.31
                                     noise_5 : M1: 85.73±3.95 M2: 65.13±1.87 Min: 55.37±3.44 Max: 95.49±1.90 M: 89.60±2.78 Train mse: inf±nan Test mse: inf±nan Train M1 ECE: 9.23±2.18 Train M2 ECE: 18.07±6.18 Test M1 ECE: 6.28±1.84 Test M2 ECE: 15.60±5.65
                                     noise_10: M1: 74.96±7.02 M2: 60.19±2.29 Min: 43.31±4.07 Max: 91.85±4.34 M: 83.05±3.34 Train mse: inf±nan Test mse: inf±nan Train M1 ECE: 12.26±5.97 Train M2 ECE: 24.04±6.66 Test M1 ECE: 10.81±5.53 Test M2 ECE: 22.42±5.60
INFO - 08/30/24 17:16:43 - 0:00:00 - ./../emc_data/MVSA dev
INFO - 08/30/24 17:16:43 - 0:00:00 - Trian data: torch.Size([2, 2073, 3])
INFO - 08/30/24 17:16:43 - 0:00:00 - Trian data: torch.Size([2, 2073, 3])
INFO - 08/30/24 17:16:43 - 0:00:00 - Trian data: torch.Size([2, 2073, 3])
INFO - 08/30/24 17:16:43 - 0:00:00 - ./../emc_data/MVSA dev
                                     noise_0 : M1: 72.72±1.53 M2: 64.11±1.09 Min: 51.04±1.67 Max: 85.79±0.89 M: 76.10±1.46 Train mse: 2.95±0.20 Test mse: 2.77±0.15 Train M1 ECE: 3.84±1.11 Train M2 ECE: 4.03±1.91 Test M1 ECE: 17.11±3.21 Test M2 ECE: 14.22±3.48
                                     noise_5 : M1: 70.79±1.61 M2: 46.12±1.03 Min: 34.11±1.17 Max: 82.80±1.39 M: 72.43±2.04 Train mse: inf±nan Test mse: inf±nan Train M1 ECE: 9.23±2.18 Train M2 ECE: 18.07±6.18 Test M1 ECE: 18.57±3.24 Test M2 ECE: 27.85±6.66
                                     noise_10: M1: 61.85±6.45 M2: 42.08±1.42 Min: 25.85±2.85 Max: 78.09±4.26 M: 63.15±3.35 Train mse: inf±nan Test mse: inf±nan Train M1 ECE: 12.26±5.97 Train M2 ECE: 24.04±6.66 Test M1 ECE: 20.47±5.85 Test M2 ECE: 32.41±7.64
INFO - 08/30/24 17:16:43 - 0:00:00 - ./../emc_data/MVSA test
INFO - 08/30/24 17:16:43 - 0:00:00 - Trian data: torch.Size([2, 2073, 3])
INFO - 08/30/24 17:16:43 - 0:00:00 - Trian data: torch.Size([2, 2073, 3])
INFO - 08/30/24 17:16:43 - 0:00:00 - Trian data: torch.Size([2, 2073, 3])
INFO - 08/30/24 17:16:43 - 0:00:00 - ./../emc_data/MVSA test
                                     noise_0 : M1: 76.22±1.18 M2: 63.33±1.64 Min: 51.33±1.35 Max: 88.23±1.07 M: 79.09±1.28 Train mse: 2.95±0.20 Test mse: 2.77±0.16 Train M1 ECE: 3.84±1.11 Train M2 ECE: 4.03±1.91 Test M1 ECE: 14.59±4.30 Test M2 ECE: 14.46±3.87
                                     noise_5 : M1: 71.25±1.54 M2: 47.48±1.73 Min: 33.80±2.12 Max: 84.93±1.11 M: 73.43±1.26 Train mse: inf±nan Test mse: inf±nan Train M1 ECE: 9.23±2.18 Train M2 ECE: 18.07±6.18 Test M1 ECE: 18.20±4.55 Test M2 ECE: 26.52±5.77
                                     noise_10: M1: 64.05±4.32 M2: 42.25±2.99 Min: 25.68±2.69 Max: 80.62±3.13 M: 66.40±1.30 Train mse: inf±nan Test mse: inf±nan Train M1 ECE: 12.26±5.97 Train M2 ECE: 24.04±6.66 Test M1 ECE: 18.91±6.79 Test M2 ECE: 32.02±8.12
INFO - 08/30/24 17:17:04 - 0:00:00 - batch_size: 128
                                     data_nums: 1,2,3,4,5,6,7,8,9,10
                                     dataset: MVSA
                                     device: cuda:0
                                     epochs: 100
                                     gpu: 0
                                     lr: 0.001
                                     model: CalNet
                                     n_nodes: 128
                                     name: MVSA_Single_emc
                                     nlayers: 1
                                     noise: 0,5,10
                                     output_dir: ../emc_data
                                     path: ./../emc_data/MVSA
                                     seed: 42
                                     top_k_logits: 200
INFO - 08/30/24 17:17:04 - 0:00:00 - ./../emc_data/MVSA train
INFO - 08/30/24 17:17:04 - 0:00:00 - Trian data: torch.Size([2, 2073, 3])
INFO - 08/30/24 17:17:04 - 0:00:00 - Trian data: torch.Size([2, 2073, 3])
INFO - 08/30/24 17:17:05 - 0:00:00 - Trian data: torch.Size([2, 2073, 3])
INFO - 08/30/24 17:17:05 - 0:00:00 - ./../emc_data/MVSA train
                                     noise_0 : M1: 95.30±4.49 M2: 96.92±2.03 Min: 92.42±5.76 Max: 99.79±0.26 M: 98.99±0.98 Train mse: 2.95±0.20 Test mse: 3.00±0.23 Train M1 ECE: 3.84±1.11 Train M2 ECE: 4.03±1.91 Test M1 ECE: 1.87±1.55 Test M2 ECE: 7.93±3.31
                                     noise_5 : M1: 85.73±3.95 M2: 65.13±1.87 Min: 55.37±3.44 Max: 95.49±1.90 M: 89.60±2.78 Train mse: inf±nan Test mse: inf±nan Train M1 ECE: 9.23±2.18 Train M2 ECE: 18.07±6.18 Test M1 ECE: 6.28±1.84 Test M2 ECE: 15.60±5.65
                                     noise_10: M1: 74.96±7.02 M2: 60.19±2.29 Min: 43.31±4.07 Max: 91.85±4.34 M: 83.05±3.34 Train mse: inf±nan Test mse: inf±nan Train M1 ECE: 12.26±5.97 Train M2 ECE: 24.04±6.66 Test M1 ECE: 10.81±5.53 Test M2 ECE: 22.42±5.60
INFO - 08/30/24 17:17:05 - 0:00:00 - ./../emc_data/MVSA dev
INFO - 08/30/24 17:17:05 - 0:00:00 - Trian data: torch.Size([2, 2073, 3])
INFO - 08/30/24 17:17:05 - 0:00:00 - Trian data: torch.Size([2, 2073, 3])
INFO - 08/30/24 17:17:05 - 0:00:00 - Trian data: torch.Size([2, 2073, 3])
INFO - 08/30/24 17:17:05 - 0:00:00 - ./../emc_data/MVSA dev
                                     noise_0 : M1: 72.72±1.53 M2: 64.11±1.09 Min: 51.04±1.67 Max: 85.79±0.89 M: 76.10±1.46 Train mse: 2.95±0.20 Test mse: 2.77±0.15 Train M1 ECE: 3.84±1.11 Train M2 ECE: 4.03±1.91 Test M1 ECE: 17.11±3.21 Test M2 ECE: 14.22±3.48
                                     noise_5 : M1: 70.79±1.61 M2: 46.12±1.03 Min: 34.11±1.17 Max: 82.80±1.39 M: 72.43±2.04 Train mse: inf±nan Test mse: inf±nan Train M1 ECE: 9.23±2.18 Train M2 ECE: 18.07±6.18 Test M1 ECE: 18.57±3.24 Test M2 ECE: 27.85±6.66
                                     noise_10: M1: 61.85±6.45 M2: 42.08±1.42 Min: 25.85±2.85 Max: 78.09±4.26 M: 63.15±3.35 Train mse: inf±nan Test mse: inf±nan Train M1 ECE: 12.26±5.97 Train M2 ECE: 24.04±6.66 Test M1 ECE: 20.47±5.85 Test M2 ECE: 32.41±7.64
INFO - 08/30/24 17:17:05 - 0:00:00 - ./../emc_data/MVSA test
INFO - 08/30/24 17:17:05 - 0:00:00 - Trian data: torch.Size([2, 2073, 3])
INFO - 08/30/24 17:17:05 - 0:00:00 - Trian data: torch.Size([2, 2073, 3])
INFO - 08/30/24 17:17:05 - 0:00:00 - Trian data: torch.Size([2, 2073, 3])
INFO - 08/30/24 17:17:05 - 0:00:00 - ./../emc_data/MVSA test
                                     noise_0 : M1: 76.22±1.18 M2: 63.33±1.64 Min: 51.33±1.35 Max: 88.23±1.07 M: 79.09±1.28 Train mse: 2.95±0.20 Test mse: 2.77±0.16 Train M1 ECE: 3.84±1.11 Train M2 ECE: 4.03±1.91 Test M1 ECE: 14.59±4.30 Test M2 ECE: 14.46±3.87
                                     noise_5 : M1: 71.25±1.54 M2: 47.48±1.73 Min: 33.80±2.12 Max: 84.93±1.11 M: 73.43±1.26 Train mse: inf±nan Test mse: inf±nan Train M1 ECE: 9.23±2.18 Train M2 ECE: 18.07±6.18 Test M1 ECE: 18.20±4.55 Test M2 ECE: 26.52±5.77
                                     noise_10: M1: 64.05±4.32 M2: 42.25±2.99 Min: 25.68±2.69 Max: 80.62±3.13 M: 66.40±1.30 Train mse: inf±nan Test mse: inf±nan Train M1 ECE: 12.26±5.97 Train M2 ECE: 24.04±6.66 Test M1 ECE: 18.91±6.79 Test M2 ECE: 32.02±8.12
INFO - 08/30/24 17:17:50 - 0:00:00 - batch_size: 128
                                     data_nums: 1,2,3,4,5,6,7,8,9,10
                                     dataset: MVSA
                                     device: cuda:0
                                     epochs: 100
                                     gpu: 0
                                     lr: 0.001
                                     model: CalNet
                                     n_nodes: 128
                                     name: MVSA_Single_emc
                                     nlayers: 1
                                     noise: 0,5,10
                                     output_dir: ../emc_data
                                     path: ./../emc_data/MVSA
                                     seed: 42
                                     top_k_logits: 200
INFO - 08/30/24 17:17:50 - 0:00:00 - ./../emc_data/MVSA train
INFO - 08/30/24 17:17:50 - 0:00:00 - Trian data: torch.Size([2, 2073, 3])
INFO - 08/30/24 17:17:50 - 0:00:00 - Trian data: torch.Size([2, 2073, 3])
INFO - 08/30/24 17:17:50 - 0:00:00 - Trian data: torch.Size([2, 2073, 3])
INFO - 08/30/24 17:17:50 - 0:00:00 - ./../emc_data/MVSA train
                                     noise_0 : M1: 95.30±4.49 M2: 96.92±2.03 Min: 92.42±5.76 Max: 99.79±0.26 M: 98.99±0.98 Train mse: 2.95±0.20 Test mse: 3.00±0.23 Train M1 ECE: 3.84±1.11 Train M2 ECE: 4.03±1.91 Test M1 ECE: 1.87±1.55 Test M2 ECE: 7.93±3.31
                                     noise_5 : M1: 85.73±3.95 M2: 65.13±1.87 Min: 55.37±3.44 Max: 95.49±1.90 M: 89.60±2.78 Train mse: inf±nan Test mse: inf±nan Train M1 ECE: 9.23±2.18 Train M2 ECE: 18.07±6.18 Test M1 ECE: 6.28±1.84 Test M2 ECE: 15.60±5.65
                                     noise_10: M1: 74.96±7.02 M2: 60.19±2.29 Min: 43.31±4.07 Max: 91.85±4.34 M: 83.05±3.34 Train mse: inf±nan Test mse: inf±nan Train M1 ECE: 12.26±5.97 Train M2 ECE: 24.04±6.66 Test M1 ECE: 10.81±5.53 Test M2 ECE: 22.42±5.60
INFO - 08/30/24 17:17:50 - 0:00:00 - ./../emc_data/MVSA dev
INFO - 08/30/24 17:17:50 - 0:00:00 - Trian data: torch.Size([2, 2073, 3])
INFO - 08/30/24 17:17:50 - 0:00:00 - Trian data: torch.Size([2, 2073, 3])
INFO - 08/30/24 17:17:50 - 0:00:00 - Trian data: torch.Size([2, 2073, 3])
INFO - 08/30/24 17:17:50 - 0:00:00 - ./../emc_data/MVSA dev
                                     noise_0 : M1: 72.72±1.53 M2: 64.11±1.09 Min: 51.04±1.67 Max: 85.79±0.89 M: 76.10±1.46 Train mse: 2.95±0.20 Test mse: 2.77±0.15 Train M1 ECE: 3.84±1.11 Train M2 ECE: 4.03±1.91 Test M1 ECE: 17.11±3.21 Test M2 ECE: 14.22±3.48
                                     noise_5 : M1: 70.79±1.61 M2: 46.12±1.03 Min: 34.11±1.17 Max: 82.80±1.39 M: 72.43±2.04 Train mse: inf±nan Test mse: inf±nan Train M1 ECE: 9.23±2.18 Train M2 ECE: 18.07±6.18 Test M1 ECE: 18.57±3.24 Test M2 ECE: 27.85±6.66
                                     noise_10: M1: 61.85±6.45 M2: 42.08±1.42 Min: 25.85±2.85 Max: 78.09±4.26 M: 63.13±3.35 Train mse: inf±nan Test mse: inf±nan Train M1 ECE: 12.26±5.97 Train M2 ECE: 24.04±6.66 Test M1 ECE: 20.47±5.85 Test M2 ECE: 32.41±7.64
INFO - 08/30/24 17:17:50 - 0:00:00 - ./../emc_data/MVSA test
INFO - 08/30/24 17:17:50 - 0:00:00 - Trian data: torch.Size([2, 2073, 3])
INFO - 08/30/24 17:17:50 - 0:00:00 - Trian data: torch.Size([2, 2073, 3])
INFO - 08/30/24 17:17:50 - 0:00:00 - Trian data: torch.Size([2, 2073, 3])
INFO - 08/30/24 17:17:50 - 0:00:00 - ./../emc_data/MVSA test
                                     noise_0 : M1: 76.22±1.18 M2: 63.33±1.64 Min: 51.33±1.35 Max: 88.23±1.07 M: 79.09±1.28 Train mse: 2.95±0.20 Test mse: 2.77±0.16 Train M1 ECE: 3.84±1.11 Train M2 ECE: 4.03±1.91 Test M1 ECE: 14.59±4.30 Test M2 ECE: 14.46±3.87
                                     noise_5 : M1: 71.25±1.54 M2: 47.48±1.73 Min: 33.80±2.12 Max: 84.93±1.11 M: 73.43±1.26 Train mse: inf±nan Test mse: inf±nan Train M1 ECE: 9.23±2.18 Train M2 ECE: 18.07±6.18 Test M1 ECE: 18.20±4.55 Test M2 ECE: 26.52±5.77
                                     noise_10: M1: 64.05±4.32 M2: 42.25±2.99 Min: 25.68±2.69 Max: 80.62±3.13 M: 66.40±1.30 Train mse: inf±nan Test mse: inf±nan Train M1 ECE: 12.26±5.97 Train M2 ECE: 24.04±6.66 Test M1 ECE: 18.91±6.79 Test M2 ECE: 32.02±8.12
INFO - 08/30/24 17:18:33 - 0:00:00 - batch_size: 128
                                     data_nums: 1,2,3,4,5,6,7,8,9,10
                                     dataset: MVSA
                                     device: cuda:0
                                     epochs: 100
                                     gpu: 0
                                     lr: 0.001
                                     model: CalNet
                                     n_nodes: 128
                                     name: MVSA_Single_emc
                                     nlayers: 1
                                     noise: 0,5,10
                                     output_dir: ../emc_data
                                     path: ./../emc_data/MVSA
                                     seed: 42
                                     top_k_logits: 200
INFO - 08/30/24 17:18:33 - 0:00:00 - ./../emc_data/MVSA train
INFO - 08/30/24 17:18:33 - 0:00:00 - Trian data: torch.Size([2, 2073, 3])
INFO - 08/30/24 17:18:33 - 0:00:00 - Trian data: torch.Size([2, 2073, 3])
INFO - 08/30/24 17:18:33 - 0:00:00 - Trian data: torch.Size([2, 2073, 3])
INFO - 08/30/24 17:18:33 - 0:00:00 - ./../emc_data/MVSA train
                                     noise_0 : M1: 95.30±4.49 M2: 96.92±2.03 Min: 92.42±5.76 Max: 99.79±0.26 M: 98.99±0.98 Train mse: 2.95±0.20 Test mse: 3.00±0.23 Train M1 ECE: 3.84±1.11 Train M2 ECE: 4.03±1.91 Test M1 ECE: 1.87±1.55 Test M2 ECE: 7.93±3.31
                                     noise_5 : M1: 85.73±3.95 M2: 65.13±1.87 Min: 55.37±3.44 Max: 95.49±1.90 M: 89.60±2.78 Train mse: inf±nan Test mse: inf±nan Train M1 ECE: 9.23±2.18 Train M2 ECE: 18.07±6.18 Test M1 ECE: 6.28±1.84 Test M2 ECE: 15.60±5.65
                                     noise_10: M1: 74.96±7.02 M2: 60.19±2.29 Min: 43.31±4.07 Max: 91.85±4.34 M: 83.05±3.34 Train mse: inf±nan Test mse: inf±nan Train M1 ECE: 12.26±5.97 Train M2 ECE: 24.04±6.66 Test M1 ECE: 10.81±5.53 Test M2 ECE: 22.42±5.60
INFO - 08/30/24 17:18:33 - 0:00:00 - ./../emc_data/MVSA dev
INFO - 08/30/24 17:18:33 - 0:00:00 - Trian data: torch.Size([2, 2073, 3])
INFO - 08/30/24 17:18:33 - 0:00:00 - Trian data: torch.Size([2, 2073, 3])
INFO - 08/30/24 17:18:33 - 0:00:00 - Trian data: torch.Size([2, 2073, 3])
INFO - 08/30/24 17:18:33 - 0:00:00 - ./../emc_data/MVSA dev
                                     noise_0 : M1: 72.72±1.53 M2: 64.11±1.09 Min: 51.04±1.67 Max: 85.79±0.89 M: 76.10±1.46 Train mse: 2.95±0.20 Test mse: 2.77±0.15 Train M1 ECE: 3.84±1.11 Train M2 ECE: 4.03±1.91 Test M1 ECE: 17.11±3.21 Test M2 ECE: 14.22±3.48
                                     noise_5 : M1: 70.79±1.61 M2: 46.12±1.03 Min: 34.11±1.17 Max: 82.80±1.39 M: 72.43±2.04 Train mse: inf±nan Test mse: inf±nan Train M1 ECE: 9.23±2.18 Train M2 ECE: 18.07±6.18 Test M1 ECE: 18.57±3.24 Test M2 ECE: 27.85±6.66
                                     noise_10: M1: 61.85±6.45 M2: 42.08±1.42 Min: 25.85±2.85 Max: 78.09±4.26 M: 63.15±3.35 Train mse: inf±nan Test mse: inf±nan Train M1 ECE: 12.26±5.97 Train M2 ECE: 24.04±6.66 Test M1 ECE: 20.47±5.85 Test M2 ECE: 32.41±7.64
INFO - 08/30/24 17:18:33 - 0:00:00 - ./../emc_data/MVSA test
INFO - 08/30/24 17:18:33 - 0:00:00 - Trian data: torch.Size([2, 2073, 3])
INFO - 08/30/24 17:18:33 - 0:00:00 - Trian data: torch.Size([2, 2073, 3])
INFO - 08/30/24 17:18:33 - 0:00:00 - Trian data: torch.Size([2, 2073, 3])
INFO - 08/30/24 17:18:33 - 0:00:00 - ./../emc_data/MVSA test
                                     noise_0 : M1: 76.22±1.18 M2: 63.33±1.64 Min: 51.33±1.35 Max: 88.23±1.07 M: 79.09±1.28 Train mse: 2.95±0.20 Test mse: 2.77±0.16 Train M1 ECE: 3.84±1.11 Train M2 ECE: 4.03±1.91 Test M1 ECE: 14.59±4.30 Test M2 ECE: 14.46±3.87
                                     noise_5 : M1: 71.25±1.54 M2: 47.48±1.73 Min: 33.80±2.12 Max: 84.93±1.11 M: 73.43±1.26 Train mse: inf±nan Test mse: inf±nan Train M1 ECE: 9.23±2.18 Train M2 ECE: 18.07±6.18 Test M1 ECE: 18.20±4.55 Test M2 ECE: 26.52±5.77
                                     noise_10: M1: 64.05±4.32 M2: 42.25±2.99 Min: 25.68±2.69 Max: 80.62±3.13 M: 66.40±1.30 Train mse: inf±nan Test mse: inf±nan Train M1 ECE: 12.26±5.97 Train M2 ECE: 24.04±6.66 Test M1 ECE: 18.91±6.79 Test M2 ECE: 32.02±8.12
INFO - 08/30/24 17:20:25 - 0:00:00 - batch_size: 128
                                     data_nums: 1,2,3,4,5,6,7,8,9,10
                                     dataset: MVSA
                                     device: cuda:0
                                     epochs: 100
                                     gpu: 0
                                     lr: 0.001
                                     model: CalNet
                                     n_nodes: 128
                                     name: MVSA_Single_emc
                                     nlayers: 1
                                     noise: 0,5,10
                                     output_dir: ../emc_data
                                     path: ./../emc_data/MVSA
                                     seed: 42
                                     top_k_logits: 200
INFO - 08/30/24 17:20:25 - 0:00:00 - ./../emc_data/MVSA train
INFO - 08/30/24 17:20:25 - 0:00:00 - Trian data: torch.Size([2, 2073, 3])
INFO - 08/30/24 17:20:25 - 0:00:00 - Trian data: torch.Size([2, 2073, 3])
INFO - 08/30/24 17:20:25 - 0:00:00 - Trian data: torch.Size([2, 2073, 3])
INFO - 08/30/24 17:20:25 - 0:00:00 - ./../emc_data/MVSA train
                                     noise_0 : M1: 95.30±4.49 M2: 96.92±2.03 Min: 92.42±5.76 Max: 99.79±0.26 M: 99.05±0.93 Train mse: 0.28±0.03 Test mse: 0.17±0.06 Train M1 ECE: 3.84±1.11 Train M2 ECE: 4.03±1.91 Test M1 ECE: 1.87±1.55 Test M2 ECE: 7.93±3.31
                                     noise_5 : M1: 85.73±3.95 M2: 65.13±1.87 Min: 55.37±3.44 Max: 95.49±1.90 M: 89.67±2.91 Train mse: 0.40±0.03 Test mse: 0.37±0.04 Train M1 ECE: 9.23±2.18 Train M2 ECE: 18.07±6.18 Test M1 ECE: 6.28±1.84 Test M2 ECE: 15.60±5.65
                                     noise_10: M1: 74.96±7.02 M2: 60.19±2.29 Min: 43.31±4.07 Max: 91.85±4.34 M: 82.96±3.30 Train mse: 0.41±0.03 Test mse: 0.39±0.04 Train M1 ECE: 12.26±5.97 Train M2 ECE: 24.04±6.66 Test M1 ECE: 10.81±5.53 Test M2 ECE: 22.42±5.60
INFO - 08/30/24 17:20:25 - 0:00:00 - ./../emc_data/MVSA dev
INFO - 08/30/24 17:20:25 - 0:00:00 - Trian data: torch.Size([2, 2073, 3])
INFO - 08/30/24 17:20:25 - 0:00:00 - Trian data: torch.Size([2, 2073, 3])
INFO - 08/30/24 17:20:25 - 0:00:00 - Trian data: torch.Size([2, 2073, 3])
INFO - 08/30/24 17:20:25 - 0:00:00 - ./../emc_data/MVSA dev
                                     noise_0 : M1: 72.72±1.53 M2: 64.11±1.09 Min: 51.04±1.67 Max: 85.79±0.89 M: 76.20±1.43 Train mse: 0.28±0.03 Test mse: 0.47±0.01 Train M1 ECE: 3.84±1.11 Train M2 ECE: 4.03±1.91 Test M1 ECE: 17.11±3.21 Test M2 ECE: 14.22±3.48
                                     noise_5 : M1: 70.79±1.61 M2: 46.12±1.03 Min: 34.11±1.17 Max: 82.80±1.39 M: 72.74±1.86 Train mse: 0.40±0.03 Test mse: 0.47±0.01 Train M1 ECE: 9.23±2.18 Train M2 ECE: 18.07±6.18 Test M1 ECE: 18.57±3.24 Test M2 ECE: 27.85±6.66
                                     noise_10: M1: 61.85±6.45 M2: 42.08±1.42 Min: 25.85±2.85 Max: 78.09±4.26 M: 63.51±3.60 Train mse: 0.41±0.03 Test mse: 0.48±0.02 Train M1 ECE: 12.26±5.97 Train M2 ECE: 24.04±6.66 Test M1 ECE: 20.47±5.85 Test M2 ECE: 32.41±7.64
INFO - 08/30/24 17:20:25 - 0:00:00 - ./../emc_data/MVSA test
INFO - 08/30/24 17:20:25 - 0:00:00 - Trian data: torch.Size([2, 2073, 3])
INFO - 08/30/24 17:20:25 - 0:00:00 - Trian data: torch.Size([2, 2073, 3])
INFO - 08/30/24 17:20:25 - 0:00:00 - Trian data: torch.Size([2, 2073, 3])
INFO - 08/30/24 17:20:25 - 0:00:00 - ./../emc_data/MVSA test
                                     noise_0 : M1: 76.22±1.18 M2: 63.33±1.64 Min: 51.33±1.35 Max: 88.23±1.07 M: 79.42±1.58 Train mse: 0.28±0.03 Test mse: 0.47±0.01 Train M1 ECE: 3.84±1.11 Train M2 ECE: 4.03±1.91 Test M1 ECE: 14.59±4.30 Test M2 ECE: 14.46±3.87
                                     noise_5 : M1: 71.25±1.54 M2: 47.48±1.73 Min: 33.80±2.12 Max: 84.93±1.11 M: 73.87±1.51 Train mse: 0.40±0.03 Test mse: 0.47±0.01 Train M1 ECE: 9.23±2.18 Train M2 ECE: 18.07±6.18 Test M1 ECE: 18.20±4.55 Test M2 ECE: 26.52±5.77
                                     noise_10: M1: 64.05±4.32 M2: 42.25±2.99 Min: 25.68±2.69 Max: 80.62±3.13 M: 66.59±1.52 Train mse: 0.41±0.03 Test mse: 0.47±0.02 Train M1 ECE: 12.26±5.97 Train M2 ECE: 24.04±6.66 Test M1 ECE: 18.91±6.79 Test M2 ECE: 32.02±8.12
INFO - 08/30/24 17:20:59 - 0:00:00 - batch_size: 128
                                     data_nums: 1,2,3,4,5,6,7,8,9,10
                                     dataset: MVSA
                                     device: cuda:0
                                     epochs: 100
                                     gpu: 0
                                     lr: 0.001
                                     model: CalNet
                                     n_nodes: 128
                                     name: MVSA_Single_emc
                                     nlayers: 1
                                     noise: 0,5,10
                                     output_dir: ../emc_data
                                     path: ./../emc_data/MVSA
                                     seed: 42
                                     top_k_logits: 200
INFO - 08/30/24 17:20:59 - 0:00:00 - ./../emc_data/MVSA train
INFO - 08/30/24 17:20:59 - 0:00:00 - Trian data: torch.Size([2, 2073, 3])
INFO - 08/30/24 17:20:59 - 0:00:00 - Trian data: torch.Size([2, 2073, 3])
INFO - 08/30/24 17:20:59 - 0:00:00 - Trian data: torch.Size([2, 2073, 3])
INFO - 08/30/24 17:20:59 - 0:00:00 - ./../emc_data/MVSA train
                                     noise_0 : M1: 95.30±4.49 M2: 96.92±2.03 Min: 92.42±5.76 Max: 99.79±0.26 M: 99.06±0.91 Train mse: 1.64±0.02 Test mse: 1.60±0.02 Train M1 ECE: 3.84±1.11 Train M2 ECE: 4.03±1.91 Test M1 ECE: 1.87±1.55 Test M2 ECE: 7.93±3.31
                                     noise_5 : M1: 85.73±3.95 M2: 65.13±1.87 Min: 55.37±3.44 Max: 95.49±1.90 M: 89.67±2.90 Train mse: 1.43±0.11 Test mse: 1.41±0.11 Train M1 ECE: 9.23±2.18 Train M2 ECE: 18.07±6.18 Test M1 ECE: 6.28±1.84 Test M2 ECE: 15.60±5.65
                                     noise_10: M1: 74.96±7.02 M2: 60.19±2.29 Min: 43.31±4.07 Max: 91.85±4.34 M: 82.93±3.38 Train mse: 1.40±0.13 Test mse: 1.38±0.14 Train M1 ECE: 12.26±5.97 Train M2 ECE: 24.04±6.66 Test M1 ECE: 10.81±5.53 Test M2 ECE: 22.42±5.60
INFO - 08/30/24 17:20:59 - 0:00:00 - ./../emc_data/MVSA dev
INFO - 08/30/24 17:20:59 - 0:00:00 - Trian data: torch.Size([2, 2073, 3])
INFO - 08/30/24 17:20:59 - 0:00:00 - Trian data: torch.Size([2, 2073, 3])
INFO - 08/30/24 17:20:59 - 0:00:00 - Trian data: torch.Size([2, 2073, 3])
INFO - 08/30/24 17:20:59 - 0:00:00 - ./../emc_data/MVSA dev
                                     noise_0 : M1: 72.72±1.53 M2: 64.11±1.09 Min: 51.04±1.67 Max: 85.79±0.89 M: 76.20±1.50 Train mse: 1.64±0.02 Test mse: 1.77±0.02 Train M1 ECE: 3.84±1.11 Train M2 ECE: 4.03±1.91 Test M1 ECE: 17.11±3.21 Test M2 ECE: 14.22±3.48
                                     noise_5 : M1: 70.79±1.61 M2: 46.12±1.03 Min: 34.11±1.17 Max: 82.80±1.39 M: 72.90±1.81 Train mse: 1.43±0.11 Test mse: 1.49±0.09 Train M1 ECE: 9.23±2.18 Train M2 ECE: 18.07±6.18 Test M1 ECE: 18.57±3.24 Test M2 ECE: 27.85±6.66
                                     noise_10: M1: 61.85±6.45 M2: 42.08±1.42 Min: 25.85±2.85 Max: 78.09±4.26 M: 63.65±3.52 Train mse: 1.40±0.13 Test mse: 1.44±0.12 Train M1 ECE: 12.26±5.97 Train M2 ECE: 24.04±6.66 Test M1 ECE: 20.47±5.85 Test M2 ECE: 32.41±7.64
INFO - 08/30/24 17:20:59 - 0:00:00 - ./../emc_data/MVSA test
INFO - 08/30/24 17:20:59 - 0:00:00 - Trian data: torch.Size([2, 2073, 3])
INFO - 08/30/24 17:20:59 - 0:00:00 - Trian data: torch.Size([2, 2073, 3])
INFO - 08/30/24 17:20:59 - 0:00:00 - Trian data: torch.Size([2, 2073, 3])
INFO - 08/30/24 17:20:59 - 0:00:00 - ./../emc_data/MVSA test
                                     noise_0 : M1: 76.22±1.18 M2: 63.33±1.64 Min: 51.33±1.35 Max: 88.23±1.07 M: 79.46±1.51 Train mse: 1.64±0.02 Test mse: 1.76±0.03 Train M1 ECE: 3.84±1.11 Train M2 ECE: 4.03±1.91 Test M1 ECE: 14.59±4.30 Test M2 ECE: 14.46±3.87
                                     noise_5 : M1: 71.25±1.54 M2: 47.48±1.73 Min: 33.80±2.12 Max: 84.93±1.11 M: 73.89±1.53 Train mse: 1.43±0.11 Test mse: 1.48±0.10 Train M1 ECE: 9.23±2.18 Train M2 ECE: 18.07±6.18 Test M1 ECE: 18.20±4.55 Test M2 ECE: 26.52±5.77
                                     noise_10: M1: 64.05±4.32 M2: 42.25±2.99 Min: 25.68±2.69 Max: 80.62±3.13 M: 66.76±1.33 Train mse: 1.40±0.13 Test mse: 1.44±0.11 Train M1 ECE: 12.26±5.97 Train M2 ECE: 24.04±6.66 Test M1 ECE: 18.91±6.79 Test M2 ECE: 32.02±8.12
INFO - 08/30/24 17:22:56 - 0:00:00 - batch_size: 128
                                     data_nums: 1,2,3,4,5,6,7,8,9,10
                                     dataset: MVSA
                                     device: cuda:0
                                     epochs: 100
                                     gpu: 0
                                     lr: 0.001
                                     model: CalNet
                                     n_nodes: 128
                                     name: MVSA_Single_emc
                                     nlayers: 1
                                     noise: 0,5,10
                                     output_dir: ../emc_data
                                     path: ./../emc_data/MVSA
                                     seed: 42
                                     top_k_logits: 200
INFO - 08/30/24 17:22:56 - 0:00:00 - ./../emc_data/MVSA train
INFO - 08/30/24 17:22:56 - 0:00:00 - Trian data: torch.Size([2, 518, 3])
INFO - 08/30/24 17:22:56 - 0:00:00 - Trian data: torch.Size([2, 518, 3])
INFO - 08/30/24 17:22:56 - 0:00:00 - Trian data: torch.Size([2, 518, 3])
INFO - 08/30/24 17:22:56 - 0:00:00 - ./../emc_data/MVSA train
                                     noise_0 : M1: 95.30±4.49 M2: 96.92±2.03 Min: 92.42±5.76 Max: 99.79±0.26 M: 99.05±0.94 Train mse: 1.41±0.03 Test mse: 1.22±0.04 Train M1 ECE: 17.11±3.21 Train M2 ECE: 14.22±3.48 Test M1 ECE: 1.87±1.55 Test M2 ECE: 7.93±3.31
                                     noise_5 : M1: 85.73±3.95 M2: 65.13±1.87 Min: 55.37±3.44 Max: 95.49±1.90 M: 89.65±2.85 Train mse: 1.25±0.08 Test mse: 1.14±0.11 Train M1 ECE: 18.57±3.24 Train M2 ECE: 27.85±6.66 Test M1 ECE: 6.28±1.84 Test M2 ECE: 15.60±5.65
                                     noise_10: M1: 74.96±7.02 M2: 60.19±2.29 Min: 43.31±4.07 Max: 91.85±4.34 M: 82.82±3.44 Train mse: 1.23±0.08 Test mse: 1.13±0.11 Train M1 ECE: 20.47±5.85 Train M2 ECE: 32.41±7.64 Test M1 ECE: 10.81±5.53 Test M2 ECE: 22.42±5.60
INFO - 08/30/24 17:22:56 - 0:00:00 - ./../emc_data/MVSA dev
INFO - 08/30/24 17:22:56 - 0:00:00 - Trian data: torch.Size([2, 518, 3])
INFO - 08/30/24 17:22:57 - 0:00:00 - Trian data: torch.Size([2, 518, 3])
INFO - 08/30/24 17:22:57 - 0:00:00 - Trian data: torch.Size([2, 518, 3])
INFO - 08/30/24 17:22:57 - 0:00:00 - ./../emc_data/MVSA dev
                                     noise_0 : M1: 72.72±1.53 M2: 64.11±1.09 Min: 51.04±1.67 Max: 85.79±0.89 M: 76.22±1.64 Train mse: 1.41±0.03 Test mse: 1.41±0.03 Train M1 ECE: 17.11±3.21 Train M2 ECE: 14.22±3.48 Test M1 ECE: 17.11±3.21 Test M2 ECE: 14.22±3.48
                                     noise_5 : M1: 70.79±1.61 M2: 46.12±1.03 Min: 34.11±1.17 Max: 82.80±1.39 M: 72.97±1.99 Train mse: 1.25±0.08 Test mse: 1.25±0.08 Train M1 ECE: 18.57±3.24 Train M2 ECE: 27.85±6.66 Test M1 ECE: 18.57±3.24 Test M2 ECE: 27.85±6.66
                                     noise_10: M1: 61.85±6.45 M2: 42.08±1.42 Min: 25.85±2.85 Max: 78.09±4.26 M: 63.55±3.40 Train mse: 1.23±0.08 Test mse: 1.23±0.08 Train M1 ECE: 20.47±5.85 Train M2 ECE: 32.41±7.64 Test M1 ECE: 20.47±5.85 Test M2 ECE: 32.41±7.64
INFO - 08/30/24 17:22:57 - 0:00:00 - ./../emc_data/MVSA test
INFO - 08/30/24 17:22:57 - 0:00:00 - Trian data: torch.Size([2, 518, 3])
INFO - 08/30/24 17:22:57 - 0:00:00 - Trian data: torch.Size([2, 518, 3])
INFO - 08/30/24 17:22:57 - 0:00:00 - Trian data: torch.Size([2, 518, 3])
INFO - 08/30/24 17:22:57 - 0:00:00 - ./../emc_data/MVSA test
                                     noise_0 : M1: 76.22±1.18 M2: 63.33±1.64 Min: 51.33±1.35 Max: 88.23±1.07 M: 79.48±1.42 Train mse: 1.41±0.03 Test mse: 1.40±0.04 Train M1 ECE: 17.11±3.21 Train M2 ECE: 14.22±3.48 Test M1 ECE: 14.59±4.30 Test M2 ECE: 14.46±3.87
                                     noise_5 : M1: 71.25±1.54 M2: 47.48±1.73 Min: 33.80±2.12 Max: 84.93±1.11 M: 73.82±1.54 Train mse: 1.25±0.08 Test mse: 1.25±0.09 Train M1 ECE: 18.57±3.24 Train M2 ECE: 27.85±6.66 Test M1 ECE: 18.20±4.55 Test M2 ECE: 26.52±5.77
                                     noise_10: M1: 64.05±4.32 M2: 42.25±2.99 Min: 25.68±2.69 Max: 80.62±3.13 M: 66.74±1.30 Train mse: 1.23±0.08 Test mse: 1.23±0.09 Train M1 ECE: 20.47±5.85 Train M2 ECE: 32.41±7.64 Test M1 ECE: 18.91±6.79 Test M2 ECE: 32.02±8.12
INFO - 08/30/24 17:23:24 - 0:00:00 - batch_size: 128
                                     data_nums: 1,2,3,4,5,6,7,8,9,10
                                     dataset: MVSA
                                     device: cuda:0
                                     epochs: 100
                                     gpu: 0
                                     lr: 0.001
                                     model: CalNet
                                     n_nodes: 128
                                     name: MVSA_Single_emc
                                     nlayers: 1
                                     noise: 0,5,10
                                     output_dir: ../emc_data
                                     path: ./../emc_data/MVSA
                                     seed: 42
                                     top_k_logits: 200
INFO - 08/30/24 17:23:24 - 0:00:00 - ./../emc_data/MVSA train
INFO - 08/30/24 17:23:24 - 0:00:00 - Trian data: torch.Size([2, 518, 3])
INFO - 08/30/24 17:23:24 - 0:00:00 - Trian data: torch.Size([2, 518, 3])
INFO - 08/30/24 17:23:24 - 0:00:00 - Trian data: torch.Size([2, 518, 3])
INFO - 08/30/24 17:23:24 - 0:00:00 - ./../emc_data/MVSA train
                                     noise_0 : M1: 95.30±4.49 M2: 96.92±2.03 Min: 92.42±5.76 Max: 99.79±0.26 M: 99.04±0.94 Train mse: 0.44±0.00 Test mse: 0.27±0.04 Train M1 ECE: 17.11±3.21 Train M2 ECE: 14.22±3.48 Test M1 ECE: 1.87±1.55 Test M2 ECE: 7.93±3.31
                                     noise_5 : M1: 85.73±3.95 M2: 65.13±1.87 Min: 55.37±3.44 Max: 95.49±1.90 M: 89.67±2.91 Train mse: 0.46±0.02 Test mse: 0.42±0.05 Train M1 ECE: 18.57±3.24 Train M2 ECE: 27.85±6.66 Test M1 ECE: 6.28±1.84 Test M2 ECE: 15.60±5.65
                                     noise_10: M1: 74.96±7.02 M2: 60.19±2.29 Min: 43.31±4.07 Max: 91.85±4.34 M: 82.94±3.32 Train mse: 0.47±0.03 Test mse: 0.42±0.05 Train M1 ECE: 20.47±5.85 Train M2 ECE: 32.41±7.64 Test M1 ECE: 10.81±5.53 Test M2 ECE: 22.42±5.60
INFO - 08/30/24 17:23:24 - 0:00:00 - ./../emc_data/MVSA dev
INFO - 08/30/24 17:23:24 - 0:00:00 - Trian data: torch.Size([2, 518, 3])
INFO - 08/30/24 17:23:24 - 0:00:00 - Trian data: torch.Size([2, 518, 3])
INFO - 08/30/24 17:23:24 - 0:00:00 - Trian data: torch.Size([2, 518, 3])
INFO - 08/30/24 17:23:24 - 0:00:00 - ./../emc_data/MVSA dev
                                     noise_0 : M1: 72.72±1.53 M2: 64.11±1.09 Min: 51.04±1.67 Max: 85.79±0.89 M: 76.20±1.42 Train mse: 0.44±0.00 Test mse: 0.44±0.00 Train M1 ECE: 17.11±3.21 Train M2 ECE: 14.22±3.48 Test M1 ECE: 17.11±3.21 Test M2 ECE: 14.22±3.48
                                     noise_5 : M1: 70.79±1.61 M2: 46.12±1.03 Min: 34.11±1.17 Max: 82.80±1.39 M: 72.72±1.96 Train mse: 0.46±0.02 Test mse: 0.46±0.02 Train M1 ECE: 18.57±3.24 Train M2 ECE: 27.85±6.66 Test M1 ECE: 18.57±3.24 Test M2 ECE: 27.85±6.66
                                     noise_10: M1: 61.85±6.45 M2: 42.08±1.42 Min: 25.85±2.85 Max: 78.09±4.26 M: 63.55±3.46 Train mse: 0.47±0.03 Test mse: 0.47±0.03 Train M1 ECE: 20.47±5.85 Train M2 ECE: 32.41±7.64 Test M1 ECE: 20.47±5.85 Test M2 ECE: 32.41±7.64
INFO - 08/30/24 17:23:24 - 0:00:00 - ./../emc_data/MVSA test
INFO - 08/30/24 17:23:24 - 0:00:00 - Trian data: torch.Size([2, 518, 3])
INFO - 08/30/24 17:23:24 - 0:00:00 - Trian data: torch.Size([2, 518, 3])
INFO - 08/30/24 17:23:24 - 0:00:00 - Trian data: torch.Size([2, 518, 3])
INFO - 08/30/24 17:23:24 - 0:00:00 - ./../emc_data/MVSA test
                                     noise_0 : M1: 76.22±1.18 M2: 63.33±1.64 Min: 51.33±1.35 Max: 88.23±1.07 M: 79.46±1.30 Train mse: 0.44±0.00 Test mse: 0.43±0.01 Train M1 ECE: 17.11±3.21 Train M2 ECE: 14.22±3.48 Test M1 ECE: 14.59±4.30 Test M2 ECE: 14.46±3.87
                                     noise_5 : M1: 71.25±1.54 M2: 47.48±1.73 Min: 33.80±2.12 Max: 84.93±1.11 M: 74.05±1.67 Train mse: 0.46±0.02 Test mse: 0.47±0.02 Train M1 ECE: 18.57±3.24 Train M2 ECE: 27.85±6.66 Test M1 ECE: 18.20±4.55 Test M2 ECE: 26.52±5.77
                                     noise_10: M1: 64.05±4.32 M2: 42.25±2.99 Min: 25.68±2.69 Max: 80.62±3.13 M: 66.63±1.41 Train mse: 0.47±0.03 Test mse: 0.46±0.03 Train M1 ECE: 20.47±5.85 Train M2 ECE: 32.41±7.64 Test M1 ECE: 18.91±6.79 Test M2 ECE: 32.02±8.12
INFO - 08/30/24 17:24:03 - 0:00:00 - batch_size: 128
                                     data_nums: 1,2,3,4,5,6,7,8,9,10
                                     dataset: MVSA
                                     device: cuda:0
                                     epochs: 100
                                     gpu: 0
                                     lr: 0.001
                                     model: CalNet
                                     n_nodes: 128
                                     name: MVSA_Single_emc
                                     nlayers: 1
                                     noise: 0,5,10
                                     output_dir: ../emc_data
                                     path: ./../emc_data/MVSA
                                     seed: 42
                                     top_k_logits: 200
INFO - 08/30/24 17:24:03 - 0:00:00 - ./../emc_data/MVSA train
INFO - 08/30/24 17:24:03 - 0:00:00 - Trian data: torch.Size([2, 518, 3])
INFO - 08/30/24 17:24:03 - 0:00:00 - Trian data: torch.Size([2, 518, 3])
INFO - 08/30/24 17:24:04 - 0:00:00 - Trian data: torch.Size([2, 518, 3])
INFO - 08/30/24 17:24:04 - 0:00:00 - ./../emc_data/MVSA train
                                     noise_0 : M1: 95.30±4.49 M2: 96.92±2.03 Min: 92.42±5.76 Max: 99.79±0.26 M: 99.02±0.97 Train mse: 0.44±0.00 Test mse: 0.27±0.04 Train M1 ECE: 17.11±3.21 Train M2 ECE: 14.22±3.48 Test M1 ECE: 1.87±1.55 Test M2 ECE: 7.93±3.31
                                     noise_5 : M1: 85.73±3.95 M2: 65.13±1.87 Min: 55.37±3.44 Max: 95.49±1.90 M: 89.69±2.84 Train mse: 0.46±0.02 Test mse: 0.41±0.05 Train M1 ECE: 18.57±3.24 Train M2 ECE: 27.85±6.66 Test M1 ECE: 6.28±1.84 Test M2 ECE: 15.60±5.65
                                     noise_10: M1: 74.96±7.02 M2: 60.19±2.29 Min: 43.31±4.07 Max: 91.85±4.34 M: 83.08±3.29 Train mse: 0.46±0.02 Test mse: 0.42±0.05 Train M1 ECE: 20.47±5.85 Train M2 ECE: 32.41±7.64 Test M1 ECE: 10.81±5.53 Test M2 ECE: 22.42±5.60
INFO - 08/30/24 17:24:04 - 0:00:00 - ./../emc_data/MVSA dev
INFO - 08/30/24 17:24:04 - 0:00:00 - Trian data: torch.Size([2, 518, 3])
INFO - 08/30/24 17:24:04 - 0:00:00 - Trian data: torch.Size([2, 518, 3])
INFO - 08/30/24 17:24:04 - 0:00:00 - Trian data: torch.Size([2, 518, 3])
INFO - 08/30/24 17:24:04 - 0:00:00 - ./../emc_data/MVSA dev
                                     noise_0 : M1: 72.72±1.53 M2: 64.11±1.09 Min: 51.04±1.67 Max: 85.79±0.89 M: 76.33±1.34 Train mse: 0.44±0.00 Test mse: 0.44±0.00 Train M1 ECE: 17.11±3.21 Train M2 ECE: 14.22±3.48 Test M1 ECE: 17.11±3.21 Test M2 ECE: 14.22±3.48
                                     noise_5 : M1: 70.79±1.61 M2: 46.12±1.03 Min: 34.11±1.17 Max: 82.80±1.39 M: 72.76±1.70 Train mse: 0.46±0.02 Test mse: 0.46±0.02 Train M1 ECE: 18.57±3.24 Train M2 ECE: 27.85±6.66 Test M1 ECE: 18.57±3.24 Test M2 ECE: 27.85±6.66
                                     noise_10: M1: 61.85±6.45 M2: 42.08±1.42 Min: 25.85±2.85 Max: 78.09±4.26 M: 63.71±3.23 Train mse: 0.46±0.02 Test mse: 0.46±0.02 Train M1 ECE: 20.47±5.85 Train M2 ECE: 32.41±7.64 Test M1 ECE: 20.47±5.85 Test M2 ECE: 32.41±7.64
INFO - 08/30/24 17:24:04 - 0:00:00 - ./../emc_data/MVSA test
INFO - 08/30/24 17:24:04 - 0:00:00 - Trian data: torch.Size([2, 518, 3])
INFO - 08/30/24 17:24:04 - 0:00:00 - Trian data: torch.Size([2, 518, 3])
INFO - 08/30/24 17:24:04 - 0:00:00 - Trian data: torch.Size([2, 518, 3])
INFO - 08/30/24 17:24:04 - 0:00:00 - ./../emc_data/MVSA test
                                     noise_0 : M1: 76.22±1.18 M2: 63.33±1.64 Min: 51.33±1.35 Max: 88.23±1.07 M: 79.42±1.42 Train mse: 0.44±0.00 Test mse: 0.44±0.01 Train M1 ECE: 17.11±3.21 Train M2 ECE: 14.22±3.48 Test M1 ECE: 14.59±4.30 Test M2 ECE: 14.46±3.87
                                     noise_5 : M1: 71.25±1.54 M2: 47.48±1.73 Min: 33.80±2.12 Max: 84.93±1.11 M: 73.99±1.57 Train mse: 0.46±0.02 Test mse: 0.46±0.02 Train M1 ECE: 18.57±3.24 Train M2 ECE: 27.85±6.66 Test M1 ECE: 18.20±4.55 Test M2 ECE: 26.52±5.77
                                     noise_10: M1: 64.05±4.32 M2: 42.25±2.99 Min: 25.68±2.69 Max: 80.62±3.13 M: 66.63±1.29 Train mse: 0.46±0.02 Test mse: 0.46±0.03 Train M1 ECE: 20.47±5.85 Train M2 ECE: 32.41±7.64 Test M1 ECE: 18.91±6.79 Test M2 ECE: 32.02±8.12
INFO - 08/30/24 17:24:21 - 0:00:00 - batch_size: 128
                                     data_nums: 1,2,3,4,5,6,7,8,9,10
                                     dataset: MVSA
                                     device: cuda:0
                                     epochs: 100
                                     gpu: 0
                                     lr: 0.001
                                     model: CalNet
                                     n_nodes: 128
                                     name: MVSA_Single_emc
                                     nlayers: 1
                                     noise: 0,5,10
                                     output_dir: ../emc_data
                                     path: ./../emc_data/MVSA
                                     seed: 42
                                     top_k_logits: 200
INFO - 08/30/24 17:24:21 - 0:00:00 - ./../emc_data/MVSA train
INFO - 08/30/24 17:24:21 - 0:00:00 - Trian data: torch.Size([2, 518, 3])
INFO - 08/30/24 17:24:21 - 0:00:00 - Trian data: torch.Size([2, 518, 3])
INFO - 08/30/24 17:24:21 - 0:00:00 - Trian data: torch.Size([2, 518, 3])
INFO - 08/30/24 17:24:21 - 0:00:00 - ./../emc_data/MVSA train
                                     noise_0 : M1: 95.30±4.49 M2: 96.92±2.03 Min: 92.42±5.76 Max: 99.79±0.26 M: 99.02±0.97 Train mse: 0.44±0.00 Test mse: 0.27±0.04 Train M1 ECE: 17.11±3.21 Train M2 ECE: 14.22±3.48 Test M1 ECE: 1.87±1.55 Test M2 ECE: 7.93±3.31
                                     noise_5 : M1: 85.73±3.95 M2: 65.13±1.87 Min: 55.37±3.44 Max: 95.49±1.90 M: 89.69±2.84 Train mse: 0.46±0.02 Test mse: 0.41±0.05 Train M1 ECE: 18.57±3.24 Train M2 ECE: 27.85±6.66 Test M1 ECE: 6.28±1.84 Test M2 ECE: 15.60±5.65
                                     noise_10: M1: 74.96±7.02 M2: 60.19±2.29 Min: 43.31±4.07 Max: 91.85±4.34 M: 83.08±3.29 Train mse: 0.46±0.02 Test mse: 0.42±0.05 Train M1 ECE: 20.47±5.85 Train M2 ECE: 32.41±7.64 Test M1 ECE: 10.81±5.53 Test M2 ECE: 22.42±5.60
INFO - 08/30/24 17:24:21 - 0:00:00 - ./../emc_data/MVSA dev
INFO - 08/30/24 17:24:21 - 0:00:00 - Trian data: torch.Size([2, 518, 3])
INFO - 08/30/24 17:24:21 - 0:00:00 - Trian data: torch.Size([2, 518, 3])
INFO - 08/30/24 17:24:21 - 0:00:00 - Trian data: torch.Size([2, 518, 3])
INFO - 08/30/24 17:24:21 - 0:00:00 - ./../emc_data/MVSA dev
                                     noise_0 : M1: 72.72±1.53 M2: 64.11±1.09 Min: 51.04±1.67 Max: 85.79±0.89 M: 76.33±1.34 Train mse: 0.44±0.00 Test mse: 0.44±0.00 Train M1 ECE: 17.11±3.21 Train M2 ECE: 14.22±3.48 Test M1 ECE: 17.11±3.21 Test M2 ECE: 14.22±3.48
                                     noise_5 : M1: 70.79±1.61 M2: 46.12±1.03 Min: 34.11±1.17 Max: 82.80±1.39 M: 72.76±1.70 Train mse: 0.46±0.02 Test mse: 0.46±0.02 Train M1 ECE: 18.57±3.24 Train M2 ECE: 27.85±6.66 Test M1 ECE: 18.57±3.24 Test M2 ECE: 27.85±6.66
                                     noise_10: M1: 61.85±6.45 M2: 42.08±1.42 Min: 25.85±2.85 Max: 78.09±4.26 M: 63.71±3.23 Train mse: 0.46±0.02 Test mse: 0.46±0.02 Train M1 ECE: 20.47±5.85 Train M2 ECE: 32.41±7.64 Test M1 ECE: 20.47±5.85 Test M2 ECE: 32.41±7.64
INFO - 08/30/24 17:24:21 - 0:00:00 - ./../emc_data/MVSA test
INFO - 08/30/24 17:24:21 - 0:00:00 - Trian data: torch.Size([2, 518, 3])
INFO - 08/30/24 17:24:21 - 0:00:00 - Trian data: torch.Size([2, 518, 3])
INFO - 08/30/24 17:24:21 - 0:00:00 - Trian data: torch.Size([2, 518, 3])
INFO - 08/30/24 17:24:21 - 0:00:00 - ./../emc_data/MVSA test
                                     noise_0 : M1: 76.22±1.18 M2: 63.33±1.64 Min: 51.33±1.35 Max: 88.23±1.07 M: 79.42±1.42 Train mse: 0.44±0.00 Test mse: 0.44±0.01 Train M1 ECE: 17.11±3.21 Train M2 ECE: 14.22±3.48 Test M1 ECE: 14.59±4.30 Test M2 ECE: 14.46±3.87
                                     noise_5 : M1: 71.25±1.54 M2: 47.48±1.73 Min: 33.80±2.12 Max: 84.93±1.11 M: 73.99±1.57 Train mse: 0.46±0.02 Test mse: 0.46±0.02 Train M1 ECE: 18.57±3.24 Train M2 ECE: 27.85±6.66 Test M1 ECE: 18.20±4.55 Test M2 ECE: 26.52±5.77
                                     noise_10: M1: 64.05±4.32 M2: 42.25±2.99 Min: 25.68±2.69 Max: 80.62±3.13 M: 66.63±1.29 Train mse: 0.46±0.02 Test mse: 0.46±0.03 Train M1 ECE: 20.47±5.85 Train M2 ECE: 32.41±7.64 Test M1 ECE: 18.91±6.79 Test M2 ECE: 32.02±8.12
INFO - 08/30/24 17:25:17 - 0:00:00 - batch_size: 128
                                     data_nums: 1,2,3,4,5,6,7,8,9,10
                                     dataset: MVSA
                                     device: cuda:0
                                     epochs: 100
                                     gpu: 0
                                     lr: 0.001
                                     model: CalNet
                                     n_nodes: 128
                                     name: MVSA_Single_emc
                                     nlayers: 1
                                     noise: 0,5,10
                                     output_dir: ../emc_data
                                     path: ./../emc_data/MVSA
                                     seed: 42
                                     top_k_logits: 200
INFO - 08/30/24 17:25:17 - 0:00:00 - ./../emc_data/MVSA train
INFO - 08/30/24 17:25:17 - 0:00:00 - Trian data: torch.Size([2, 518, 3])
INFO - 08/30/24 17:25:17 - 0:00:00 - Trian data: torch.Size([2, 518, 3])
INFO - 08/30/24 17:25:18 - 0:00:00 - Trian data: torch.Size([2, 518, 3])
INFO - 08/30/24 17:25:18 - 0:00:00 - ./../emc_data/MVSA train
                                     noise_0 : M1: 95.30±4.49 M2: 96.92±2.03 Min: 92.42±5.76 Max: 99.79±0.26 M: 99.02±0.97 Train mse: 0.44±0.00 Test mse: 0.27±0.04 Train M1 ECE: 17.11±3.21 Train M2 ECE: 14.22±3.48 Test M1 ECE: 1.87±1.55 Test M2 ECE: 7.93±3.31
                                     noise_5 : M1: 85.73±3.95 M2: 65.13±1.87 Min: 55.37±3.44 Max: 95.49±1.90 M: 89.69±2.84 Train mse: 0.46±0.02 Test mse: 0.41±0.05 Train M1 ECE: 18.57±3.24 Train M2 ECE: 27.85±6.66 Test M1 ECE: 6.28±1.84 Test M2 ECE: 15.60±5.65
                                     noise_10: M1: 74.96±7.02 M2: 60.19±2.29 Min: 43.31±4.07 Max: 91.85±4.34 M: 83.08±3.29 Train mse: 0.46±0.02 Test mse: 0.42±0.05 Train M1 ECE: 20.47±5.85 Train M2 ECE: 32.41±7.64 Test M1 ECE: 10.81±5.53 Test M2 ECE: 22.42±5.60
INFO - 08/30/24 17:25:18 - 0:00:00 - ./../emc_data/MVSA dev
INFO - 08/30/24 17:25:18 - 0:00:00 - Trian data: torch.Size([2, 518, 3])
INFO - 08/30/24 17:25:18 - 0:00:00 - Trian data: torch.Size([2, 518, 3])
INFO - 08/30/24 17:25:18 - 0:00:00 - Trian data: torch.Size([2, 518, 3])
INFO - 08/30/24 17:25:18 - 0:00:00 - ./../emc_data/MVSA dev
                                     noise_0 : M1: 72.72±1.53 M2: 64.11±1.09 Min: 51.04±1.67 Max: 85.79±0.89 M: 76.33±1.34 Train mse: 0.44±0.00 Test mse: 0.44±0.00 Train M1 ECE: 17.11±3.21 Train M2 ECE: 14.22±3.48 Test M1 ECE: 17.11±3.21 Test M2 ECE: 14.22±3.48
                                     noise_5 : M1: 70.79±1.61 M2: 46.12±1.03 Min: 34.11±1.17 Max: 82.80±1.39 M: 72.76±1.70 Train mse: 0.46±0.02 Test mse: 0.46±0.02 Train M1 ECE: 18.57±3.24 Train M2 ECE: 27.85±6.66 Test M1 ECE: 18.57±3.24 Test M2 ECE: 27.85±6.66
                                     noise_10: M1: 61.85±6.45 M2: 42.08±1.42 Min: 25.85±2.85 Max: 78.09±4.26 M: 63.71±3.23 Train mse: 0.46±0.02 Test mse: 0.46±0.02 Train M1 ECE: 20.47±5.85 Train M2 ECE: 32.41±7.64 Test M1 ECE: 20.47±5.85 Test M2 ECE: 32.41±7.64
INFO - 08/30/24 17:25:18 - 0:00:00 - ./../emc_data/MVSA test
INFO - 08/30/24 17:25:18 - 0:00:00 - Trian data: torch.Size([2, 518, 3])
INFO - 08/30/24 17:25:18 - 0:00:00 - Trian data: torch.Size([2, 518, 3])
INFO - 08/30/24 17:25:18 - 0:00:00 - Trian data: torch.Size([2, 518, 3])
INFO - 08/30/24 17:25:18 - 0:00:00 - ./../emc_data/MVSA test
                                     noise_0 : M1: 76.22±1.18 M2: 63.33±1.64 Min: 51.33±1.35 Max: 88.23±1.07 M: 79.42±1.42 Train mse: 0.44±0.00 Test mse: 0.44±0.01 Train M1 ECE: 17.11±3.21 Train M2 ECE: 14.22±3.48 Test M1 ECE: 14.59±4.30 Test M2 ECE: 14.46±3.87
                                     noise_5 : M1: 71.25±1.54 M2: 47.48±1.73 Min: 33.80±2.12 Max: 84.93±1.11 M: 73.99±1.57 Train mse: 0.46±0.02 Test mse: 0.46±0.02 Train M1 ECE: 18.57±3.24 Train M2 ECE: 27.85±6.66 Test M1 ECE: 18.20±4.55 Test M2 ECE: 26.52±5.77
                                     noise_10: M1: 64.05±4.32 M2: 42.25±2.99 Min: 25.68±2.69 Max: 80.62±3.13 M: 66.65±1.25 Train mse: 0.46±0.02 Test mse: 0.46±0.03 Train M1 ECE: 20.47±5.85 Train M2 ECE: 32.41±7.64 Test M1 ECE: 18.91±6.79 Test M2 ECE: 32.02±8.12
INFO - 08/30/24 17:25:37 - 0:00:00 - batch_size: 128
                                     data_nums: 1,2,3,4,5,6,7,8,9,10
                                     dataset: MVSA
                                     device: cuda:0
                                     epochs: 100
                                     gpu: 0
                                     lr: 0.001
                                     model: CalNet
                                     n_nodes: 128
                                     name: MVSA_Single_emc
                                     nlayers: 1
                                     noise: 0,5,10
                                     output_dir: ../emc_data
                                     path: ./../emc_data/MVSA
                                     seed: 42
                                     top_k_logits: 200
INFO - 08/30/24 17:25:37 - 0:00:00 - ./../emc_data/MVSA train
INFO - 08/30/24 17:25:37 - 0:00:00 - Trian data: torch.Size([2, 518, 3])
INFO - 08/30/24 17:25:37 - 0:00:00 - Trian data: torch.Size([2, 518, 3])
INFO - 08/30/24 17:25:37 - 0:00:00 - Trian data: torch.Size([2, 518, 3])
INFO - 08/30/24 17:25:37 - 0:00:00 - ./../emc_data/MVSA train
                                     noise_0 : M1: 95.30±4.49 M2: 96.92±2.03 Min: 92.42±5.76 Max: 99.79±0.26 M: 99.03±0.96 Train mse: 1.42±0.04 Test mse: 1.24±0.05 Train M1 ECE: 17.11±3.21 Train M2 ECE: 14.22±3.48 Test M1 ECE: 1.87±1.55 Test M2 ECE: 7.93±3.31
                                     noise_5 : M1: 85.73±3.95 M2: 65.13±1.87 Min: 55.37±3.44 Max: 95.49±1.90 M: 89.68±2.84 Train mse: 1.27±0.08 Test mse: 1.16±0.11 Train M1 ECE: 18.57±3.24 Train M2 ECE: 27.85±6.66 Test M1 ECE: 6.28±1.84 Test M2 ECE: 15.60±5.65
                                     noise_10: M1: 74.96±7.02 M2: 60.19±2.29 Min: 43.31±4.07 Max: 91.85±4.34 M: 83.00±3.48 Train mse: 1.25±0.07 Test mse: 1.15±0.10 Train M1 ECE: 20.47±5.85 Train M2 ECE: 32.41±7.64 Test M1 ECE: 10.81±5.53 Test M2 ECE: 22.42±5.60
INFO - 08/30/24 17:25:37 - 0:00:00 - ./../emc_data/MVSA dev
INFO - 08/30/24 17:25:37 - 0:00:00 - Trian data: torch.Size([2, 518, 3])
INFO - 08/30/24 17:25:37 - 0:00:00 - Trian data: torch.Size([2, 518, 3])
INFO - 08/30/24 17:25:37 - 0:00:00 - Trian data: torch.Size([2, 518, 3])
INFO - 08/30/24 17:25:37 - 0:00:00 - ./../emc_data/MVSA dev
                                     noise_0 : M1: 72.72±1.53 M2: 64.11±1.09 Min: 51.04±1.67 Max: 85.79±0.89 M: 76.24±1.60 Train mse: 1.42±0.04 Test mse: 1.42±0.04 Train M1 ECE: 17.11±3.21 Train M2 ECE: 14.22±3.48 Test M1 ECE: 17.11±3.21 Test M2 ECE: 14.22±3.48
                                     noise_5 : M1: 70.79±1.61 M2: 46.12±1.03 Min: 34.11±1.17 Max: 82.80±1.39 M: 72.90±1.88 Train mse: 1.27±0.08 Test mse: 1.27±0.08 Train M1 ECE: 18.57±3.24 Train M2 ECE: 27.85±6.66 Test M1 ECE: 18.57±3.24 Test M2 ECE: 27.85±6.66
                                     noise_10: M1: 61.85±6.45 M2: 42.08±1.42 Min: 25.85±2.85 Max: 78.09±4.26 M: 63.53±3.44 Train mse: 1.25±0.07 Test mse: 1.25±0.07 Train M1 ECE: 20.47±5.85 Train M2 ECE: 32.41±7.64 Test M1 ECE: 20.47±5.85 Test M2 ECE: 32.41±7.64
INFO - 08/30/24 17:25:37 - 0:00:00 - ./../emc_data/MVSA test
INFO - 08/30/24 17:25:37 - 0:00:00 - Trian data: torch.Size([2, 518, 3])
INFO - 08/30/24 17:25:37 - 0:00:00 - Trian data: torch.Size([2, 518, 3])
INFO - 08/30/24 17:25:37 - 0:00:00 - Trian data: torch.Size([2, 518, 3])
INFO - 08/30/24 17:25:37 - 0:00:00 - ./../emc_data/MVSA test
                                     noise_0 : M1: 76.22±1.18 M2: 63.33±1.64 Min: 51.33±1.35 Max: 88.23±1.07 M: 79.48±1.42 Train mse: 1.42±0.04 Test mse: 1.41±0.04 Train M1 ECE: 17.11±3.21 Train M2 ECE: 14.22±3.48 Test M1 ECE: 14.59±4.30 Test M2 ECE: 14.46±3.87
                                     noise_5 : M1: 71.25±1.54 M2: 47.48±1.73 Min: 33.80±2.12 Max: 84.93±1.11 M: 73.99±1.50 Train mse: 1.27±0.08 Test mse: 1.26±0.09 Train M1 ECE: 18.57±3.24 Train M2 ECE: 27.85±6.66 Test M1 ECE: 18.20±4.55 Test M2 ECE: 26.52±5.77
                                     noise_10: M1: 64.05±4.32 M2: 42.25±2.99 Min: 25.68±2.69 Max: 80.62±3.13 M: 66.80±1.19 Train mse: 1.25±0.07 Test mse: 1.25±0.08 Train M1 ECE: 20.47±5.85 Train M2 ECE: 32.41±7.64 Test M1 ECE: 18.91±6.79 Test M2 ECE: 32.02±8.12
INFO - 08/30/24 18:23:53 - 0:00:00 - batch_size: 128
                                     data_nums: 1,2,3,4,5,6,7,8,9,10
                                     dataset: MVSA
                                     device: cuda:0
                                     epochs: 100
                                     gpu: 0
                                     lr: 0.001
                                     model: CalNet
                                     n_nodes: 128
                                     name: MVSA_Single_emc
                                     nlayers: 1
                                     noise: 0,5,10
                                     output_dir: ../emc_data
                                     path: ./../emc_data/MVSA
                                     seed: 42
                                     top_k_logits: 200
INFO - 08/30/24 18:23:53 - 0:00:00 - ./../emc_data/MVSA train
INFO - 08/30/24 18:23:53 - 0:00:00 - Trian data: torch.Size([2, 2073, 3])
INFO - 08/30/24 18:23:53 - 0:00:00 - Trian data: torch.Size([2, 2073, 3])
INFO - 08/30/24 18:23:53 - 0:00:00 - Trian data: torch.Size([2, 2073, 3])
INFO - 08/30/24 18:23:54 - 0:00:00 - ./../emc_data/MVSA train
                                     noise_0 : M1: 95.30±4.49 M2: 96.92±2.03 Min: 92.42±5.76 Max: 99.79±0.26 M: 99.04±0.93 Train mse: 1.65±0.02 Test mse: 1.60±0.02 Train M1 ECE: 3.84±1.11 Train M2 ECE: 4.03±1.91 Test M1 ECE: 1.87±1.55 Test M2 ECE: 7.93±3.31
                                     noise_5 : M1: 85.73±3.95 M2: 65.13±1.87 Min: 55.37±3.44 Max: 95.49±1.90 M: 89.70±2.88 Train mse: 1.44±0.11 Test mse: 1.42±0.12 Train M1 ECE: 9.23±2.18 Train M2 ECE: 18.07±6.18 Test M1 ECE: 6.28±1.84 Test M2 ECE: 15.60±5.65
                                     noise_10: M1: 74.96±7.02 M2: 60.19±2.29 Min: 43.31±4.07 Max: 91.85±4.34 M: 83.02±3.41 Train mse: 1.41±0.12 Test mse: 1.40±0.13 Train M1 ECE: 12.26±5.97 Train M2 ECE: 24.04±6.66 Test M1 ECE: 10.81±5.53 Test M2 ECE: 22.42±5.60
INFO - 08/30/24 18:23:54 - 0:00:00 - ./../emc_data/MVSA dev
INFO - 08/30/24 18:23:54 - 0:00:00 - Trian data: torch.Size([2, 2073, 3])
INFO - 08/30/24 18:23:54 - 0:00:00 - Trian data: torch.Size([2, 2073, 3])
INFO - 08/30/24 18:23:54 - 0:00:00 - Trian data: torch.Size([2, 2073, 3])
INFO - 08/30/24 18:23:54 - 0:00:00 - ./../emc_data/MVSA dev
                                     noise_0 : M1: 72.72±1.53 M2: 64.11±1.09 Min: 51.04±1.67 Max: 85.79±0.89 M: 76.20±1.54 Train mse: 1.65±0.02 Test mse: 1.77±0.02 Train M1 ECE: 3.84±1.11 Train M2 ECE: 4.03±1.91 Test M1 ECE: 17.11±3.21 Test M2 ECE: 14.22±3.48
                                     noise_5 : M1: 70.79±1.61 M2: 46.12±1.03 Min: 34.11±1.17 Max: 82.80±1.39 M: 72.80±1.78 Train mse: 1.44±0.11 Test mse: 1.49±0.09 Train M1 ECE: 9.23±2.18 Train M2 ECE: 18.07±6.18 Test M1 ECE: 18.57±3.24 Test M2 ECE: 27.85±6.66
                                     noise_10: M1: 61.85±6.45 M2: 42.08±1.42 Min: 25.85±2.85 Max: 78.09±4.26 M: 63.55±3.40 Train mse: 1.41±0.12 Test mse: 1.45±0.10 Train M1 ECE: 12.26±5.97 Train M2 ECE: 24.04±6.66 Test M1 ECE: 20.47±5.85 Test M2 ECE: 32.41±7.64
INFO - 08/30/24 18:23:54 - 0:00:00 - ./../emc_data/MVSA test
INFO - 08/30/24 18:23:54 - 0:00:00 - Trian data: torch.Size([2, 2073, 3])
INFO - 08/30/24 18:23:54 - 0:00:00 - Trian data: torch.Size([2, 2073, 3])
INFO - 08/30/24 18:23:54 - 0:00:00 - Trian data: torch.Size([2, 2073, 3])
INFO - 08/30/24 18:23:54 - 0:00:00 - ./../emc_data/MVSA test
                                     noise_0 : M1: 76.22±1.18 M2: 63.33±1.64 Min: 51.33±1.35 Max: 88.23±1.07 M: 79.46±1.57 Train mse: 1.65±0.02 Test mse: 1.76±0.02 Train M1 ECE: 3.84±1.11 Train M2 ECE: 4.03±1.91 Test M1 ECE: 14.59±4.30 Test M2 ECE: 14.46±3.87
                                     noise_5 : M1: 71.25±1.54 M2: 47.48±1.73 Min: 33.80±2.12 Max: 84.93±1.11 M: 73.89±1.48 Train mse: 1.44±0.11 Test mse: 1.49±0.10 Train M1 ECE: 9.23±2.18 Train M2 ECE: 18.07±6.18 Test M1 ECE: 18.20±4.55 Test M2 ECE: 26.52±5.77
                                     noise_10: M1: 64.05±4.32 M2: 42.25±2.99 Min: 25.68±2.69 Max: 80.62±3.13 M: 66.67±1.30 Train mse: 1.41±0.12 Test mse: 1.45±0.11 Train M1 ECE: 12.26±5.97 Train M2 ECE: 24.04±6.66 Test M1 ECE: 18.91±6.79 Test M2 ECE: 32.02±8.12
INFO - 08/30/24 18:24:14 - 0:00:00 - batch_size: 128
                                     data_nums: 1,2,3,4,5,6,7,8,9,10
                                     dataset: MVSA
                                     device: cuda:0
                                     epochs: 100
                                     gpu: 0
                                     lr: 0.001
                                     model: CalNet
                                     n_nodes: 128
                                     name: MVSA_Single_emc
                                     nlayers: 1
                                     noise: 0,5,10
                                     output_dir: ../emc_data
                                     path: ./../emc_data/MVSA
                                     seed: 42
                                     top_k_logits: 200
INFO - 08/30/24 18:24:14 - 0:00:00 - ./../emc_data/MVSA train
INFO - 08/30/24 18:24:14 - 0:00:00 - Trian data: torch.Size([2, 518, 3])
INFO - 08/30/24 18:24:14 - 0:00:00 - Trian data: torch.Size([2, 518, 3])
INFO - 08/30/24 18:24:14 - 0:00:00 - Trian data: torch.Size([2, 518, 3])
INFO - 08/30/24 18:24:14 - 0:00:00 - ./../emc_data/MVSA train
                                     noise_0 : M1: 95.30±4.49 M2: 96.92±2.03 Min: 92.42±5.76 Max: 99.79±0.26 M: 99.03±0.96 Train mse: 1.42±0.04 Test mse: 1.24±0.05 Train M1 ECE: 17.11±3.21 Train M2 ECE: 14.22±3.48 Test M1 ECE: 1.87±1.55 Test M2 ECE: 7.93±3.31
                                     noise_5 : M1: 85.73±3.95 M2: 65.13±1.87 Min: 55.37±3.44 Max: 95.49±1.90 M: 89.68±2.84 Train mse: 1.27±0.08 Test mse: 1.16±0.11 Train M1 ECE: 18.57±3.24 Train M2 ECE: 27.85±6.66 Test M1 ECE: 6.28±1.84 Test M2 ECE: 15.60±5.65
                                     noise_10: M1: 74.96±7.02 M2: 60.19±2.29 Min: 43.31±4.07 Max: 91.85±4.34 M: 83.00±3.48 Train mse: 1.25±0.07 Test mse: 1.15±0.10 Train M1 ECE: 20.47±5.85 Train M2 ECE: 32.41±7.64 Test M1 ECE: 10.81±5.53 Test M2 ECE: 22.42±5.60
INFO - 08/30/24 18:24:14 - 0:00:00 - ./../emc_data/MVSA dev
INFO - 08/30/24 18:24:14 - 0:00:00 - Trian data: torch.Size([2, 518, 3])
INFO - 08/30/24 18:24:14 - 0:00:00 - Trian data: torch.Size([2, 518, 3])
INFO - 08/30/24 18:24:14 - 0:00:00 - Trian data: torch.Size([2, 518, 3])
INFO - 08/30/24 18:24:14 - 0:00:00 - ./../emc_data/MVSA dev
                                     noise_0 : M1: 72.72±1.53 M2: 64.11±1.09 Min: 51.04±1.67 Max: 85.79±0.89 M: 76.24±1.60 Train mse: 1.42±0.04 Test mse: 1.42±0.04 Train M1 ECE: 17.11±3.21 Train M2 ECE: 14.22±3.48 Test M1 ECE: 17.11±3.21 Test M2 ECE: 14.22±3.48
                                     noise_5 : M1: 70.79±1.61 M2: 46.12±1.03 Min: 34.11±1.17 Max: 82.80±1.39 M: 72.90±1.88 Train mse: 1.27±0.08 Test mse: 1.27±0.08 Train M1 ECE: 18.57±3.24 Train M2 ECE: 27.85±6.66 Test M1 ECE: 18.57±3.24 Test M2 ECE: 27.85±6.66
                                     noise_10: M1: 61.85±6.45 M2: 42.08±1.42 Min: 25.85±2.85 Max: 78.09±4.26 M: 63.53±3.44 Train mse: 1.25±0.07 Test mse: 1.25±0.07 Train M1 ECE: 20.47±5.85 Train M2 ECE: 32.41±7.64 Test M1 ECE: 20.47±5.85 Test M2 ECE: 32.41±7.64
INFO - 08/30/24 18:24:14 - 0:00:00 - ./../emc_data/MVSA test
INFO - 08/30/24 18:24:14 - 0:00:00 - Trian data: torch.Size([2, 518, 3])
INFO - 08/30/24 18:24:14 - 0:00:00 - Trian data: torch.Size([2, 518, 3])
INFO - 08/30/24 18:24:14 - 0:00:00 - Trian data: torch.Size([2, 518, 3])
INFO - 08/30/24 18:24:14 - 0:00:00 - ./../emc_data/MVSA test
                                     noise_0 : M1: 76.22±1.18 M2: 63.33±1.64 Min: 51.33±1.35 Max: 88.23±1.07 M: 79.48±1.42 Train mse: 1.42±0.04 Test mse: 1.41±0.04 Train M1 ECE: 17.11±3.21 Train M2 ECE: 14.22±3.48 Test M1 ECE: 14.59±4.30 Test M2 ECE: 14.46±3.87
                                     noise_5 : M1: 71.25±1.54 M2: 47.48±1.73 Min: 33.80±2.12 Max: 84.93±1.11 M: 73.99±1.50 Train mse: 1.27±0.08 Test mse: 1.26±0.09 Train M1 ECE: 18.57±3.24 Train M2 ECE: 27.85±6.66 Test M1 ECE: 18.20±4.55 Test M2 ECE: 26.52±5.77
                                     noise_10: M1: 64.05±4.32 M2: 42.25±2.99 Min: 25.68±2.69 Max: 80.62±3.13 M: 66.80±1.19 Train mse: 1.25±0.07 Test mse: 1.25±0.08 Train M1 ECE: 20.47±5.85 Train M2 ECE: 32.41±7.64 Test M1 ECE: 18.91±6.79 Test M2 ECE: 32.02±8.12
INFO - 08/30/24 18:24:51 - 0:00:00 - batch_size: 128
                                     data_nums: 1,2,3,4,5,6,7,8,9,10
                                     dataset: MVSA
                                     device: cuda:0
                                     epochs: 100
                                     gpu: 0
                                     lr: 0.001
                                     model: CalNet
                                     n_nodes: 128
                                     name: MVSA_Single_emc
                                     nlayers: 1
                                     noise: 0,5,10
                                     output_dir: ../emc_data
                                     path: ./../emc_data/MVSA
                                     seed: 42
                                     top_k_logits: 200
INFO - 08/30/24 18:24:51 - 0:00:00 - ./../emc_data/MVSA train
INFO - 08/30/24 18:24:51 - 0:00:00 - Trian data: torch.Size([2, 518, 3])
INFO - 08/30/24 18:24:51 - 0:00:00 - Trian data: torch.Size([2, 518, 3])
INFO - 08/30/24 18:24:51 - 0:00:00 - Trian data: torch.Size([2, 518, 3])
INFO - 08/30/24 18:24:51 - 0:00:00 - ./../emc_data/MVSA train
                                     noise_0 : M1: 95.30±4.49 M2: 96.92±2.03 Min: 92.42±5.76 Max: 99.79±0.26 M: 99.00±0.97 Train mse: inf±nan Test mse: inf±nan Train M1 ECE: 17.11±3.21 Train M2 ECE: 14.22±3.48 Test M1 ECE: 1.87±1.55 Test M2 ECE: 7.93±3.31
                                     noise_5 : M1: 85.73±3.95 M2: 65.13±1.87 Min: 55.37±3.44 Max: 95.49±1.90 M: 89.69±2.82 Train mse: inf±nan Test mse: inf±nan Train M1 ECE: 18.57±3.24 Train M2 ECE: 27.85±6.66 Test M1 ECE: 6.28±1.84 Test M2 ECE: 15.60±5.65
                                     noise_10: M1: 74.96±7.02 M2: 60.19±2.29 Min: 43.31±4.07 Max: 91.85±4.34 M: 83.08±3.28 Train mse: inf±nan Test mse: 0.56±0.10 Train M1 ECE: 20.47±5.85 Train M2 ECE: 32.41±7.64 Test M1 ECE: 10.81±5.53 Test M2 ECE: 22.42±5.60
INFO - 08/30/24 18:24:51 - 0:00:00 - ./../emc_data/MVSA dev
INFO - 08/30/24 18:24:51 - 0:00:00 - Trian data: torch.Size([2, 518, 3])
INFO - 08/30/24 18:24:51 - 0:00:00 - Trian data: torch.Size([2, 518, 3])
INFO - 08/30/24 18:24:51 - 0:00:00 - Trian data: torch.Size([2, 518, 3])
INFO - 08/30/24 18:24:51 - 0:00:00 - ./../emc_data/MVSA dev
                                     noise_0 : M1: 72.72±1.53 M2: 64.11±1.09 Min: 51.04±1.67 Max: 85.79±0.89 M: 76.22±1.45 Train mse: inf±nan Test mse: inf±nan Train M1 ECE: 17.11±3.21 Train M2 ECE: 14.22±3.48 Test M1 ECE: 17.11±3.21 Test M2 ECE: 14.22±3.48
                                     noise_5 : M1: 70.79±1.61 M2: 46.12±1.03 Min: 34.11±1.17 Max: 82.80±1.39 M: 72.76±1.70 Train mse: inf±nan Test mse: inf±nan Train M1 ECE: 18.57±3.24 Train M2 ECE: 27.85±6.66 Test M1 ECE: 18.57±3.24 Test M2 ECE: 27.85±6.66
                                     noise_10: M1: 61.85±6.45 M2: 42.08±1.42 Min: 25.85±2.85 Max: 78.09±4.26 M: 63.63±3.24 Train mse: inf±nan Test mse: inf±nan Train M1 ECE: 20.47±5.85 Train M2 ECE: 32.41±7.64 Test M1 ECE: 20.47±5.85 Test M2 ECE: 32.41±7.64
INFO - 08/30/24 18:24:51 - 0:00:00 - ./../emc_data/MVSA test
INFO - 08/30/24 18:24:51 - 0:00:00 - Trian data: torch.Size([2, 518, 3])
INFO - 08/30/24 18:24:51 - 0:00:00 - Trian data: torch.Size([2, 518, 3])
INFO - 08/30/24 18:24:51 - 0:00:00 - Trian data: torch.Size([2, 518, 3])
INFO - 08/30/24 18:24:51 - 0:00:00 - ./../emc_data/MVSA test
                                     noise_0 : M1: 76.22±1.18 M2: 63.33±1.64 Min: 51.33±1.35 Max: 88.23±1.07 M: 79.17±1.28 Train mse: inf±nan Test mse: inf±nan Train M1 ECE: 17.11±3.21 Train M2 ECE: 14.22±3.48 Test M1 ECE: 14.59±4.30 Test M2 ECE: 14.46±3.87
                                     noise_5 : M1: 71.25±1.54 M2: 47.48±1.73 Min: 33.80±2.12 Max: 84.93±1.11 M: 73.99±1.63 Train mse: inf±nan Test mse: inf±nan Train M1 ECE: 18.57±3.24 Train M2 ECE: 27.85±6.66 Test M1 ECE: 18.20±4.55 Test M2 ECE: 26.52±5.77
                                     noise_10: M1: 64.05±4.32 M2: 42.25±2.99 Min: 25.68±2.69 Max: 80.62±3.13 M: 66.51±1.40 Train mse: inf±nan Test mse: inf±nan Train M1 ECE: 20.47±5.85 Train M2 ECE: 32.41±7.64 Test M1 ECE: 18.91±6.79 Test M2 ECE: 32.02±8.12
INFO - 08/30/24 18:25:21 - 0:00:00 - batch_size: 128
                                     data_nums: 1,2,3,4,5,6,7,8,9,10
                                     dataset: MVSA
                                     device: cuda:0
                                     epochs: 100
                                     gpu: 0
                                     lr: 0.001
                                     model: CalNet
                                     n_nodes: 128
                                     name: MVSA_Single_emc
                                     nlayers: 1
                                     noise: 0,5,10
                                     output_dir: ../emc_data
                                     path: ./../emc_data/MVSA
                                     seed: 42
                                     top_k_logits: 200
INFO - 08/30/24 18:25:21 - 0:00:00 - ./../emc_data/MVSA train
INFO - 08/30/24 18:25:21 - 0:00:00 - Trian data: torch.Size([2, 518, 3])
INFO - 08/30/24 18:25:21 - 0:00:00 - Trian data: torch.Size([2, 518, 3])
INFO - 08/30/24 18:25:21 - 0:00:00 - Trian data: torch.Size([2, 518, 3])
INFO - 08/30/24 18:25:21 - 0:00:00 - ./../emc_data/MVSA train
                                     noise_0 : M1: 95.30±4.49 M2: 96.92±2.03 Min: 92.42±5.76 Max: 99.79±0.26 M: 99.02±0.97 Train mse: 0.44±0.00 Test mse: 0.27±0.04 Train M1 ECE: 17.11±3.21 Train M2 ECE: 14.22±3.48 Test M1 ECE: 1.87±1.55 Test M2 ECE: 7.93±3.31
                                     noise_5 : M1: 85.73±3.95 M2: 65.13±1.87 Min: 55.37±3.44 Max: 95.49±1.90 M: 89.69±2.84 Train mse: 0.46±0.02 Test mse: 0.41±0.05 Train M1 ECE: 18.57±3.24 Train M2 ECE: 27.85±6.66 Test M1 ECE: 6.28±1.84 Test M2 ECE: 15.60±5.65
                                     noise_10: M1: 74.96±7.02 M2: 60.19±2.29 Min: 43.31±4.07 Max: 91.85±4.34 M: 83.08±3.29 Train mse: 0.46±0.02 Test mse: 0.42±0.05 Train M1 ECE: 20.47±5.85 Train M2 ECE: 32.41±7.64 Test M1 ECE: 10.81±5.53 Test M2 ECE: 22.42±5.60
INFO - 08/30/24 18:25:21 - 0:00:00 - ./../emc_data/MVSA dev
INFO - 08/30/24 18:25:21 - 0:00:00 - Trian data: torch.Size([2, 518, 3])
INFO - 08/30/24 18:25:21 - 0:00:00 - Trian data: torch.Size([2, 518, 3])
INFO - 08/30/24 18:25:21 - 0:00:00 - Trian data: torch.Size([2, 518, 3])
INFO - 08/30/24 18:25:21 - 0:00:00 - ./../emc_data/MVSA dev
                                     noise_0 : M1: 72.72±1.53 M2: 64.11±1.09 Min: 51.04±1.67 Max: 85.79±0.89 M: 76.33±1.34 Train mse: 0.44±0.00 Test mse: 0.44±0.00 Train M1 ECE: 17.11±3.21 Train M2 ECE: 14.22±3.48 Test M1 ECE: 17.11±3.21 Test M2 ECE: 14.22±3.48
                                     noise_5 : M1: 70.79±1.61 M2: 46.12±1.03 Min: 34.11±1.17 Max: 82.80±1.39 M: 72.76±1.70 Train mse: 0.46±0.02 Test mse: 0.46±0.02 Train M1 ECE: 18.57±3.24 Train M2 ECE: 27.85±6.66 Test M1 ECE: 18.57±3.24 Test M2 ECE: 27.85±6.66
                                     noise_10: M1: 61.85±6.45 M2: 42.08±1.42 Min: 25.85±2.85 Max: 78.09±4.26 M: 63.71±3.23 Train mse: 0.46±0.02 Test mse: 0.46±0.02 Train M1 ECE: 20.47±5.85 Train M2 ECE: 32.41±7.64 Test M1 ECE: 20.47±5.85 Test M2 ECE: 32.41±7.64
INFO - 08/30/24 18:25:21 - 0:00:00 - ./../emc_data/MVSA test
INFO - 08/30/24 18:25:21 - 0:00:00 - Trian data: torch.Size([2, 518, 3])
INFO - 08/30/24 18:25:21 - 0:00:00 - Trian data: torch.Size([2, 518, 3])
INFO - 08/30/24 18:25:21 - 0:00:00 - Trian data: torch.Size([2, 518, 3])
INFO - 08/30/24 18:25:21 - 0:00:00 - ./../emc_data/MVSA test
                                     noise_0 : M1: 76.22±1.18 M2: 63.33±1.64 Min: 51.33±1.35 Max: 88.23±1.07 M: 79.42±1.42 Train mse: 0.44±0.00 Test mse: 0.44±0.01 Train M1 ECE: 17.11±3.21 Train M2 ECE: 14.22±3.48 Test M1 ECE: 14.59±4.30 Test M2 ECE: 14.46±3.87
                                     noise_5 : M1: 71.25±1.54 M2: 47.48±1.73 Min: 33.80±2.12 Max: 84.93±1.11 M: 73.99±1.57 Train mse: 0.46±0.02 Test mse: 0.46±0.02 Train M1 ECE: 18.57±3.24 Train M2 ECE: 27.85±6.66 Test M1 ECE: 18.20±4.55 Test M2 ECE: 26.52±5.77
                                     noise_10: M1: 64.05±4.32 M2: 42.25±2.99 Min: 25.68±2.69 Max: 80.62±3.13 M: 66.65±1.25 Train mse: 0.46±0.02 Test mse: 0.46±0.03 Train M1 ECE: 20.47±5.85 Train M2 ECE: 32.41±7.64 Test M1 ECE: 18.91±6.79 Test M2 ECE: 32.02±8.12
INFO - 08/30/24 18:47:24 - 0:00:00 - batch_size: 128
                                     data_nums: 1,2,3,4,5,6,7,8,9,10
                                     dataset: MVSA
                                     device: cuda:0
                                     epochs: 100
                                     gpu: 0
                                     lr: 0.001
                                     model: CalWNet
                                     n_nodes: 128
                                     name: MVSA_Single_emc
                                     nlayers: 1
                                     noise: 0,5,10
                                     output_dir: ../emc_data
                                     path: ./../emc_data/MVSA
                                     seed: 42
                                     top_k_logits: 200
INFO - 08/30/24 18:47:24 - 0:00:00 - ./../emc_data/MVSA train
INFO - 08/30/24 18:47:24 - 0:00:00 - Trian data: torch.Size([2, 518, 3])
INFO - 08/30/24 18:47:26 - 0:00:03 - Trian data: torch.Size([2, 518, 3])
INFO - 08/30/24 18:47:28 - 0:00:05 - Trian data: torch.Size([2, 518, 3])
INFO - 08/30/24 18:47:30 - 0:00:07 - ./../emc_data/MVSA train
                                     noise_0 : M1: 95.30±4.49 M2: 96.92±2.03 Min: 92.42±5.76 Max: 99.79±0.26 M: 98.79±1.24 Train mse: 0.56±0.03 Test mse: 0.49±0.05 Train M1 ECE: 17.11±3.21 Train M2 ECE: 14.22±3.48 Test M1 ECE: 1.87±1.55 Test M2 ECE: 7.93±3.31
                                     noise_5 : M1: 85.73±3.95 M2: 65.13±1.87 Min: 55.37±3.44 Max: 95.49±1.90 M: 88.10±6.78 Train mse: 0.60±0.12 Test mse: 0.56±0.17 Train M1 ECE: 18.57±3.24 Train M2 ECE: 27.85±6.66 Test M1 ECE: 6.28±1.84 Test M2 ECE: 15.60±5.65
                                     noise_10: M1: 74.96±7.02 M2: 60.19±2.29 Min: 43.31±4.07 Max: 91.85±4.34 M: 81.94±4.46 Train mse: 3.74±9.52 Test mse: 3.45±8.74 Train M1 ECE: 20.47±5.85 Train M2 ECE: 32.41±7.64 Test M1 ECE: 10.81±5.53 Test M2 ECE: 22.42±5.60
INFO - 08/30/24 18:47:30 - 0:00:07 - ./../emc_data/MVSA dev
INFO - 08/30/24 18:47:30 - 0:00:07 - Trian data: torch.Size([2, 518, 3])
INFO - 08/30/24 18:47:30 - 0:00:07 - Trian data: torch.Size([2, 518, 3])
INFO - 08/30/24 18:47:30 - 0:00:07 - Trian data: torch.Size([2, 518, 3])
INFO - 08/30/24 18:47:30 - 0:00:07 - ./../emc_data/MVSA dev
                                     noise_0 : M1: 72.72±1.53 M2: 64.11±1.09 Min: 51.04±1.67 Max: 85.79±0.89 M: 76.43±1.23 Train mse: 0.56±0.03 Test mse: 0.56±0.03 Train M1 ECE: 17.11±3.21 Train M2 ECE: 14.22±3.48 Test M1 ECE: 17.11±3.21 Test M2 ECE: 14.22±3.48
                                     noise_5 : M1: 70.79±1.61 M2: 46.12±1.03 Min: 34.11±1.17 Max: 82.80±1.39 M: 72.07±4.79 Train mse: 0.60±0.12 Test mse: 0.60±0.12 Train M1 ECE: 18.57±3.24 Train M2 ECE: 27.85±6.66 Test M1 ECE: 18.57±3.24 Test M2 ECE: 27.85±6.66
                                     noise_10: M1: 61.85±6.45 M2: 42.08±1.42 Min: 25.85±2.85 Max: 78.09±4.26 M: 64.54±3.81 Train mse: 3.74±9.52 Test mse: 3.74±9.52 Train M1 ECE: 20.47±5.85 Train M2 ECE: 32.41±7.64 Test M1 ECE: 20.47±5.85 Test M2 ECE: 32.41±7.64
INFO - 08/30/24 18:47:30 - 0:00:07 - ./../emc_data/MVSA test
INFO - 08/30/24 18:47:30 - 0:00:07 - Trian data: torch.Size([2, 518, 3])
INFO - 08/30/24 18:47:30 - 0:00:07 - Trian data: torch.Size([2, 518, 3])
INFO - 08/30/24 18:47:30 - 0:00:07 - Trian data: torch.Size([2, 518, 3])
INFO - 08/30/24 18:47:30 - 0:00:07 - ./../emc_data/MVSA test
                                     noise_0 : M1: 76.22±1.18 M2: 63.33±1.64 Min: 51.33±1.35 Max: 88.23±1.07 M: 78.96±1.29 Train mse: 0.56±0.03 Test mse: 0.57±0.03 Train M1 ECE: 17.11±3.21 Train M2 ECE: 14.22±3.48 Test M1 ECE: 14.59±4.30 Test M2 ECE: 14.46±3.87
                                     noise_5 : M1: 71.25±1.54 M2: 47.48±1.73 Min: 33.80±2.12 Max: 84.93±1.11 M: 72.89±3.67 Train mse: 0.60±0.12 Test mse: 0.61±0.14 Train M1 ECE: 18.57±3.24 Train M2 ECE: 27.85±6.66 Test M1 ECE: 18.20±4.55 Test M2 ECE: 26.52±5.77
                                     noise_10: M1: 64.05±4.32 M2: 42.25±2.99 Min: 25.68±2.69 Max: 80.62±3.13 M: 66.57±1.46 Train mse: 3.74±9.52 Test mse: 3.61±9.13 Train M1 ECE: 20.47±5.85 Train M2 ECE: 32.41±7.64 Test M1 ECE: 18.91±6.79 Test M2 ECE: 32.02±8.12
INFO - 08/30/24 18:48:28 - 0:00:00 - batch_size: 128
                                     data_nums: 1,2,3,4,5,6,7,8,9,10
                                     dataset: MVSA
                                     device: cuda:0
                                     epochs: 100
                                     gpu: 0
                                     lr: 0.001
                                     model: CalWNet
                                     n_nodes: 128
                                     name: MVSA_Single_emc
                                     nlayers: 1
                                     noise: 0,5,10
                                     output_dir: ../emc_data
                                     path: ./../emc_data/MVSA
                                     seed: 42
                                     top_k_logits: 200
INFO - 08/30/24 18:48:28 - 0:00:00 - ./../emc_data/MVSA train
INFO - 08/30/24 18:48:28 - 0:00:00 - Trian data: torch.Size([2, 518, 3])
INFO - 08/30/24 18:48:37 - 0:00:10 - Trian data: torch.Size([2, 518, 3])
INFO - 08/30/24 18:48:49 - 0:00:22 - Trian data: torch.Size([2, 518, 3])
INFO - 08/30/24 18:49:03 - 0:00:35 - ./../emc_data/MVSA train
                                     noise_0 : M1: 95.30±4.49 M2: 96.92±2.03 Min: 92.42±5.76 Max: 99.79±0.26 M: 99.05±0.88 Train mse: 0.59±0.02 Test mse: 0.47±0.21 Train M1 ECE: 17.11±3.21 Train M2 ECE: 14.22±3.48 Test M1 ECE: 1.87±1.55 Test M2 ECE: 7.93±3.31
                                     noise_5 : M1: 85.73±3.95 M2: 65.13±1.87 Min: 55.37±3.44 Max: 95.49±1.90 M: 90.07±3.09 Train mse: 0.59±0.04 Test mse: 0.57±0.04 Train M1 ECE: 18.57±3.24 Train M2 ECE: 27.85±6.66 Test M1 ECE: 6.28±1.84 Test M2 ECE: 15.60±5.65
                                     noise_10: M1: 74.96±7.02 M2: 60.19±2.29 Min: 43.31±4.07 Max: 91.85±4.34 M: 82.43±4.05 Train mse: 0.59±0.07 Test mse: 0.61±0.05 Train M1 ECE: 20.47±5.85 Train M2 ECE: 32.41±7.64 Test M1 ECE: 10.81±5.53 Test M2 ECE: 22.42±5.60
INFO - 08/30/24 18:49:03 - 0:00:35 - ./../emc_data/MVSA dev
INFO - 08/30/24 18:49:03 - 0:00:35 - Trian data: torch.Size([2, 518, 3])
INFO - 08/30/24 18:49:03 - 0:00:35 - Trian data: torch.Size([2, 518, 3])
INFO - 08/30/24 18:49:03 - 0:00:36 - Trian data: torch.Size([2, 518, 3])
INFO - 08/30/24 18:49:03 - 0:00:36 - ./../emc_data/MVSA dev
                                     noise_0 : M1: 72.72±1.53 M2: 64.11±1.09 Min: 51.04±1.67 Max: 85.79±0.89 M: 76.24±1.52 Train mse: 0.59±0.02 Test mse: 0.59±0.02 Train M1 ECE: 17.11±3.21 Train M2 ECE: 14.22±3.48 Test M1 ECE: 17.11±3.21 Test M2 ECE: 14.22±3.48
                                     noise_5 : M1: 70.79±1.61 M2: 46.12±1.03 Min: 34.11±1.17 Max: 82.80±1.39 M: 73.30±1.75 Train mse: 0.59±0.04 Test mse: 0.59±0.04 Train M1 ECE: 18.57±3.24 Train M2 ECE: 27.85±6.66 Test M1 ECE: 18.57±3.24 Test M2 ECE: 27.85±6.66
                                     noise_10: M1: 61.85±6.45 M2: 42.08±1.42 Min: 25.85±2.85 Max: 78.09±4.26 M: 64.63±4.01 Train mse: 0.59±0.07 Test mse: 0.59±0.07 Train M1 ECE: 20.47±5.85 Train M2 ECE: 32.41±7.64 Test M1 ECE: 20.47±5.85 Test M2 ECE: 32.41±7.64
INFO - 08/30/24 18:49:03 - 0:00:36 - ./../emc_data/MVSA test
INFO - 08/30/24 18:49:03 - 0:00:36 - Trian data: torch.Size([2, 518, 3])
INFO - 08/30/24 18:49:03 - 0:00:36 - Trian data: torch.Size([2, 518, 3])
INFO - 08/30/24 18:49:03 - 0:00:36 - Trian data: torch.Size([2, 518, 3])
INFO - 08/30/24 18:49:03 - 0:00:36 - ./../emc_data/MVSA test
                                     noise_0 : M1: 76.22±1.18 M2: 63.33±1.64 Min: 51.33±1.35 Max: 88.23±1.07 M: 79.36±1.71 Train mse: 0.59±0.02 Test mse: 0.58±0.04 Train M1 ECE: 17.11±3.21 Train M2 ECE: 14.22±3.48 Test M1 ECE: 14.59±4.30 Test M2 ECE: 14.46±3.87
                                     noise_5 : M1: 71.25±1.54 M2: 47.48±1.73 Min: 33.80±2.12 Max: 84.93±1.11 M: 73.99±1.75 Train mse: 0.59±0.04 Test mse: 0.59±0.04 Train M1 ECE: 18.57±3.24 Train M2 ECE: 27.85±6.66 Test M1 ECE: 18.20±4.55 Test M2 ECE: 26.52±5.77
                                     noise_10: M1: 64.05±4.32 M2: 42.25±2.99 Min: 25.68±2.69 Max: 80.62±3.13 M: 66.65±1.31 Train mse: 0.59±0.07 Test mse: 0.60±0.06 Train M1 ECE: 20.47±5.85 Train M2 ECE: 32.41±7.64 Test M1 ECE: 18.91±6.79 Test M2 ECE: 32.02±8.12
INFO - 08/30/24 18:49:55 - 0:00:00 - batch_size: 128
                                     data_nums: 1,2,3,4,5,6,7,8,9,10
                                     dataset: MVSA
                                     device: cuda:0
                                     epochs: 100
                                     gpu: 0
                                     lr: 0.001
                                     model: CalWNet
                                     n_nodes: 128
                                     name: MVSA_Single_emc
                                     nlayers: 1
                                     noise: 0,5,10
                                     output_dir: ../emc_data
                                     path: ./../emc_data/MVSA
                                     seed: 42
                                     top_k_logits: 200
INFO - 08/30/24 18:49:55 - 0:00:00 - ./../emc_data/MVSA train
INFO - 08/30/24 18:49:55 - 0:00:00 - Trian data: torch.Size([2, 518, 3])
INFO - 08/30/24 18:50:04 - 0:00:10 - Trian data: torch.Size([2, 518, 3])
INFO - 08/30/24 18:50:17 - 0:00:22 - Trian data: torch.Size([2, 518, 3])
INFO - 08/30/24 18:50:31 - 0:00:36 - ./../emc_data/MVSA train
                                     noise_0 : M1: 95.30±4.49 M2: 96.92±2.03 Min: 92.42±5.76 Max: 99.79±0.26 M: 99.05±0.88 Train mse: 0.59±0.02 Test mse: 0.47±0.21 Train M1 ECE: 17.11±3.21 Train M2 ECE: 14.22±3.48 Test M1 ECE: 1.87±1.55 Test M2 ECE: 7.93±3.31
                                     noise_5 : M1: 85.73±3.95 M2: 65.13±1.87 Min: 55.37±3.44 Max: 95.49±1.90 M: 90.07±3.09 Train mse: 0.59±0.04 Test mse: 0.57±0.04 Train M1 ECE: 18.57±3.24 Train M2 ECE: 27.85±6.66 Test M1 ECE: 6.28±1.84 Test M2 ECE: 15.60±5.65
                                     noise_10: M1: 74.96±7.02 M2: 60.19±2.29 Min: 43.31±4.07 Max: 91.85±4.34 M: 82.42±4.04 Train mse: 0.59±0.07 Test mse: 0.61±0.05 Train M1 ECE: 20.47±5.85 Train M2 ECE: 32.41±7.64 Test M1 ECE: 10.81±5.53 Test M2 ECE: 22.42±5.60
INFO - 08/30/24 18:50:31 - 0:00:36 - ./../emc_data/MVSA dev
INFO - 08/30/24 18:50:31 - 0:00:36 - Trian data: torch.Size([2, 518, 3])
INFO - 08/30/24 18:50:31 - 0:00:36 - Trian data: torch.Size([2, 518, 3])
INFO - 08/30/24 18:50:31 - 0:00:36 - Trian data: torch.Size([2, 518, 3])
INFO - 08/30/24 18:50:31 - 0:00:36 - ./../emc_data/MVSA dev
                                     noise_0 : M1: 72.72±1.53 M2: 64.11±1.09 Min: 51.04±1.67 Max: 85.79±0.89 M: 76.24±1.52 Train mse: 0.59±0.02 Test mse: 0.59±0.02 Train M1 ECE: 17.11±3.21 Train M2 ECE: 14.22±3.48 Test M1 ECE: 17.11±3.21 Test M2 ECE: 14.22±3.48
                                     noise_5 : M1: 70.79±1.61 M2: 46.12±1.03 Min: 34.11±1.17 Max: 82.80±1.39 M: 73.30±1.75 Train mse: 0.59±0.04 Test mse: 0.59±0.04 Train M1 ECE: 18.57±3.24 Train M2 ECE: 27.85±6.66 Test M1 ECE: 18.57±3.24 Test M2 ECE: 27.85±6.66
                                     noise_10: M1: 61.85±6.45 M2: 42.08±1.42 Min: 25.85±2.85 Max: 78.09±4.26 M: 64.63±4.01 Train mse: 0.59±0.07 Test mse: 0.59±0.07 Train M1 ECE: 20.47±5.85 Train M2 ECE: 32.41±7.64 Test M1 ECE: 20.47±5.85 Test M2 ECE: 32.41±7.64
INFO - 08/30/24 18:50:31 - 0:00:36 - ./../emc_data/MVSA test
INFO - 08/30/24 18:50:31 - 0:00:36 - Trian data: torch.Size([2, 518, 3])
INFO - 08/30/24 18:50:31 - 0:00:36 - Trian data: torch.Size([2, 518, 3])
INFO - 08/30/24 18:50:31 - 0:00:36 - Trian data: torch.Size([2, 518, 3])
INFO - 08/30/24 18:50:31 - 0:00:36 - ./../emc_data/MVSA test
                                     noise_0 : M1: 76.22±1.18 M2: 63.33±1.64 Min: 51.33±1.35 Max: 88.23±1.07 M: 79.36±1.71 Train mse: 0.59±0.02 Test mse: 0.58±0.04 Train M1 ECE: 17.11±3.21 Train M2 ECE: 14.22±3.48 Test M1 ECE: 14.59±4.30 Test M2 ECE: 14.46±3.87
                                     noise_5 : M1: 71.25±1.54 M2: 47.48±1.73 Min: 33.80±2.12 Max: 84.93±1.11 M: 73.99±1.75 Train mse: 0.59±0.04 Test mse: 0.59±0.04 Train M1 ECE: 18.57±3.24 Train M2 ECE: 27.85±6.66 Test M1 ECE: 18.20±4.55 Test M2 ECE: 26.52±5.77
                                     noise_10: M1: 64.05±4.32 M2: 42.25±2.99 Min: 25.68±2.69 Max: 80.62±3.13 M: 66.65±1.31 Train mse: 0.59±0.07 Test mse: 0.60±0.06 Train M1 ECE: 20.47±5.85 Train M2 ECE: 32.41±7.64 Test M1 ECE: 18.91±6.79 Test M2 ECE: 32.02±8.12
INFO - 08/30/24 18:51:58 - 0:00:00 - batch_size: 128
                                     data_nums: 1,2,3,4,5,6,7,8,9,10
                                     dataset: MVSA
                                     device: cuda:0
                                     epochs: 100
                                     gpu: 0
                                     lr: 0.001
                                     model: CalWNet
                                     n_nodes: 128
                                     name: MVSA_Single_emc
                                     nlayers: 1
                                     noise: 0,5,10
                                     output_dir: ../emc_data
                                     path: ./../emc_data/MVSA
                                     seed: 42
                                     top_k_logits: 200
INFO - 08/30/24 18:51:58 - 0:00:00 - ./../emc_data/MVSA train
INFO - 08/30/24 18:51:58 - 0:00:00 - Trian data: torch.Size([2, 2073, 3])
INFO - 08/30/24 18:52:01 - 0:00:02 - Trian data: torch.Size([2, 2073, 3])
INFO - 08/30/24 18:52:16 - 0:00:17 - Trian data: torch.Size([2, 2073, 3])
INFO - 08/30/24 18:52:32 - 0:00:34 - ./../emc_data/MVSA train
                                     noise_0 : M1: 95.30±4.49 M2: 96.92±2.03 Min: 92.42±5.76 Max: 99.79±0.26 M: 99.09±0.90 Train mse: 0.33±0.04 Test mse: 0.18±0.08 Train M1 ECE: 3.84±1.11 Train M2 ECE: 4.03±1.91 Test M1 ECE: 1.87±1.55 Test M2 ECE: 7.93±3.31
                                     noise_5 : M1: 85.73±3.95 M2: 65.13±1.87 Min: 55.37±3.44 Max: 95.49±1.90 M: 90.55±3.09 Train mse: 0.52±0.03 Test mse: 0.52±0.03 Train M1 ECE: 9.23±2.18 Train M2 ECE: 18.07±6.18 Test M1 ECE: 6.28±1.84 Test M2 ECE: 15.60±5.65
                                     noise_10: M1: 74.96±7.02 M2: 60.19±2.29 Min: 43.31±4.07 Max: 91.85±4.34 M: 84.16±3.83 Train mse: 0.52±0.05 Test mse: 0.52±0.06 Train M1 ECE: 12.26±5.97 Train M2 ECE: 24.04±6.66 Test M1 ECE: 10.81±5.53 Test M2 ECE: 22.42±5.60
INFO - 08/30/24 18:52:32 - 0:00:34 - ./../emc_data/MVSA dev
INFO - 08/30/24 18:52:32 - 0:00:34 - Trian data: torch.Size([2, 2073, 3])
INFO - 08/30/24 18:52:33 - 0:00:34 - Trian data: torch.Size([2, 2073, 3])
INFO - 08/30/24 18:52:33 - 0:00:34 - Trian data: torch.Size([2, 2073, 3])
INFO - 08/30/24 18:52:33 - 0:00:34 - ./../emc_data/MVSA dev
                                     noise_0 : M1: 72.72±1.53 M2: 64.11±1.09 Min: 51.04±1.67 Max: 85.79±0.89 M: 76.16±1.55 Train mse: 0.33±0.04 Test mse: 0.56±0.01 Train M1 ECE: 3.84±1.11 Train M2 ECE: 4.03±1.91 Test M1 ECE: 17.11±3.21 Test M2 ECE: 14.22±3.48
                                     noise_5 : M1: 70.79±1.61 M2: 46.12±1.03 Min: 34.11±1.17 Max: 82.80±1.39 M: 73.46±1.73 Train mse: 0.52±0.03 Test mse: 0.54±0.04 Train M1 ECE: 9.23±2.18 Train M2 ECE: 18.07±6.18 Test M1 ECE: 18.57±3.24 Test M2 ECE: 27.85±6.66
                                     noise_10: M1: 61.85±6.45 M2: 42.08±1.42 Min: 25.85±2.85 Max: 78.09±4.26 M: 64.38±4.00 Train mse: 0.52±0.05 Test mse: 0.53±0.02 Train M1 ECE: 12.26±5.97 Train M2 ECE: 24.04±6.66 Test M1 ECE: 20.47±5.85 Test M2 ECE: 32.41±7.64
INFO - 08/30/24 18:52:33 - 0:00:34 - ./../emc_data/MVSA test
INFO - 08/30/24 18:52:33 - 0:00:34 - Trian data: torch.Size([2, 2073, 3])
INFO - 08/30/24 18:52:33 - 0:00:34 - Trian data: torch.Size([2, 2073, 3])
INFO - 08/30/24 18:52:33 - 0:00:34 - Trian data: torch.Size([2, 2073, 3])
INFO - 08/30/24 18:52:33 - 0:00:34 - ./../emc_data/MVSA test
                                     noise_0 : M1: 76.22±1.18 M2: 63.33±1.64 Min: 51.33±1.35 Max: 88.23±1.07 M: 79.61±1.53 Train mse: 0.33±0.04 Test mse: 0.55±0.01 Train M1 ECE: 3.84±1.11 Train M2 ECE: 4.03±1.91 Test M1 ECE: 14.59±4.30 Test M2 ECE: 14.46±3.87
                                     noise_5 : M1: 71.25±1.54 M2: 47.48±1.73 Min: 33.80±2.12 Max: 84.93±1.11 M: 74.18±1.46 Train mse: 0.52±0.03 Test mse: 0.54±0.04 Train M1 ECE: 9.23±2.18 Train M2 ECE: 18.07±6.18 Test M1 ECE: 18.20±4.55 Test M2 ECE: 26.52±5.77
                                     noise_10: M1: 64.05±4.32 M2: 42.25±2.99 Min: 25.68±2.69 Max: 80.62±3.13 M: 66.51±1.85 Train mse: 0.52±0.05 Test mse: 0.53±0.03 Train M1 ECE: 12.26±5.97 Train M2 ECE: 24.04±6.66 Test M1 ECE: 18.91±6.79 Test M2 ECE: 32.02±8.12
INFO - 08/30/24 18:52:55 - 0:00:00 - batch_size: 128
                                     data_nums: 1,2,3,4,5,6,7,8,9,10
                                     dataset: MVSA
                                     device: cuda:0
                                     epochs: 100
                                     gpu: 0
                                     lr: 0.001
                                     model: CalWNet
                                     n_nodes: 128
                                     name: MVSA_Single_emc
                                     nlayers: 1
                                     noise: 0,5,10
                                     output_dir: ../emc_data
                                     path: ./../emc_data/MVSA
                                     seed: 42
                                     top_k_logits: 200
INFO - 08/30/24 18:52:55 - 0:00:00 - ./../emc_data/MVSA train
INFO - 08/30/24 18:52:55 - 0:00:00 - Trian data: torch.Size([2, 2073, 3])
INFO - 08/30/24 18:52:59 - 0:00:04 - Trian data: torch.Size([2, 2073, 3])
INFO - 08/30/24 18:53:30 - 0:00:35 - Trian data: torch.Size([2, 2073, 3])
INFO - 08/30/24 18:54:04 - 0:01:09 - ./../emc_data/MVSA train
                                     noise_0 : M1: 95.30±4.49 M2: 96.92±2.03 Min: 92.42±5.76 Max: 99.79±0.26 M: 99.09±0.90 Train mse: 0.33±0.04 Test mse: 0.18±0.08 Train M1 ECE: 3.84±1.11 Train M2 ECE: 4.03±1.91 Test M1 ECE: 1.87±1.55 Test M2 ECE: 7.93±3.31
                                     noise_5 : M1: 85.73±3.95 M2: 65.13±1.87 Min: 55.37±3.44 Max: 95.49±1.90 M: 90.53±3.07 Train mse: 0.78±0.45 Test mse: 0.79±0.46 Train M1 ECE: 9.23±2.18 Train M2 ECE: 18.07±6.18 Test M1 ECE: 6.28±1.84 Test M2 ECE: 15.60±5.65
                                     noise_10: M1: 74.96±7.02 M2: 60.19±2.29 Min: 43.31±4.07 Max: 91.85±4.34 M: 83.14±4.48 Train mse: 0.80±0.55 Test mse: 0.81±0.57 Train M1 ECE: 12.26±5.97 Train M2 ECE: 24.04±6.66 Test M1 ECE: 10.81±5.53 Test M2 ECE: 22.42±5.60
INFO - 08/30/24 18:54:04 - 0:01:09 - ./../emc_data/MVSA dev
INFO - 08/30/24 18:54:04 - 0:01:09 - Trian data: torch.Size([2, 2073, 3])
INFO - 08/30/24 18:54:04 - 0:01:09 - Trian data: torch.Size([2, 2073, 3])
INFO - 08/30/24 18:54:04 - 0:01:09 - Trian data: torch.Size([2, 2073, 3])
INFO - 08/30/24 18:54:04 - 0:01:09 - ./../emc_data/MVSA dev
                                     noise_0 : M1: 72.72±1.53 M2: 64.11±1.09 Min: 51.04±1.67 Max: 85.79±0.89 M: 76.16±1.55 Train mse: 0.33±0.04 Test mse: 0.56±0.01 Train M1 ECE: 3.84±1.11 Train M2 ECE: 4.03±1.91 Test M1 ECE: 17.11±3.21 Test M2 ECE: 14.22±3.48
                                     noise_5 : M1: 70.79±1.61 M2: 46.12±1.03 Min: 34.11±1.17 Max: 82.80±1.39 M: 73.42±1.84 Train mse: 0.78±0.45 Test mse: 0.74±0.42 Train M1 ECE: 9.23±2.18 Train M2 ECE: 18.07±6.18 Test M1 ECE: 18.57±3.24 Test M2 ECE: 27.85±6.66
                                     noise_10: M1: 61.85±6.45 M2: 42.08±1.42 Min: 25.85±2.85 Max: 78.09±4.26 M: 63.57±4.02 Train mse: 0.80±0.55 Test mse: 0.75±0.51 Train M1 ECE: 12.26±5.97 Train M2 ECE: 24.04±6.66 Test M1 ECE: 20.47±5.85 Test M2 ECE: 32.41±7.64
INFO - 08/30/24 18:54:04 - 0:01:09 - ./../emc_data/MVSA test
INFO - 08/30/24 18:54:04 - 0:01:09 - Trian data: torch.Size([2, 2073, 3])
INFO - 08/30/24 18:54:04 - 0:01:09 - Trian data: torch.Size([2, 2073, 3])
INFO - 08/30/24 18:54:04 - 0:01:09 - Trian data: torch.Size([2, 2073, 3])
INFO - 08/30/24 18:54:04 - 0:01:09 - ./../emc_data/MVSA test
                                     noise_0 : M1: 76.22±1.18 M2: 63.33±1.64 Min: 51.33±1.35 Max: 88.23±1.07 M: 79.58±1.54 Train mse: 0.33±0.04 Test mse: 0.55±0.01 Train M1 ECE: 3.84±1.11 Train M2 ECE: 4.03±1.91 Test M1 ECE: 14.59±4.30 Test M2 ECE: 14.46±3.87
                                     noise_5 : M1: 71.25±1.54 M2: 47.48±1.73 Min: 33.80±2.12 Max: 84.93±1.11 M: 74.16±1.35 Train mse: 0.78±0.45 Test mse: 0.74±0.42 Train M1 ECE: 9.23±2.18 Train M2 ECE: 18.07±6.18 Test M1 ECE: 18.20±4.55 Test M2 ECE: 26.52±5.77
                                     noise_10: M1: 64.05±4.32 M2: 42.25±2.99 Min: 25.68±2.69 Max: 80.62±3.13 M: 65.72±1.91 Train mse: 0.80±0.55 Test mse: 0.77±0.53 Train M1 ECE: 12.26±5.97 Train M2 ECE: 24.04±6.66 Test M1 ECE: 18.91±6.79 Test M2 ECE: 32.02±8.12
INFO - 08/30/24 18:54:32 - 0:00:00 - batch_size: 128
                                     data_nums: 1,2,3,4,5,6,7,8,9,10
                                     dataset: MVSA
                                     device: cuda:0
                                     epochs: 100
                                     gpu: 0
                                     lr: 0.001
                                     model: CalWNet
                                     n_nodes: 128
                                     name: MVSA_Single_emc
                                     nlayers: 1
                                     noise: 0,5,10
                                     output_dir: ../emc_data
                                     path: ./../emc_data/MVSA
                                     seed: 42
                                     top_k_logits: 200
INFO - 08/30/24 18:54:32 - 0:00:00 - ./../emc_data/MVSA train
INFO - 08/30/24 18:54:32 - 0:00:00 - Trian data: torch.Size([2, 2073, 3])
INFO - 08/30/24 18:54:33 - 0:00:01 - Trian data: torch.Size([2, 2073, 3])
INFO - 08/30/24 18:54:35 - 0:00:03 - Trian data: torch.Size([2, 2073, 3])
INFO - 08/30/24 18:54:37 - 0:00:05 - ./../emc_data/MVSA train
                                     noise_0 : M1: 95.30±4.49 M2: 96.92±2.03 Min: 92.42±5.76 Max: 99.79±0.26 M: 99.09±0.90 Train mse: 0.33±0.04 Test mse: 0.18±0.08 Train M1 ECE: 3.84±1.11 Train M2 ECE: 4.03±1.91 Test M1 ECE: 1.87±1.55 Test M2 ECE: 7.93±3.31
                                     noise_5 : M1: 85.73±3.95 M2: 65.13±1.87 Min: 55.37±3.44 Max: 95.49±1.90 M: 90.01±2.89 Train mse: 0.48±0.03 Test mse: 0.45±0.03 Train M1 ECE: 9.23±2.18 Train M2 ECE: 18.07±6.18 Test M1 ECE: 6.28±1.84 Test M2 ECE: 15.60±5.65
                                     noise_10: M1: 74.96±7.02 M2: 60.19±2.29 Min: 43.31±4.07 Max: 91.85±4.34 M: 83.56±3.71 Train mse: 0.48±0.02 Test mse: 0.45±0.02 Train M1 ECE: 12.26±5.97 Train M2 ECE: 24.04±6.66 Test M1 ECE: 10.81±5.53 Test M2 ECE: 22.42±5.60
INFO - 08/30/24 18:54:37 - 0:00:05 - ./../emc_data/MVSA dev
INFO - 08/30/24 18:54:37 - 0:00:05 - Trian data: torch.Size([2, 2073, 3])
INFO - 08/30/24 18:54:37 - 0:00:05 - Trian data: torch.Size([2, 2073, 3])
INFO - 08/30/24 18:54:37 - 0:00:05 - Trian data: torch.Size([2, 2073, 3])
INFO - 08/30/24 18:54:37 - 0:00:05 - ./../emc_data/MVSA dev
                                     noise_0 : M1: 72.72±1.53 M2: 64.11±1.09 Min: 51.04±1.67 Max: 85.79±0.89 M: 76.18±1.57 Train mse: 0.33±0.04 Test mse: 0.56±0.01 Train M1 ECE: 3.84±1.11 Train M2 ECE: 4.03±1.91 Test M1 ECE: 17.11±3.21 Test M2 ECE: 14.22±3.48
                                     noise_5 : M1: 70.79±1.61 M2: 46.12±1.03 Min: 34.11±1.17 Max: 82.80±1.39 M: 73.28±1.72 Train mse: 0.48±0.03 Test mse: 0.58±0.04 Train M1 ECE: 9.23±2.18 Train M2 ECE: 18.07±6.18 Test M1 ECE: 18.57±3.24 Test M2 ECE: 27.85±6.66
                                     noise_10: M1: 61.85±6.45 M2: 42.08±1.42 Min: 25.85±2.85 Max: 78.09±4.26 M: 64.02±3.62 Train mse: 0.48±0.02 Test mse: 0.56±0.02 Train M1 ECE: 12.26±5.97 Train M2 ECE: 24.04±6.66 Test M1 ECE: 20.47±5.85 Test M2 ECE: 32.41±7.64
INFO - 08/30/24 18:54:37 - 0:00:05 - ./../emc_data/MVSA test
INFO - 08/30/24 18:54:37 - 0:00:05 - Trian data: torch.Size([2, 2073, 3])
INFO - 08/30/24 18:54:37 - 0:00:05 - Trian data: torch.Size([2, 2073, 3])
INFO - 08/30/24 18:54:37 - 0:00:05 - Trian data: torch.Size([2, 2073, 3])
INFO - 08/30/24 18:54:37 - 0:00:05 - ./../emc_data/MVSA test
                                     noise_0 : M1: 76.22±1.18 M2: 63.33±1.64 Min: 51.33±1.35 Max: 88.23±1.07 M: 79.60±1.54 Train mse: 0.33±0.04 Test mse: 0.55±0.01 Train M1 ECE: 3.84±1.11 Train M2 ECE: 4.03±1.91 Test M1 ECE: 14.59±4.30 Test M2 ECE: 14.46±3.87
                                     noise_5 : M1: 71.25±1.54 M2: 47.48±1.73 Min: 33.80±2.12 Max: 84.93±1.11 M: 74.20±1.62 Train mse: 0.48±0.03 Test mse: 0.57±0.04 Train M1 ECE: 9.23±2.18 Train M2 ECE: 18.07±6.18 Test M1 ECE: 18.20±4.55 Test M2 ECE: 26.52±5.77
                                     noise_10: M1: 64.05±4.32 M2: 42.25±2.99 Min: 25.68±2.69 Max: 80.62±3.13 M: 66.90±1.34 Train mse: 0.48±0.02 Test mse: 0.55±0.03 Train M1 ECE: 12.26±5.97 Train M2 ECE: 24.04±6.66 Test M1 ECE: 18.91±6.79 Test M2 ECE: 32.02±8.12
INFO - 08/30/24 18:55:17 - 0:00:00 - batch_size: 128
                                     data_nums: 1,2,3,4,5,6,7,8,9,10
                                     dataset: MVSA
                                     device: cuda:0
                                     epochs: 100
                                     gpu: 0
                                     lr: 0.001
                                     model: CalWNet
                                     n_nodes: 128
                                     name: MVSA_Single_emc
                                     nlayers: 1
                                     noise: 0,5,10
                                     output_dir: ../emc_data
                                     path: ./../emc_data/MVSA
                                     seed: 42
                                     top_k_logits: 200
INFO - 08/30/24 18:55:17 - 0:00:00 - ./../emc_data/MVSA train
INFO - 08/30/24 18:55:17 - 0:00:00 - Trian data: torch.Size([2, 2073, 3])
INFO - 08/30/24 18:55:18 - 0:00:01 - Trian data: torch.Size([2, 2073, 3])
INFO - 08/30/24 18:55:19 - 0:00:01 - Trian data: torch.Size([2, 2073, 3])
INFO - 08/30/24 18:55:19 - 0:00:02 - ./../emc_data/MVSA train
                                     noise_0 : M1: 95.30±4.49 M2: 96.92±2.03 Min: 92.42±5.76 Max: 99.79±0.26 M: 99.09±0.90 Train mse: 0.33±0.04 Test mse: 0.18±0.08 Train M1 ECE: 3.84±1.11 Train M2 ECE: 4.03±1.91 Test M1 ECE: 1.87±1.55 Test M2 ECE: 7.93±3.31
                                     noise_5 : M1: 85.73±3.95 M2: 65.13±1.87 Min: 55.37±3.44 Max: 95.49±1.90 M: 89.82±2.91 Train mse: 0.51±0.02 Test mse: 0.47±0.03 Train M1 ECE: 9.23±2.18 Train M2 ECE: 18.07±6.18 Test M1 ECE: 6.28±1.84 Test M2 ECE: 15.60±5.65
                                     noise_10: M1: 74.96±7.02 M2: 60.19±2.29 Min: 43.31±4.07 Max: 91.85±4.34 M: 83.28±3.63 Train mse: 0.52±0.02 Test mse: 0.49±0.02 Train M1 ECE: 12.26±5.97 Train M2 ECE: 24.04±6.66 Test M1 ECE: 10.81±5.53 Test M2 ECE: 22.42±5.60
INFO - 08/30/24 18:55:19 - 0:00:02 - ./../emc_data/MVSA dev
INFO - 08/30/24 18:55:19 - 0:00:02 - Trian data: torch.Size([2, 2073, 3])
INFO - 08/30/24 18:55:19 - 0:00:02 - Trian data: torch.Size([2, 2073, 3])
INFO - 08/30/24 18:55:19 - 0:00:02 - Trian data: torch.Size([2, 2073, 3])
INFO - 08/30/24 18:55:20 - 0:00:02 - ./../emc_data/MVSA dev
                                     noise_0 : M1: 72.72±1.53 M2: 64.11±1.09 Min: 51.04±1.67 Max: 85.79±0.89 M: 76.18±1.57 Train mse: 0.33±0.04 Test mse: 0.56±0.01 Train M1 ECE: 3.84±1.11 Train M2 ECE: 4.03±1.91 Test M1 ECE: 17.11±3.21 Test M2 ECE: 14.22±3.48
                                     noise_5 : M1: 70.79±1.61 M2: 46.12±1.03 Min: 34.11±1.17 Max: 82.80±1.39 M: 73.19±1.73 Train mse: 0.51±0.02 Test mse: 0.61±0.02 Train M1 ECE: 9.23±2.18 Train M2 ECE: 18.07±6.18 Test M1 ECE: 18.57±3.24 Test M2 ECE: 27.85±6.66
                                     noise_10: M1: 61.85±6.45 M2: 42.08±1.42 Min: 25.85±2.85 Max: 78.09±4.26 M: 64.05±3.71 Train mse: 0.52±0.02 Test mse: 0.61±0.02 Train M1 ECE: 12.26±5.97 Train M2 ECE: 24.04±6.66 Test M1 ECE: 20.47±5.85 Test M2 ECE: 32.41±7.64
INFO - 08/30/24 18:55:20 - 0:00:02 - ./../emc_data/MVSA test
INFO - 08/30/24 18:55:20 - 0:00:02 - Trian data: torch.Size([2, 2073, 3])
INFO - 08/30/24 18:55:20 - 0:00:02 - Trian data: torch.Size([2, 2073, 3])
INFO - 08/30/24 18:55:20 - 0:00:02 - Trian data: torch.Size([2, 2073, 3])
INFO - 08/30/24 18:55:20 - 0:00:02 - ./../emc_data/MVSA test
                                     noise_0 : M1: 76.22±1.18 M2: 63.33±1.64 Min: 51.33±1.35 Max: 88.23±1.07 M: 79.60±1.54 Train mse: 0.33±0.04 Test mse: 0.55±0.01 Train M1 ECE: 3.84±1.11 Train M2 ECE: 4.03±1.91 Test M1 ECE: 14.59±4.30 Test M2 ECE: 14.46±3.87
                                     noise_5 : M1: 71.25±1.54 M2: 47.48±1.73 Min: 33.80±2.12 Max: 84.93±1.11 M: 74.20±1.57 Train mse: 0.51±0.02 Test mse: 0.61±0.02 Train M1 ECE: 9.23±2.18 Train M2 ECE: 18.07±6.18 Test M1 ECE: 18.20±4.55 Test M2 ECE: 26.52±5.77
                                     noise_10: M1: 64.05±4.32 M2: 42.25±2.99 Min: 25.68±2.69 Max: 80.62±3.13 M: 67.01±1.33 Train mse: 0.52±0.02 Test mse: 0.60±0.03 Train M1 ECE: 12.26±5.97 Train M2 ECE: 24.04±6.66 Test M1 ECE: 18.91±6.79 Test M2 ECE: 32.02±8.12
INFO - 08/30/24 18:55:46 - 0:00:00 - batch_size: 128
                                     data_nums: 1,2,3,4,5,6,7,8,9,10
                                     dataset: MVSA
                                     device: cuda:0
                                     epochs: 100
                                     gpu: 0
                                     lr: 0.001
                                     model: CalWNet
                                     n_nodes: 128
                                     name: MVSA_Single_emc
                                     nlayers: 1
                                     noise: 0,5,10
                                     output_dir: ../emc_data
                                     path: ./../emc_data/MVSA
                                     seed: 42
                                     top_k_logits: 200
INFO - 08/30/24 18:55:46 - 0:00:00 - ./../emc_data/MVSA train
INFO - 08/30/24 18:55:46 - 0:00:00 - Trian data: torch.Size([2, 2073, 3])
INFO - 08/30/24 18:55:47 - 0:00:01 - Trian data: torch.Size([2, 2073, 3])
INFO - 08/30/24 18:55:48 - 0:00:02 - Trian data: torch.Size([2, 2073, 3])
INFO - 08/30/24 18:55:49 - 0:00:03 - ./../emc_data/MVSA train
                                     noise_0 : M1: 95.30±4.49 M2: 96.92±2.03 Min: 92.42±5.76 Max: 99.79±0.26 M: 99.16±0.67 Train mse: 0.36±0.04 Test mse: 0.30±0.05 Train M1 ECE: 3.84±1.11 Train M2 ECE: 4.03±1.91 Test M1 ECE: 1.87±1.55 Test M2 ECE: 7.93±3.31
                                     noise_5 : M1: 85.73±3.95 M2: 65.13±1.87 Min: 55.37±3.44 Max: 95.49±1.90 M: 90.45±2.81 Train mse: 0.47±0.02 Test mse: 0.43±0.02 Train M1 ECE: 9.23±2.18 Train M2 ECE: 18.07±6.18 Test M1 ECE: 6.28±1.84 Test M2 ECE: 15.60±5.65
                                     noise_10: M1: 74.96±7.02 M2: 60.19±2.29 Min: 43.31±4.07 Max: 91.85±4.34 M: 84.05±3.70 Train mse: 0.45±0.04 Test mse: 0.43±0.04 Train M1 ECE: 12.26±5.97 Train M2 ECE: 24.04±6.66 Test M1 ECE: 10.81±5.53 Test M2 ECE: 22.42±5.60
INFO - 08/30/24 18:55:49 - 0:00:03 - ./../emc_data/MVSA dev
INFO - 08/30/24 18:55:49 - 0:00:03 - Trian data: torch.Size([2, 2073, 3])
INFO - 08/30/24 18:55:49 - 0:00:03 - Trian data: torch.Size([2, 2073, 3])
INFO - 08/30/24 18:55:49 - 0:00:03 - Trian data: torch.Size([2, 2073, 3])
INFO - 08/30/24 18:55:49 - 0:00:03 - ./../emc_data/MVSA dev
                                     noise_0 : M1: 72.72±1.53 M2: 64.11±1.09 Min: 51.04±1.67 Max: 85.79±0.89 M: 76.08±1.68 Train mse: 0.36±0.04 Test mse: 0.50±0.03 Train M1 ECE: 3.84±1.11 Train M2 ECE: 4.03±1.91 Test M1 ECE: 17.11±3.21 Test M2 ECE: 14.22±3.48
                                     noise_5 : M1: 70.79±1.61 M2: 46.12±1.03 Min: 34.11±1.17 Max: 82.80±1.39 M: 73.61±1.34 Train mse: 0.47±0.02 Test mse: 0.55±0.04 Train M1 ECE: 9.23±2.18 Train M2 ECE: 18.07±6.18 Test M1 ECE: 18.57±3.24 Test M2 ECE: 27.85±6.66
                                     noise_10: M1: 61.85±6.45 M2: 42.08±1.42 Min: 25.85±2.85 Max: 78.09±4.26 M: 64.31±4.00 Train mse: 0.45±0.04 Test mse: 0.53±0.04 Train M1 ECE: 12.26±5.97 Train M2 ECE: 24.04±6.66 Test M1 ECE: 20.47±5.85 Test M2 ECE: 32.41±7.64
INFO - 08/30/24 18:55:49 - 0:00:03 - ./../emc_data/MVSA test
INFO - 08/30/24 18:55:49 - 0:00:03 - Trian data: torch.Size([2, 2073, 3])
INFO - 08/30/24 18:55:49 - 0:00:03 - Trian data: torch.Size([2, 2073, 3])
INFO - 08/30/24 18:55:49 - 0:00:03 - Trian data: torch.Size([2, 2073, 3])
INFO - 08/30/24 18:55:49 - 0:00:03 - ./../emc_data/MVSA test
                                     noise_0 : M1: 76.22±1.18 M2: 63.33±1.64 Min: 51.33±1.35 Max: 88.23±1.07 M: 79.50±1.17 Train mse: 0.36±0.04 Test mse: 0.50±0.03 Train M1 ECE: 3.84±1.11 Train M2 ECE: 4.03±1.91 Test M1 ECE: 14.59±4.30 Test M2 ECE: 14.46±3.87
                                     noise_5 : M1: 71.25±1.54 M2: 47.48±1.73 Min: 33.80±2.12 Max: 84.93±1.11 M: 74.24±1.43 Train mse: 0.47±0.02 Test mse: 0.55±0.04 Train M1 ECE: 9.23±2.18 Train M2 ECE: 18.07±6.18 Test M1 ECE: 18.20±4.55 Test M2 ECE: 26.52±5.77
                                     noise_10: M1: 64.05±4.32 M2: 42.25±2.99 Min: 25.68±2.69 Max: 80.62±3.13 M: 66.94±1.80 Train mse: 0.45±0.04 Test mse: 0.52±0.04 Train M1 ECE: 12.26±5.97 Train M2 ECE: 24.04±6.66 Test M1 ECE: 18.91±6.79 Test M2 ECE: 32.02±8.12
INFO - 08/30/24 18:55:58 - 0:00:00 - batch_size: 128
                                     data_nums: 1,2,3,4,5,6,7,8,9,10
                                     dataset: MVSA
                                     device: cuda:0
                                     epochs: 100
                                     gpu: 0
                                     lr: 0.001
                                     model: CalWNet
                                     n_nodes: 128
                                     name: MVSA_Single_emc
                                     nlayers: 1
                                     noise: 0,5,10
                                     output_dir: ../emc_data
                                     path: ./../emc_data/MVSA
                                     seed: 42
                                     top_k_logits: 200
INFO - 08/30/24 18:55:58 - 0:00:00 - ./../emc_data/MVSA train
INFO - 08/30/24 18:55:58 - 0:00:00 - Trian data: torch.Size([2, 2073, 3])
INFO - 08/30/24 18:55:59 - 0:00:01 - Trian data: torch.Size([2, 2073, 3])
INFO - 08/30/24 18:56:00 - 0:00:02 - Trian data: torch.Size([2, 2073, 3])
INFO - 08/30/24 18:56:01 - 0:00:02 - ./../emc_data/MVSA train
                                     noise_0 : M1: 95.30±4.49 M2: 96.92±2.03 Min: 92.42±5.76 Max: 99.79±0.26 M: 97.58±4.28 Train mse: 13.55±29.83 Test mse: 11.83±25.12 Train M1 ECE: 3.84±1.11 Train M2 ECE: 4.03±1.91 Test M1 ECE: 1.87±1.55 Test M2 ECE: 7.93±3.31
                                     noise_5 : M1: 85.73±3.95 M2: 65.13±1.87 Min: 55.37±3.44 Max: 95.49±1.90 M: 89.85±2.83 Train mse: 178.78±525.20 Test mse: 183.01±537.58 Train M1 ECE: 9.23±2.18 Train M2 ECE: 18.07±6.18 Test M1 ECE: 6.28±1.84 Test M2 ECE: 15.60±5.65
                                     noise_10: M1: 74.96±7.02 M2: 60.19±2.29 Min: 43.31±4.07 Max: 91.85±4.34 M: 84.10±3.72 Train mse: 0.55±0.03 Test mse: 0.53±0.04 Train M1 ECE: 12.26±5.97 Train M2 ECE: 24.04±6.66 Test M1 ECE: 10.81±5.53 Test M2 ECE: 22.42±5.60
INFO - 08/30/24 18:56:01 - 0:00:02 - ./../emc_data/MVSA dev
INFO - 08/30/24 18:56:01 - 0:00:02 - Trian data: torch.Size([2, 2073, 3])
INFO - 08/30/24 18:56:01 - 0:00:02 - Trian data: torch.Size([2, 2073, 3])
INFO - 08/30/24 18:56:01 - 0:00:03 - Trian data: torch.Size([2, 2073, 3])
INFO - 08/30/24 18:56:01 - 0:00:03 - ./../emc_data/MVSA dev
                                     noise_0 : M1: 72.72±1.53 M2: 64.11±1.09 Min: 51.04±1.67 Max: 85.79±0.89 M: 74.52±2.84 Train mse: 13.55±29.83 Test mse: 17.50±40.92 Train M1 ECE: 3.84±1.11 Train M2 ECE: 4.03±1.91 Test M1 ECE: 17.11±3.21 Test M2 ECE: 14.22±3.48
                                     noise_5 : M1: 70.79±1.61 M2: 46.12±1.03 Min: 34.11±1.17 Max: 82.80±1.39 M: 72.72±2.88 Train mse: 178.78±525.20 Test mse: 165.44±486.14 Train M1 ECE: 9.23±2.18 Train M2 ECE: 18.07±6.18 Test M1 ECE: 18.57±3.24 Test M2 ECE: 27.85±6.66
                                     noise_10: M1: 61.85±6.45 M2: 42.08±1.42 Min: 25.85±2.85 Max: 78.09±4.26 M: 64.34±3.73 Train mse: 0.55±0.03 Test mse: 0.60±0.02 Train M1 ECE: 12.26±5.97 Train M2 ECE: 24.04±6.66 Test M1 ECE: 20.47±5.85 Test M2 ECE: 32.41±7.64
INFO - 08/30/24 18:56:01 - 0:00:03 - ./../emc_data/MVSA test
INFO - 08/30/24 18:56:01 - 0:00:03 - Trian data: torch.Size([2, 2073, 3])
INFO - 08/30/24 18:56:01 - 0:00:03 - Trian data: torch.Size([2, 2073, 3])
INFO - 08/30/24 18:56:01 - 0:00:03 - Trian data: torch.Size([2, 2073, 3])
INFO - 08/30/24 18:56:01 - 0:00:03 - ./../emc_data/MVSA test
                                     noise_0 : M1: 76.22±1.18 M2: 63.33±1.64 Min: 51.33±1.35 Max: 88.23±1.07 M: 76.90±4.20 Train mse: 13.55±29.83 Test mse: 17.36±41.06 Train M1 ECE: 3.84±1.11 Train M2 ECE: 4.03±1.91 Test M1 ECE: 14.59±4.30 Test M2 ECE: 14.46±3.87
                                     noise_5 : M1: 71.25±1.54 M2: 47.48±1.73 Min: 33.80±2.12 Max: 84.93±1.11 M: 72.91±3.14 Train mse: 178.78±525.20 Test mse: 167.26±491.00 Train M1 ECE: 9.23±2.18 Train M2 ECE: 18.07±6.18 Test M1 ECE: 18.20±4.55 Test M2 ECE: 26.52±5.77
                                     noise_10: M1: 64.05±4.32 M2: 42.25±2.99 Min: 25.68±2.69 Max: 80.62±3.13 M: 66.49±1.98 Train mse: 0.55±0.03 Test mse: 0.59±0.03 Train M1 ECE: 12.26±5.97 Train M2 ECE: 24.04±6.66 Test M1 ECE: 18.91±6.79 Test M2 ECE: 32.02±8.12
INFO - 08/30/24 18:56:15 - 0:00:00 - batch_size: 128
                                     data_nums: 1,2,3,4,5,6,7,8,9,10
                                     dataset: MVSA
                                     device: cuda:0
                                     epochs: 100
                                     gpu: 0
                                     lr: 0.001
                                     model: CalWNet
                                     n_nodes: 128
                                     name: MVSA_Single_emc
                                     nlayers: 1
                                     noise: 0,5,10
                                     output_dir: ../emc_data
                                     path: ./../emc_data/MVSA
                                     seed: 42
                                     top_k_logits: 200
INFO - 08/30/24 18:56:15 - 0:00:00 - ./../emc_data/MVSA train
INFO - 08/30/24 18:56:15 - 0:00:00 - Trian data: torch.Size([2, 2073, 3])
INFO - 08/30/24 18:56:16 - 0:00:01 - Trian data: torch.Size([2, 2073, 3])
INFO - 08/30/24 18:56:16 - 0:00:01 - Trian data: torch.Size([2, 2073, 3])
INFO - 08/30/24 18:56:16 - 0:00:01 - ./../emc_data/MVSA train
                                     noise_0 : M1: 95.30±4.49 M2: 96.92±2.03 Min: 92.42±5.76 Max: 99.79±0.26 M: 99.09±0.90 Train mse: 0.33±0.04 Test mse: 0.18±0.08 Train M1 ECE: 3.84±1.11 Train M2 ECE: 4.03±1.91 Test M1 ECE: 1.87±1.55 Test M2 ECE: 7.93±3.31
                                     noise_5 : M1: 85.73±3.95 M2: 65.13±1.87 Min: 55.37±3.44 Max: 95.49±1.90 M: 89.59±2.97 Train mse: 0.54±0.02 Test mse: 0.49±0.03 Train M1 ECE: 9.23±2.18 Train M2 ECE: 18.07±6.18 Test M1 ECE: 6.28±1.84 Test M2 ECE: 15.60±5.65
                                     noise_10: M1: 74.96±7.02 M2: 60.19±2.29 Min: 43.31±4.07 Max: 91.85±4.34 M: 82.59±3.73 Train mse: 0.60±0.04 Test mse: 0.57±0.04 Train M1 ECE: 12.26±5.97 Train M2 ECE: 24.04±6.66 Test M1 ECE: 10.81±5.53 Test M2 ECE: 22.42±5.60
INFO - 08/30/24 18:56:16 - 0:00:01 - ./../emc_data/MVSA dev
INFO - 08/30/24 18:56:16 - 0:00:01 - Trian data: torch.Size([2, 2073, 3])
INFO - 08/30/24 18:56:16 - 0:00:01 - Trian data: torch.Size([2, 2073, 3])
INFO - 08/30/24 18:56:16 - 0:00:01 - Trian data: torch.Size([2, 2073, 3])
INFO - 08/30/24 18:56:16 - 0:00:01 - ./../emc_data/MVSA dev
                                     noise_0 : M1: 72.72±1.53 M2: 64.11±1.09 Min: 51.04±1.67 Max: 85.79±0.89 M: 76.18±1.57 Train mse: 0.33±0.04 Test mse: 0.56±0.01 Train M1 ECE: 3.84±1.11 Train M2 ECE: 4.03±1.91 Test M1 ECE: 17.11±3.21 Test M2 ECE: 14.22±3.48
                                     noise_5 : M1: 70.79±1.61 M2: 46.12±1.03 Min: 34.11±1.17 Max: 82.80±1.39 M: 72.78±1.98 Train mse: 0.54±0.02 Test mse: 0.64±0.01 Train M1 ECE: 9.23±2.18 Train M2 ECE: 18.07±6.18 Test M1 ECE: 18.57±3.24 Test M2 ECE: 27.85±6.66
                                     noise_10: M1: 61.85±6.45 M2: 42.08±1.42 Min: 25.85±2.85 Max: 78.09±4.26 M: 63.57±3.60 Train mse: 0.60±0.04 Test mse: 0.69±0.03 Train M1 ECE: 12.26±5.97 Train M2 ECE: 24.04±6.66 Test M1 ECE: 20.47±5.85 Test M2 ECE: 32.41±7.64
INFO - 08/30/24 18:56:16 - 0:00:01 - ./../emc_data/MVSA test
INFO - 08/30/24 18:56:16 - 0:00:01 - Trian data: torch.Size([2, 2073, 3])
INFO - 08/30/24 18:56:16 - 0:00:01 - Trian data: torch.Size([2, 2073, 3])
INFO - 08/30/24 18:56:16 - 0:00:01 - Trian data: torch.Size([2, 2073, 3])
INFO - 08/30/24 18:56:16 - 0:00:01 - ./../emc_data/MVSA test
                                     noise_0 : M1: 76.22±1.18 M2: 63.33±1.64 Min: 51.33±1.35 Max: 88.23±1.07 M: 79.60±1.54 Train mse: 0.33±0.04 Test mse: 0.55±0.01 Train M1 ECE: 3.84±1.11 Train M2 ECE: 4.03±1.91 Test M1 ECE: 14.59±4.30 Test M2 ECE: 14.46±3.87
                                     noise_5 : M1: 71.25±1.54 M2: 47.48±1.73 Min: 33.80±2.12 Max: 84.93±1.11 M: 73.93±1.46 Train mse: 0.54±0.02 Test mse: 0.64±0.01 Train M1 ECE: 9.23±2.18 Train M2 ECE: 18.07±6.18 Test M1 ECE: 18.20±4.55 Test M2 ECE: 26.52±5.77
                                     noise_10: M1: 64.05±4.32 M2: 42.25±2.99 Min: 25.68±2.69 Max: 80.62±3.13 M: 66.82±1.31 Train mse: 0.60±0.04 Test mse: 0.68±0.03 Train M1 ECE: 12.26±5.97 Train M2 ECE: 24.04±6.66 Test M1 ECE: 18.91±6.79 Test M2 ECE: 32.02±8.12
INFO - 08/30/24 18:56:26 - 0:00:00 - batch_size: 128
                                     data_nums: 1,2,3,4,5,6,7,8,9,10
                                     dataset: MVSA
                                     device: cuda:0
                                     epochs: 100
                                     gpu: 0
                                     lr: 0.001
                                     model: CalWNet
                                     n_nodes: 128
                                     name: MVSA_Single_emc
                                     nlayers: 1
                                     noise: 0,5,10
                                     output_dir: ../emc_data
                                     path: ./../emc_data/MVSA
                                     seed: 42
                                     top_k_logits: 200
INFO - 08/30/24 18:56:26 - 0:00:00 - ./../emc_data/MVSA train
INFO - 08/30/24 18:56:26 - 0:00:00 - Trian data: torch.Size([2, 2073, 3])
INFO - 08/30/24 18:56:27 - 0:00:01 - Trian data: torch.Size([2, 2073, 3])
INFO - 08/30/24 18:56:27 - 0:00:01 - Trian data: torch.Size([2, 2073, 3])
INFO - 08/30/24 18:56:28 - 0:00:02 - ./../emc_data/MVSA train
                                     noise_0 : M1: 95.30±4.49 M2: 96.92±2.03 Min: 92.42±5.76 Max: 99.79±0.26 M: 99.09±0.90 Train mse: 0.33±0.04 Test mse: 0.18±0.08 Train M1 ECE: 3.84±1.11 Train M2 ECE: 4.03±1.91 Test M1 ECE: 1.87±1.55 Test M2 ECE: 7.93±3.31
                                     noise_5 : M1: 85.73±3.95 M2: 65.13±1.87 Min: 55.37±3.44 Max: 95.49±1.90 M: 89.82±2.91 Train mse: 0.51±0.02 Test mse: 0.47±0.03 Train M1 ECE: 9.23±2.18 Train M2 ECE: 18.07±6.18 Test M1 ECE: 6.28±1.84 Test M2 ECE: 15.60±5.65
                                     noise_10: M1: 74.96±7.02 M2: 60.19±2.29 Min: 43.31±4.07 Max: 91.85±4.34 M: 83.28±3.63 Train mse: 0.52±0.02 Test mse: 0.49±0.02 Train M1 ECE: 12.26±5.97 Train M2 ECE: 24.04±6.66 Test M1 ECE: 10.81±5.53 Test M2 ECE: 22.42±5.60
INFO - 08/30/24 18:56:28 - 0:00:02 - ./../emc_data/MVSA dev
INFO - 08/30/24 18:56:28 - 0:00:02 - Trian data: torch.Size([2, 2073, 3])
INFO - 08/30/24 18:56:28 - 0:00:02 - Trian data: torch.Size([2, 2073, 3])
INFO - 08/30/24 18:56:28 - 0:00:02 - Trian data: torch.Size([2, 2073, 3])
INFO - 08/30/24 18:56:28 - 0:00:02 - ./../emc_data/MVSA dev
                                     noise_0 : M1: 72.72±1.53 M2: 64.11±1.09 Min: 51.04±1.67 Max: 85.79±0.89 M: 76.18±1.57 Train mse: 0.33±0.04 Test mse: 0.56±0.01 Train M1 ECE: 3.84±1.11 Train M2 ECE: 4.03±1.91 Test M1 ECE: 17.11±3.21 Test M2 ECE: 14.22±3.48
                                     noise_5 : M1: 70.79±1.61 M2: 46.12±1.03 Min: 34.11±1.17 Max: 82.80±1.39 M: 73.19±1.73 Train mse: 0.51±0.02 Test mse: 0.61±0.02 Train M1 ECE: 9.23±2.18 Train M2 ECE: 18.07±6.18 Test M1 ECE: 18.57±3.24 Test M2 ECE: 27.85±6.66
                                     noise_10: M1: 61.85±6.45 M2: 42.08±1.42 Min: 25.85±2.85 Max: 78.09±4.26 M: 64.05±3.71 Train mse: 0.52±0.02 Test mse: 0.61±0.02 Train M1 ECE: 12.26±5.97 Train M2 ECE: 24.04±6.66 Test M1 ECE: 20.47±5.85 Test M2 ECE: 32.41±7.64
INFO - 08/30/24 18:56:28 - 0:00:02 - ./../emc_data/MVSA test
INFO - 08/30/24 18:56:28 - 0:00:02 - Trian data: torch.Size([2, 2073, 3])
INFO - 08/30/24 18:56:28 - 0:00:02 - Trian data: torch.Size([2, 2073, 3])
INFO - 08/30/24 18:56:28 - 0:00:02 - Trian data: torch.Size([2, 2073, 3])
INFO - 08/30/24 18:56:28 - 0:00:02 - ./../emc_data/MVSA test
                                     noise_0 : M1: 76.22±1.18 M2: 63.33±1.64 Min: 51.33±1.35 Max: 88.23±1.07 M: 79.60±1.54 Train mse: 0.33±0.04 Test mse: 0.55±0.01 Train M1 ECE: 3.84±1.11 Train M2 ECE: 4.03±1.91 Test M1 ECE: 14.59±4.30 Test M2 ECE: 14.46±3.87
                                     noise_5 : M1: 71.25±1.54 M2: 47.48±1.73 Min: 33.80±2.12 Max: 84.93±1.11 M: 74.20±1.57 Train mse: 0.51±0.02 Test mse: 0.61±0.02 Train M1 ECE: 9.23±2.18 Train M2 ECE: 18.07±6.18 Test M1 ECE: 18.20±4.55 Test M2 ECE: 26.52±5.77
                                     noise_10: M1: 64.05±4.32 M2: 42.25±2.99 Min: 25.68±2.69 Max: 80.62±3.13 M: 67.01±1.33 Train mse: 0.52±0.02 Test mse: 0.60±0.03 Train M1 ECE: 12.26±5.97 Train M2 ECE: 24.04±6.66 Test M1 ECE: 18.91±6.79 Test M2 ECE: 32.02±8.12
INFO - 08/30/24 19:45:06 - 0:00:00 - batch_size: 128
                                     data_nums: 1,2,3,4,5,6,7,8,9,10
                                     dataset: MVSA
                                     device: cuda:0
                                     epochs: 100
                                     gpu: 0
                                     lr: 0.001
                                     model: CalPWNet
                                     n_nodes: 128
                                     name: MVSA_Single_emc
                                     nlayers: 1
                                     noise: 0,5,10
                                     output_dir: ../emc_data
                                     path: ./../emc_data/MVSA
                                     seed: 42
                                     top_k_logits: 200
INFO - 08/30/24 19:45:06 - 0:00:00 - ./../emc_data/MVSA train
INFO - 08/30/24 19:45:06 - 0:00:00 - Trian data: torch.Size([2, 518, 3])
INFO - 08/30/24 19:45:56 - 0:00:00 - batch_size: 128
                                     data_nums: 1,2,3,4,5,6,7,8,9,10
                                     dataset: MVSA
                                     device: cuda:0
                                     epochs: 100
                                     gpu: 0
                                     lr: 0.001
                                     model: CalPWNet
                                     n_nodes: 128
                                     name: MVSA_Single_emc
                                     nlayers: 1
                                     noise: 0,5,10
                                     output_dir: ../emc_data
                                     path: ./../emc_data/MVSA
                                     seed: 42
                                     top_k_logits: 200
INFO - 08/30/24 19:45:56 - 0:00:00 - ./../emc_data/MVSA train
INFO - 08/30/24 19:45:56 - 0:00:00 - Trian data: torch.Size([2, 518, 3])
INFO - 08/30/24 19:46:30 - 0:00:00 - batch_size: 128
                                     data_nums: 1,2,3,4,5,6,7,8,9,10
                                     dataset: MVSA
                                     device: cuda:0
                                     epochs: 100
                                     gpu: 0
                                     lr: 0.001
                                     model: CalPWNet
                                     n_nodes: 128
                                     name: MVSA_Single_emc
                                     nlayers: 1
                                     noise: 0,5,10
                                     output_dir: ../emc_data
                                     path: ./../emc_data/MVSA
                                     seed: 42
                                     top_k_logits: 200
INFO - 08/30/24 19:46:30 - 0:00:00 - ./../emc_data/MVSA train
INFO - 08/30/24 19:46:30 - 0:00:00 - Trian data: torch.Size([2, 518, 3])
INFO - 08/30/24 19:46:35 - 0:00:05 - Trian data: torch.Size([2, 518, 3])
INFO - 08/30/24 19:46:39 - 0:00:09 - Trian data: torch.Size([2, 518, 3])
INFO - 08/30/24 19:46:44 - 0:00:14 - ./../emc_data/MVSA train
                                     noise_0 : M1: 95.30±4.49 M2: 96.92±2.03 Min: 92.42±5.76 Max: 99.79±0.26 M: 93.36±5.57 Train mse: 32.86±55.13 Test mse: 28.63±44.27 Train M1 ECE: 17.11±3.21 Train M2 ECE: 14.22±3.48 Test M1 ECE: 1.87±1.55 Test M2 ECE: 7.93±3.31 cal Train M1 ECE: 3.31±1.21 cal Train M2 ECE: 3.19±0.54 cal Test M1 ECE: 16.28±1.86 cal Test M2 ECE: 21.67±1.52
                                     noise_5 : M1: 85.73±3.95 M2: 65.13±1.87 Min: 55.37±3.44 Max: 95.49±1.90 M: 85.97±8.21 Train mse: 1.32±2.18 Test mse: 1.23±1.99 Train M1 ECE: 18.57±3.24 Train M2 ECE: 27.85±6.66 Test M1 ECE: 6.28±1.84 Test M2 ECE: 15.60±5.65 cal Train M1 ECE: 3.35±0.73 cal Train M2 ECE: 5.22±1.79 cal Test M1 ECE: 11.11±1.51 cal Test M2 ECE: 11.09±2.05
                                     noise_10: M1: 74.96±7.02 M2: 60.19±2.29 Min: 43.31±4.07 Max: 91.85±4.34 M: 78.49±12.17 Train mse: 43.58±126.01 Test mse: 41.83±121.10 Train M1 ECE: 20.47±5.85 Train M2 ECE: 32.41±7.64 Test M1 ECE: 10.81±5.53 Test M2 ECE: 22.42±5.60 cal Train M1 ECE: 4.60±2.44 cal Train M2 ECE: 9.93±2.42 cal Test M1 ECE: 10.73±2.20 cal Test M2 ECE: 13.97±3.79
INFO - 08/30/24 19:46:44 - 0:00:14 - ./../emc_data/MVSA dev
INFO - 08/30/24 19:46:44 - 0:00:14 - Trian data: torch.Size([2, 518, 3])
INFO - 08/30/24 19:46:44 - 0:00:14 - Trian data: torch.Size([2, 518, 3])
INFO - 08/30/24 19:46:44 - 0:00:14 - Trian data: torch.Size([2, 518, 3])
INFO - 08/30/24 19:46:44 - 0:00:14 - ./../emc_data/MVSA dev
                                     noise_0 : M1: 72.72±1.53 M2: 64.11±1.09 Min: 51.04±1.67 Max: 85.79±0.89 M: 70.44±6.93 Train mse: 32.86±55.13 Test mse: 32.86±55.13 Train M1 ECE: 17.11±3.21 Train M2 ECE: 14.22±3.48 Test M1 ECE: 17.11±3.21 Test M2 ECE: 14.22±3.48 cal Train M1 ECE: 3.31±1.21 cal Train M2 ECE: 3.19±0.54 cal Test M1 ECE: 3.31±1.21 cal Test M2 ECE: 3.19±0.54
                                     noise_5 : M1: 70.79±1.61 M2: 46.12±1.03 Min: 34.11±1.17 Max: 82.80±1.39 M: 70.15±6.87 Train mse: 1.32±2.18 Test mse: 1.32±2.18 Train M1 ECE: 18.57±3.24 Train M2 ECE: 27.85±6.66 Test M1 ECE: 18.57±3.24 Test M2 ECE: 27.85±6.66 cal Train M1 ECE: 3.35±0.73 cal Train M2 ECE: 5.22±1.79 cal Test M1 ECE: 3.35±0.73 cal Test M2 ECE: 5.22±1.79
                                     noise_10: M1: 61.85±6.45 M2: 42.08±1.42 Min: 25.85±2.85 Max: 78.09±4.26 M: 61.18±10.33 Train mse: 43.58±126.01 Test mse: 43.58±126.01 Train M1 ECE: 20.47±5.85 Train M2 ECE: 32.41±7.64 Test M1 ECE: 20.47±5.85 Test M2 ECE: 32.41±7.64 cal Train M1 ECE: 4.60±2.44 cal Train M2 ECE: 9.93±2.42 cal Test M1 ECE: 4.60±2.44 cal Test M2 ECE: 9.93±2.42
INFO - 08/30/24 19:46:44 - 0:00:14 - ./../emc_data/MVSA test
INFO - 08/30/24 19:46:44 - 0:00:14 - Trian data: torch.Size([2, 518, 3])
INFO - 08/30/24 19:46:44 - 0:00:14 - Trian data: torch.Size([2, 518, 3])
INFO - 08/30/24 19:46:44 - 0:00:14 - Trian data: torch.Size([2, 518, 3])
INFO - 08/30/24 19:46:44 - 0:00:14 - ./../emc_data/MVSA test
                                     noise_0 : M1: 76.22±1.18 M2: 63.33±1.64 Min: 51.33±1.35 Max: 88.23±1.07 M: 71.64±6.50 Train mse: 32.86±55.13 Test mse: 32.21±52.48 Train M1 ECE: 17.11±3.21 Train M2 ECE: 14.22±3.48 Test M1 ECE: 14.59±4.30 Test M2 ECE: 14.46±3.87 cal Train M1 ECE: 3.31±1.21 cal Train M2 ECE: 3.19±0.54 cal Test M1 ECE: 5.93±1.31 cal Test M2 ECE: 5.46±2.02
                                     noise_5 : M1: 71.25±1.54 M2: 47.48±1.73 Min: 33.80±2.12 Max: 84.93±1.11 M: 70.48±6.58 Train mse: 1.32±2.18 Test mse: 1.33±2.18 Train M1 ECE: 18.57±3.24 Train M2 ECE: 27.85±6.66 Test M1 ECE: 18.20±4.55 Test M2 ECE: 26.52±5.77 cal Train M1 ECE: 3.35±0.73 cal Train M2 ECE: 5.22±1.79 cal Test M1 ECE: 6.35±0.97 cal Test M2 ECE: 4.43±1.64
                                     noise_10: M1: 64.05±4.32 M2: 42.25±2.99 Min: 25.68±2.69 Max: 80.62±3.13 M: 62.72±9.25 Train mse: 43.58±126.01 Test mse: 43.58±126.17 Train M1 ECE: 20.47±5.85 Train M2 ECE: 32.41±7.64 Test M1 ECE: 18.91±6.79 Test M2 ECE: 32.02±8.12 cal Train M1 ECE: 4.60±2.44 cal Train M2 ECE: 9.93±2.42 cal Test M1 ECE: 6.57±1.50 cal Test M2 ECE: 9.65±2.75
INFO - 08/30/24 19:48:16 - 0:00:00 - batch_size: 128
                                     data_nums: 1,2,3,4,5,6,7,8,9,10
                                     dataset: MVSA
                                     device: cuda:0
                                     epochs: 100
                                     gpu: 0
                                     lr: 0.001
                                     model: CalWNet
                                     n_nodes: 128
                                     name: MVSA_Single_emc
                                     nlayers: 1
                                     noise: 0,5,10
                                     output_dir: ../emc_data
                                     path: ./../emc_data/MVSA
                                     seed: 42
                                     top_k_logits: 200
INFO - 08/30/24 19:48:16 - 0:00:00 - ./../emc_data/MVSA train
INFO - 08/30/24 19:48:16 - 0:00:00 - Trian data: torch.Size([2, 518, 3])
INFO - 08/30/24 19:48:19 - 0:00:03 - Trian data: torch.Size([2, 518, 3])
INFO - 08/30/24 19:48:21 - 0:00:05 - Trian data: torch.Size([2, 518, 3])
INFO - 08/30/24 19:48:23 - 0:00:07 - ./../emc_data/MVSA train
                                     noise_0 : M1: 95.30±4.49 M2: 96.92±2.03 Min: 92.42±5.76 Max: 99.79±0.26 M: 98.79±1.24 Train mse: 0.56±0.03 Test mse: 0.49±0.05 Train M1 ECE: 17.11±3.21 Train M2 ECE: 14.22±3.48 Test M1 ECE: 1.87±1.55 Test M2 ECE: 7.93±3.31
                                     noise_5 : M1: 85.73±3.95 M2: 65.13±1.87 Min: 55.37±3.44 Max: 95.49±1.90 M: 88.10±6.78 Train mse: 0.60±0.12 Test mse: 0.56±0.17 Train M1 ECE: 18.57±3.24 Train M2 ECE: 27.85±6.66 Test M1 ECE: 6.28±1.84 Test M2 ECE: 15.60±5.65
                                     noise_10: M1: 74.96±7.02 M2: 60.19±2.29 Min: 43.31±4.07 Max: 91.85±4.34 M: 81.85±4.57 Train mse: 1.28±2.12 Test mse: 1.22±2.04 Train M1 ECE: 20.47±5.85 Train M2 ECE: 32.41±7.64 Test M1 ECE: 10.81±5.53 Test M2 ECE: 22.42±5.60
INFO - 08/30/24 19:48:23 - 0:00:07 - ./../emc_data/MVSA dev
INFO - 08/30/24 19:48:23 - 0:00:07 - Trian data: torch.Size([2, 518, 3])
INFO - 08/30/24 19:48:23 - 0:00:07 - Trian data: torch.Size([2, 518, 3])
INFO - 08/30/24 19:48:23 - 0:00:07 - Trian data: torch.Size([2, 518, 3])
INFO - 08/30/24 19:48:23 - 0:00:07 - ./../emc_data/MVSA dev
                                     noise_0 : M1: 72.72±1.53 M2: 64.11±1.09 Min: 51.04±1.67 Max: 85.79±0.89 M: 76.43±1.23 Train mse: 0.56±0.03 Test mse: 0.56±0.03 Train M1 ECE: 17.11±3.21 Train M2 ECE: 14.22±3.48 Test M1 ECE: 17.11±3.21 Test M2 ECE: 14.22±3.48
                                     noise_5 : M1: 70.79±1.61 M2: 46.12±1.03 Min: 34.11±1.17 Max: 82.80±1.39 M: 72.08±4.73 Train mse: 0.60±0.12 Test mse: 0.60±0.12 Train M1 ECE: 18.57±3.24 Train M2 ECE: 27.85±6.66 Test M1 ECE: 18.57±3.24 Test M2 ECE: 27.85±6.66
                                     noise_10: M1: 61.85±6.45 M2: 42.08±1.42 Min: 25.85±2.85 Max: 78.09±4.26 M: 64.50±3.85 Train mse: 1.28±2.12 Test mse: 1.28±2.12 Train M1 ECE: 20.47±5.85 Train M2 ECE: 32.41±7.64 Test M1 ECE: 20.47±5.85 Test M2 ECE: 32.41±7.64
INFO - 08/30/24 19:48:23 - 0:00:07 - ./../emc_data/MVSA test
INFO - 08/30/24 19:48:23 - 0:00:07 - Trian data: torch.Size([2, 518, 3])
INFO - 08/30/24 19:48:23 - 0:00:07 - Trian data: torch.Size([2, 518, 3])
INFO - 08/30/24 19:48:23 - 0:00:07 - Trian data: torch.Size([2, 518, 3])
INFO - 08/30/24 19:48:23 - 0:00:07 - ./../emc_data/MVSA test
                                     noise_0 : M1: 76.22±1.18 M2: 63.33±1.64 Min: 51.33±1.35 Max: 88.23±1.07 M: 78.96±1.29 Train mse: 0.56±0.03 Test mse: 0.57±0.03 Train M1 ECE: 17.11±3.21 Train M2 ECE: 14.22±3.48 Test M1 ECE: 14.59±4.30 Test M2 ECE: 14.46±3.87
                                     noise_5 : M1: 71.25±1.54 M2: 47.48±1.73 Min: 33.80±2.12 Max: 84.93±1.11 M: 72.89±3.67 Train mse: 0.60±0.12 Test mse: 0.61±0.14 Train M1 ECE: 18.57±3.24 Train M2 ECE: 27.85±6.66 Test M1 ECE: 18.20±4.55 Test M2 ECE: 26.52±5.77
                                     noise_10: M1: 64.05±4.32 M2: 42.25±2.99 Min: 25.68±2.69 Max: 80.62±3.13 M: 66.44±1.62 Train mse: 1.28±2.12 Test mse: 1.26±2.05 Train M1 ECE: 20.47±5.85 Train M2 ECE: 32.41±7.64 Test M1 ECE: 18.91±6.79 Test M2 ECE: 32.02±8.12
INFO - 08/30/24 19:48:50 - 0:00:00 - batch_size: 128
                                     data_nums: 1,2,3,4,5,6,7,8,9,10
                                     dataset: MVSA
                                     device: cuda:0
                                     epochs: 100
                                     gpu: 0
                                     lr: 0.001
                                     model: CalWNet
                                     n_nodes: 128
                                     name: MVSA_Single_emc
                                     nlayers: 1
                                     noise: 0,5,10
                                     output_dir: ../emc_data
                                     path: ./../emc_data/MVSA
                                     seed: 42
                                     top_k_logits: 200
INFO - 08/30/24 19:48:50 - 0:00:00 - ./../emc_data/MVSA train
INFO - 08/30/24 19:48:50 - 0:00:00 - Trian data: torch.Size([2, 2073, 3])
INFO - 08/30/24 19:48:52 - 0:00:02 - Trian data: torch.Size([2, 2073, 3])
INFO - 08/30/24 19:48:54 - 0:00:05 - Trian data: torch.Size([2, 2073, 3])
INFO - 08/30/24 19:48:56 - 0:00:06 - ./../emc_data/MVSA train
                                     noise_0 : M1: 95.30±4.49 M2: 96.92±2.03 Min: 92.42±5.76 Max: 99.79±0.26 M: 98.82±1.28 Train mse: 0.94±1.59 Test mse: 0.88±1.53 Train M1 ECE: 3.84±1.11 Train M2 ECE: 4.03±1.91 Test M1 ECE: 1.87±1.55 Test M2 ECE: 7.93±3.31
                                     noise_5 : M1: 85.73±3.95 M2: 65.13±1.87 Min: 55.37±3.44 Max: 95.49±1.90 M: 90.64±2.78 Train mse: 0.46±0.02 Test mse: 0.43±0.01 Train M1 ECE: 9.23±2.18 Train M2 ECE: 18.07±6.18 Test M1 ECE: 6.28±1.84 Test M2 ECE: 15.60±5.65
                                     noise_10: M1: 74.96±7.02 M2: 60.19±2.29 Min: 43.31±4.07 Max: 91.85±4.34 M: 84.19±3.87 Train mse: 0.46±0.03 Test mse: 0.44±0.03 Train M1 ECE: 12.26±5.97 Train M2 ECE: 24.04±6.66 Test M1 ECE: 10.81±5.53 Test M2 ECE: 22.42±5.60
INFO - 08/30/24 19:48:56 - 0:00:06 - ./../emc_data/MVSA dev
INFO - 08/30/24 19:48:56 - 0:00:06 - Trian data: torch.Size([2, 2073, 3])
INFO - 08/30/24 19:48:56 - 0:00:07 - Trian data: torch.Size([2, 2073, 3])
INFO - 08/30/24 19:48:56 - 0:00:07 - Trian data: torch.Size([2, 2073, 3])
INFO - 08/30/24 19:48:56 - 0:00:07 - ./../emc_data/MVSA dev
                                     noise_0 : M1: 72.72±1.53 M2: 64.11±1.09 Min: 51.04±1.67 Max: 85.79±0.89 M: 75.79±1.87 Train mse: 0.94±1.59 Test mse: 1.09±1.76 Train M1 ECE: 3.84±1.11 Train M2 ECE: 4.03±1.91 Test M1 ECE: 17.11±3.21 Test M2 ECE: 14.22±3.48
                                     noise_5 : M1: 70.79±1.61 M2: 46.12±1.03 Min: 34.11±1.17 Max: 82.80±1.39 M: 73.53±1.42 Train mse: 0.46±0.02 Test mse: 0.53±0.04 Train M1 ECE: 9.23±2.18 Train M2 ECE: 18.07±6.18 Test M1 ECE: 18.57±3.24 Test M2 ECE: 27.85±6.66
                                     noise_10: M1: 61.85±6.45 M2: 42.08±1.42 Min: 25.85±2.85 Max: 78.09±4.26 M: 64.48±4.00 Train mse: 0.46±0.03 Test mse: 0.51±0.03 Train M1 ECE: 12.26±5.97 Train M2 ECE: 24.04±6.66 Test M1 ECE: 20.47±5.85 Test M2 ECE: 32.41±7.64
INFO - 08/30/24 19:48:56 - 0:00:07 - ./../emc_data/MVSA test
INFO - 08/30/24 19:48:56 - 0:00:07 - Trian data: torch.Size([2, 2073, 3])
INFO - 08/30/24 19:48:56 - 0:00:07 - Trian data: torch.Size([2, 2073, 3])
INFO - 08/30/24 19:48:56 - 0:00:07 - Trian data: torch.Size([2, 2073, 3])
INFO - 08/30/24 19:48:56 - 0:00:07 - ./../emc_data/MVSA test
                                     noise_0 : M1: 76.22±1.18 M2: 63.33±1.64 Min: 51.33±1.35 Max: 88.23±1.07 M: 79.17±0.99 Train mse: 0.94±1.59 Test mse: 1.07±1.68 Train M1 ECE: 3.84±1.11 Train M2 ECE: 4.03±1.91 Test M1 ECE: 14.59±4.30 Test M2 ECE: 14.46±3.87
                                     noise_5 : M1: 71.25±1.54 M2: 47.48±1.73 Min: 33.80±2.12 Max: 84.93±1.11 M: 74.26±1.50 Train mse: 0.46±0.02 Test mse: 0.52±0.04 Train M1 ECE: 9.23±2.18 Train M2 ECE: 18.07±6.18 Test M1 ECE: 18.20±4.55 Test M2 ECE: 26.52±5.77
                                     noise_10: M1: 64.05±4.32 M2: 42.25±2.99 Min: 25.68±2.69 Max: 80.62±3.13 M: 66.84±1.84 Train mse: 0.46±0.03 Test mse: 0.51±0.03 Train M1 ECE: 12.26±5.97 Train M2 ECE: 24.04±6.66 Test M1 ECE: 18.91±6.79 Test M2 ECE: 32.02±8.12
INFO - 08/30/24 19:49:14 - 0:00:00 - batch_size: 128
                                     data_nums: 1,2,3,4,5,6,7,8,9,10
                                     dataset: MVSA
                                     device: cuda:0
                                     epochs: 100
                                     gpu: 0
                                     lr: 0.001
                                     model: CalWNet
                                     n_nodes: 128
                                     name: MVSA_Single_emc
                                     nlayers: 1
                                     noise: 0,5,10
                                     output_dir: ../emc_data
                                     path: ./../emc_data/MVSA
                                     seed: 42
                                     top_k_logits: 200
INFO - 08/30/24 19:49:14 - 0:00:00 - ./../emc_data/MVSA train
INFO - 08/30/24 19:49:14 - 0:00:00 - Trian data: torch.Size([2, 2073, 3])
INFO - 08/30/24 19:49:15 - 0:00:01 - Trian data: torch.Size([2, 2073, 3])
INFO - 08/30/24 19:49:17 - 0:00:03 - Trian data: torch.Size([2, 2073, 3])
INFO - 08/30/24 19:49:19 - 0:00:05 - ./../emc_data/MVSA train
                                     noise_0 : M1: 95.30±4.49 M2: 96.92±2.03 Min: 92.42±5.76 Max: 99.79±0.26 M: 99.09±0.90 Train mse: 0.33±0.04 Test mse: 0.18±0.08 Train M1 ECE: 3.84±1.11 Train M2 ECE: 4.03±1.91 Test M1 ECE: 1.87±1.55 Test M2 ECE: 7.93±3.31
                                     noise_5 : M1: 85.73±3.95 M2: 65.13±1.87 Min: 55.37±3.44 Max: 95.49±1.90 M: 90.01±2.89 Train mse: 0.48±0.03 Test mse: 0.45±0.03 Train M1 ECE: 9.23±2.18 Train M2 ECE: 18.07±6.18 Test M1 ECE: 6.28±1.84 Test M2 ECE: 15.60±5.65
                                     noise_10: M1: 74.96±7.02 M2: 60.19±2.29 Min: 43.31±4.07 Max: 91.85±4.34 M: 83.56±3.71 Train mse: 0.48±0.02 Test mse: 0.45±0.02 Train M1 ECE: 12.26±5.97 Train M2 ECE: 24.04±6.66 Test M1 ECE: 10.81±5.53 Test M2 ECE: 22.42±5.60
INFO - 08/30/24 19:49:19 - 0:00:05 - ./../emc_data/MVSA dev
INFO - 08/30/24 19:49:19 - 0:00:05 - Trian data: torch.Size([2, 2073, 3])
INFO - 08/30/24 19:49:19 - 0:00:05 - Trian data: torch.Size([2, 2073, 3])
INFO - 08/30/24 19:49:19 - 0:00:05 - Trian data: torch.Size([2, 2073, 3])
INFO - 08/30/24 19:49:19 - 0:00:05 - ./../emc_data/MVSA dev
                                     noise_0 : M1: 72.72±1.53 M2: 64.11±1.09 Min: 51.04±1.67 Max: 85.79±0.89 M: 76.18±1.57 Train mse: 0.33±0.04 Test mse: 0.56±0.01 Train M1 ECE: 3.84±1.11 Train M2 ECE: 4.03±1.91 Test M1 ECE: 17.11±3.21 Test M2 ECE: 14.22±3.48
                                     noise_5 : M1: 70.79±1.61 M2: 46.12±1.03 Min: 34.11±1.17 Max: 82.80±1.39 M: 73.28±1.72 Train mse: 0.48±0.03 Test mse: 0.58±0.04 Train M1 ECE: 9.23±2.18 Train M2 ECE: 18.07±6.18 Test M1 ECE: 18.57±3.24 Test M2 ECE: 27.85±6.66
                                     noise_10: M1: 61.85±6.45 M2: 42.08±1.42 Min: 25.85±2.85 Max: 78.09±4.26 M: 64.02±3.62 Train mse: 0.48±0.02 Test mse: 0.56±0.02 Train M1 ECE: 12.26±5.97 Train M2 ECE: 24.04±6.66 Test M1 ECE: 20.47±5.85 Test M2 ECE: 32.41±7.64
INFO - 08/30/24 19:49:19 - 0:00:05 - ./../emc_data/MVSA test
INFO - 08/30/24 19:49:19 - 0:00:05 - Trian data: torch.Size([2, 2073, 3])
INFO - 08/30/24 19:49:19 - 0:00:05 - Trian data: torch.Size([2, 2073, 3])
INFO - 08/30/24 19:49:19 - 0:00:05 - Trian data: torch.Size([2, 2073, 3])
INFO - 08/30/24 19:49:19 - 0:00:05 - ./../emc_data/MVSA test
                                     noise_0 : M1: 76.22±1.18 M2: 63.33±1.64 Min: 51.33±1.35 Max: 88.23±1.07 M: 79.60±1.54 Train mse: 0.33±0.04 Test mse: 0.55±0.01 Train M1 ECE: 3.84±1.11 Train M2 ECE: 4.03±1.91 Test M1 ECE: 14.59±4.30 Test M2 ECE: 14.46±3.87
                                     noise_5 : M1: 71.25±1.54 M2: 47.48±1.73 Min: 33.80±2.12 Max: 84.93±1.11 M: 74.20±1.62 Train mse: 0.48±0.03 Test mse: 0.57±0.04 Train M1 ECE: 9.23±2.18 Train M2 ECE: 18.07±6.18 Test M1 ECE: 18.20±4.55 Test M2 ECE: 26.52±5.77
                                     noise_10: M1: 64.05±4.32 M2: 42.25±2.99 Min: 25.68±2.69 Max: 80.62±3.13 M: 66.90±1.34 Train mse: 0.48±0.02 Test mse: 0.55±0.03 Train M1 ECE: 12.26±5.97 Train M2 ECE: 24.04±6.66 Test M1 ECE: 18.91±6.79 Test M2 ECE: 32.02±8.12
INFO - 08/30/24 19:49:42 - 0:00:00 - batch_size: 128
                                     data_nums: 1,2,3,4,5,6,7,8,9,10
                                     dataset: MVSA
                                     device: cuda:0
                                     epochs: 100
                                     gpu: 0
                                     lr: 0.001
                                     model: CalWNet
                                     n_nodes: 128
                                     name: MVSA_Single_emc
                                     nlayers: 1
                                     noise: 0,5,10
                                     output_dir: ../emc_data
                                     path: ./../emc_data/MVSA
                                     seed: 42
                                     top_k_logits: 200
INFO - 08/30/24 19:49:42 - 0:00:00 - ./../emc_data/MVSA train
INFO - 08/30/24 19:49:42 - 0:00:00 - Trian data: torch.Size([2, 2073, 3])
INFO - 08/30/24 19:49:42 - 0:00:01 - Trian data: torch.Size([2, 2073, 3])
INFO - 08/30/24 19:49:43 - 0:00:01 - Trian data: torch.Size([2, 2073, 3])
INFO - 08/30/24 19:49:44 - 0:00:02 - ./../emc_data/MVSA train
                                     noise_0 : M1: 95.30±4.49 M2: 96.92±2.03 Min: 92.42±5.76 Max: 99.79±0.26 M: 99.09±0.90 Train mse: 0.33±0.04 Test mse: 0.18±0.08 Train M1 ECE: 3.84±1.11 Train M2 ECE: 4.03±1.91 Test M1 ECE: 1.87±1.55 Test M2 ECE: 7.93±3.31
                                     noise_5 : M1: 85.73±3.95 M2: 65.13±1.87 Min: 55.37±3.44 Max: 95.49±1.90 M: 89.63±2.97 Train mse: 0.53±0.02 Test mse: 0.49±0.03 Train M1 ECE: 9.23±2.18 Train M2 ECE: 18.07±6.18 Test M1 ECE: 6.28±1.84 Test M2 ECE: 15.60±5.65
                                     noise_10: M1: 74.96±7.02 M2: 60.19±2.29 Min: 43.31±4.07 Max: 91.85±4.34 M: 82.59±3.74 Train mse: 0.60±0.04 Test mse: 0.56±0.04 Train M1 ECE: 12.26±5.97 Train M2 ECE: 24.04±6.66 Test M1 ECE: 10.81±5.53 Test M2 ECE: 22.42±5.60
INFO - 08/30/24 19:49:44 - 0:00:02 - ./../emc_data/MVSA dev
INFO - 08/30/24 19:49:44 - 0:00:02 - Trian data: torch.Size([2, 2073, 3])
INFO - 08/30/24 19:49:44 - 0:00:02 - Trian data: torch.Size([2, 2073, 3])
INFO - 08/30/24 19:49:44 - 0:00:02 - Trian data: torch.Size([2, 2073, 3])
INFO - 08/30/24 19:49:44 - 0:00:02 - ./../emc_data/MVSA dev
                                     noise_0 : M1: 72.72±1.53 M2: 64.11±1.09 Min: 51.04±1.67 Max: 85.79±0.89 M: 76.18±1.57 Train mse: 0.33±0.04 Test mse: 0.56±0.01 Train M1 ECE: 3.84±1.11 Train M2 ECE: 4.03±1.91 Test M1 ECE: 17.11±3.21 Test M2 ECE: 14.22±3.48
                                     noise_5 : M1: 70.79±1.61 M2: 46.12±1.03 Min: 34.11±1.17 Max: 82.80±1.39 M: 72.84±1.95 Train mse: 0.53±0.02 Test mse: 0.64±0.01 Train M1 ECE: 9.23±2.18 Train M2 ECE: 18.07±6.18 Test M1 ECE: 18.57±3.24 Test M2 ECE: 27.85±6.66
                                     noise_10: M1: 61.85±6.45 M2: 42.08±1.42 Min: 25.85±2.85 Max: 78.09±4.26 M: 63.59±3.60 Train mse: 0.60±0.04 Test mse: 0.69±0.03 Train M1 ECE: 12.26±5.97 Train M2 ECE: 24.04±6.66 Test M1 ECE: 20.47±5.85 Test M2 ECE: 32.41±7.64
INFO - 08/30/24 19:49:44 - 0:00:02 - ./../emc_data/MVSA test
INFO - 08/30/24 19:49:44 - 0:00:02 - Trian data: torch.Size([2, 2073, 3])
INFO - 08/30/24 19:49:44 - 0:00:02 - Trian data: torch.Size([2, 2073, 3])
INFO - 08/30/24 19:49:44 - 0:00:02 - Trian data: torch.Size([2, 2073, 3])
INFO - 08/30/24 19:49:44 - 0:00:02 - ./../emc_data/MVSA test
                                     noise_0 : M1: 76.22±1.18 M2: 63.33±1.64 Min: 51.33±1.35 Max: 88.23±1.07 M: 79.60±1.54 Train mse: 0.33±0.04 Test mse: 0.55±0.01 Train M1 ECE: 3.84±1.11 Train M2 ECE: 4.03±1.91 Test M1 ECE: 14.59±4.30 Test M2 ECE: 14.46±3.87
                                     noise_5 : M1: 71.25±1.54 M2: 47.48±1.73 Min: 33.80±2.12 Max: 84.93±1.11 M: 73.99±1.43 Train mse: 0.53±0.02 Test mse: 0.63±0.01 Train M1 ECE: 9.23±2.18 Train M2 ECE: 18.07±6.18 Test M1 ECE: 18.20±4.55 Test M2 ECE: 26.52±5.77
                                     noise_10: M1: 64.05±4.32 M2: 42.25±2.99 Min: 25.68±2.69 Max: 80.62±3.13 M: 66.82±1.31 Train mse: 0.60±0.04 Test mse: 0.68±0.03 Train M1 ECE: 12.26±5.97 Train M2 ECE: 24.04±6.66 Test M1 ECE: 18.91±6.79 Test M2 ECE: 32.02±8.12
INFO - 08/31/24 14:03:58 - 0:00:00 - batch_size: 128
                                     data_nums: 1,2,3,4,5,6,7,8,9,10
                                     dataset: MVSA
                                     device: cuda:0
                                     epochs: 100
                                     gpu: 0
                                     lr: 0.001
                                     model: CalWNet
                                     n_nodes: 128
                                     name: MVSA_Single_emc
                                     nlayers: 1
                                     noise: 0,5,10
                                     output_dir: ../emc_data
                                     path: ./../emc_data/MVSA
                                     seed: 42
                                     top_k_logits: 200
INFO - 08/31/24 14:03:58 - 0:00:00 - ./../emc_data/MVSA train
INFO - 08/31/24 14:03:58 - 0:00:00 - Trian data: torch.Size([2, 2073, 3])
INFO - 08/31/24 14:04:00 - 0:00:02 - Trian data: torch.Size([2, 2073, 3])
INFO - 08/31/24 14:04:02 - 0:00:04 - Trian data: torch.Size([2, 2073, 3])
INFO - 08/31/24 14:04:04 - 0:00:06 - ./../emc_data/MVSA train
                                     noise_0 : M1: 95.30±4.49 M2: 96.92±2.03 Min: 92.42±5.76 Max: 99.79±0.26 M: 99.09±0.90 Train mse: 0.34±0.02 Test mse: 0.26±0.03 Train M1 ECE: 3.84±1.11 Train M2 ECE: 4.03±1.91 Test M1 ECE: 1.87±1.55 Test M2 ECE: 7.93±3.31
                                     noise_5 : M1: 85.73±3.95 M2: 65.13±1.87 Min: 55.37±3.44 Max: 95.49±1.90 M: 89.76±2.94 Train mse: 0.48±0.02 Test mse: 0.45±0.02 Train M1 ECE: 9.23±2.18 Train M2 ECE: 18.07±6.18 Test M1 ECE: 6.28±1.84 Test M2 ECE: 15.60±5.65
                                     noise_10: M1: 74.96±7.02 M2: 60.19±2.29 Min: 43.31±4.07 Max: 91.85±4.34 M: 82.87±3.72 Train mse: 0.54±0.02 Test mse: 0.51±0.02 Train M1 ECE: 12.26±5.97 Train M2 ECE: 24.04±6.66 Test M1 ECE: 10.81±5.53 Test M2 ECE: 22.42±5.60
INFO - 08/31/24 14:04:04 - 0:00:06 - ./../emc_data/MVSA dev
INFO - 08/31/24 14:04:04 - 0:00:06 - Trian data: torch.Size([2, 2073, 3])
INFO - 08/31/24 14:04:04 - 0:00:06 - Trian data: torch.Size([2, 2073, 3])
INFO - 08/31/24 14:04:04 - 0:00:06 - Trian data: torch.Size([2, 2073, 3])
INFO - 08/31/24 14:04:04 - 0:00:06 - ./../emc_data/MVSA dev
                                     noise_0 : M1: 72.72±1.53 M2: 64.11±1.09 Min: 51.04±1.67 Max: 85.79±0.89 M: 76.12±1.60 Train mse: 0.34±0.02 Test mse: 0.52±0.03 Train M1 ECE: 3.84±1.11 Train M2 ECE: 4.03±1.91 Test M1 ECE: 17.11±3.21 Test M2 ECE: 14.22±3.48
                                     noise_5 : M1: 70.79±1.61 M2: 46.12±1.03 Min: 34.11±1.17 Max: 82.80±1.39 M: 72.93±1.72 Train mse: 0.48±0.02 Test mse: 0.57±0.02 Train M1 ECE: 9.23±2.18 Train M2 ECE: 18.07±6.18 Test M1 ECE: 18.57±3.24 Test M2 ECE: 27.85±6.66
                                     noise_10: M1: 61.85±6.45 M2: 42.08±1.42 Min: 25.85±2.85 Max: 78.09±4.26 M: 63.71±3.63 Train mse: 0.54±0.02 Test mse: 0.62±0.02 Train M1 ECE: 12.26±5.97 Train M2 ECE: 24.04±6.66 Test M1 ECE: 20.47±5.85 Test M2 ECE: 32.41±7.64
INFO - 08/31/24 14:04:04 - 0:00:06 - ./../emc_data/MVSA test
INFO - 08/31/24 14:04:04 - 0:00:06 - Trian data: torch.Size([2, 2073, 3])
INFO - 08/31/24 14:04:04 - 0:00:06 - Trian data: torch.Size([2, 2073, 3])
INFO - 08/31/24 14:04:04 - 0:00:06 - Trian data: torch.Size([2, 2073, 3])
INFO - 08/31/24 14:04:04 - 0:00:06 - ./../emc_data/MVSA test
                                     noise_0 : M1: 76.22±1.18 M2: 63.33±1.64 Min: 51.33±1.35 Max: 88.23±1.07 M: 79.63±1.49 Train mse: 0.34±0.02 Test mse: 0.51±0.02 Train M1 ECE: 3.84±1.11 Train M2 ECE: 4.03±1.91 Test M1 ECE: 14.59±4.30 Test M2 ECE: 14.46±3.87
                                     noise_5 : M1: 71.25±1.54 M2: 47.48±1.73 Min: 33.80±2.12 Max: 84.93±1.11 M: 74.18±1.58 Train mse: 0.48±0.02 Test mse: 0.57±0.02 Train M1 ECE: 9.23±2.18 Train M2 ECE: 18.07±6.18 Test M1 ECE: 18.20±4.55 Test M2 ECE: 26.52±5.77
                                     noise_10: M1: 64.05±4.32 M2: 42.25±2.99 Min: 25.68±2.69 Max: 80.62±3.13 M: 66.88±1.31 Train mse: 0.54±0.02 Test mse: 0.61±0.01 Train M1 ECE: 12.26±5.97 Train M2 ECE: 24.04±6.66 Test M1 ECE: 18.91±6.79 Test M2 ECE: 32.02±8.12
INFO - 08/31/24 14:04:50 - 0:00:00 - batch_size: 128
                                     data_nums: 1,2,3,4,5,6,7,8,9,10
                                     dataset: MVSA
                                     device: cuda:0
                                     epochs: 100
                                     gpu: 0
                                     lr: 0.001
                                     model: CalWNet
                                     n_nodes: 128
                                     name: MVSA_Single_emc
                                     nlayers: 1
                                     noise: 0,5,10
                                     output_dir: ../emc_data
                                     path: ./../emc_data/MVSA
                                     seed: 42
                                     top_k_logits: 200
INFO - 08/31/24 14:04:50 - 0:00:00 - ./../emc_data/MVSA train
INFO - 08/31/24 14:04:50 - 0:00:00 - Trian data: torch.Size([2, 2073, 3])
INFO - 08/31/24 14:04:51 - 0:00:01 - Trian data: torch.Size([2, 2073, 3])
INFO - 08/31/24 14:04:53 - 0:00:03 - Trian data: torch.Size([2, 2073, 3])
INFO - 08/31/24 14:04:55 - 0:00:05 - ./../emc_data/MVSA train
                                     noise_0 : M1: 95.30±4.49 M2: 96.92±2.03 Min: 92.42±5.76 Max: 99.79±0.26 M: 99.09±0.90 Train mse: 0.33±0.04 Test mse: 0.18±0.08 Train M1 ECE: 3.84±1.11 Train M2 ECE: 4.03±1.91 Test M1 ECE: 1.87±1.55 Test M2 ECE: 7.93±3.31
                                     noise_5 : M1: 85.73±3.95 M2: 65.13±1.87 Min: 55.37±3.44 Max: 95.49±1.90 M: 90.01±2.89 Train mse: 0.48±0.03 Test mse: 0.45±0.03 Train M1 ECE: 9.23±2.18 Train M2 ECE: 18.07±6.18 Test M1 ECE: 6.28±1.84 Test M2 ECE: 15.60±5.65
                                     noise_10: M1: 74.96±7.02 M2: 60.19±2.29 Min: 43.31±4.07 Max: 91.85±4.34 M: 83.56±3.71 Train mse: 0.48±0.02 Test mse: 0.45±0.02 Train M1 ECE: 12.26±5.97 Train M2 ECE: 24.04±6.66 Test M1 ECE: 10.81±5.53 Test M2 ECE: 22.42±5.60
INFO - 08/31/24 14:04:55 - 0:00:05 - ./../emc_data/MVSA dev
INFO - 08/31/24 14:04:55 - 0:00:05 - Trian data: torch.Size([2, 2073, 3])
INFO - 08/31/24 14:04:55 - 0:00:05 - Trian data: torch.Size([2, 2073, 3])
INFO - 08/31/24 14:04:55 - 0:00:05 - Trian data: torch.Size([2, 2073, 3])
INFO - 08/31/24 14:04:55 - 0:00:05 - ./../emc_data/MVSA dev
                                     noise_0 : M1: 72.72±1.53 M2: 64.11±1.09 Min: 51.04±1.67 Max: 85.79±0.89 M: 76.18±1.57 Train mse: 0.33±0.04 Test mse: 0.56±0.01 Train M1 ECE: 3.84±1.11 Train M2 ECE: 4.03±1.91 Test M1 ECE: 17.11±3.21 Test M2 ECE: 14.22±3.48
                                     noise_5 : M1: 70.79±1.61 M2: 46.12±1.03 Min: 34.11±1.17 Max: 82.80±1.39 M: 73.28±1.72 Train mse: 0.48±0.03 Test mse: 0.58±0.04 Train M1 ECE: 9.23±2.18 Train M2 ECE: 18.07±6.18 Test M1 ECE: 18.57±3.24 Test M2 ECE: 27.85±6.66
                                     noise_10: M1: 61.85±6.45 M2: 42.08±1.42 Min: 25.85±2.85 Max: 78.09±4.26 M: 64.02±3.62 Train mse: 0.48±0.02 Test mse: 0.56±0.02 Train M1 ECE: 12.26±5.97 Train M2 ECE: 24.04±6.66 Test M1 ECE: 20.47±5.85 Test M2 ECE: 32.41±7.64
INFO - 08/31/24 14:04:55 - 0:00:05 - ./../emc_data/MVSA test
INFO - 08/31/24 14:04:55 - 0:00:05 - Trian data: torch.Size([2, 2073, 3])
INFO - 08/31/24 14:04:55 - 0:00:05 - Trian data: torch.Size([2, 2073, 3])
INFO - 08/31/24 14:04:55 - 0:00:05 - Trian data: torch.Size([2, 2073, 3])
INFO - 08/31/24 14:04:55 - 0:00:05 - ./../emc_data/MVSA test
                                     noise_0 : M1: 76.22±1.18 M2: 63.33±1.64 Min: 51.33±1.35 Max: 88.23±1.07 M: 79.60±1.54 Train mse: 0.33±0.04 Test mse: 0.55±0.01 Train M1 ECE: 3.84±1.11 Train M2 ECE: 4.03±1.91 Test M1 ECE: 14.59±4.30 Test M2 ECE: 14.46±3.87
                                     noise_5 : M1: 71.25±1.54 M2: 47.48±1.73 Min: 33.80±2.12 Max: 84.93±1.11 M: 74.20±1.62 Train mse: 0.48±0.03 Test mse: 0.57±0.04 Train M1 ECE: 9.23±2.18 Train M2 ECE: 18.07±6.18 Test M1 ECE: 18.20±4.55 Test M2 ECE: 26.52±5.77
                                     noise_10: M1: 64.05±4.32 M2: 42.25±2.99 Min: 25.68±2.69 Max: 80.62±3.13 M: 66.90±1.34 Train mse: 0.48±0.02 Test mse: 0.55±0.03 Train M1 ECE: 12.26±5.97 Train M2 ECE: 24.04±6.66 Test M1 ECE: 18.91±6.79 Test M2 ECE: 32.02±8.12
INFO - 08/31/24 14:05:25 - 0:00:00 - batch_size: 128
                                     data_nums: 1,2,3,4,5,6,7,8,9,10
                                     dataset: MVSA
                                     device: cuda:0
                                     epochs: 100
                                     gpu: 0
                                     lr: 0.001
                                     model: CalWNet
                                     n_nodes: 128
                                     name: MVSA_Single_emc
                                     nlayers: 1
                                     noise: 0,5,10
                                     output_dir: ../emc_data
                                     path: ./../emc_data/MVSA
                                     seed: 42
                                     top_k_logits: 200
INFO - 08/31/24 14:05:25 - 0:00:00 - ./../emc_data/MVSA train
INFO - 08/31/24 14:05:25 - 0:00:00 - Trian data: torch.Size([2, 2073, 3])
INFO - 08/31/24 14:05:26 - 0:00:01 - Trian data: torch.Size([2, 2073, 3])
INFO - 08/31/24 14:05:27 - 0:00:02 - Trian data: torch.Size([2, 2073, 3])
INFO - 08/31/24 14:05:29 - 0:00:04 - ./../emc_data/MVSA train
                                     noise_0 : M1: 95.30±4.49 M2: 96.92±2.03 Min: 92.42±5.76 Max: 99.79±0.26 M: 99.09±0.90 Train mse: 0.33±0.04 Test mse: 0.18±0.08 Train M1 ECE: 3.84±1.11 Train M2 ECE: 4.03±1.91 Test M1 ECE: 1.87±1.55 Test M2 ECE: 7.93±3.31
                                     noise_5 : M1: 85.73±3.95 M2: 65.13±1.87 Min: 55.37±3.44 Max: 95.49±1.90 M: 90.05±2.87 Train mse: 0.50±0.03 Test mse: 0.46±0.03 Train M1 ECE: 9.23±2.18 Train M2 ECE: 18.07±6.18 Test M1 ECE: 6.28±1.84 Test M2 ECE: 15.60±5.65
                                     noise_10: M1: 74.96±7.02 M2: 60.19±2.29 Min: 43.31±4.07 Max: 91.85±4.34 M: 83.56±4.35 Train mse: 0.53±0.07 Test mse: 0.50±0.07 Train M1 ECE: 12.26±5.97 Train M2 ECE: 24.04±6.66 Test M1 ECE: 10.81±5.53 Test M2 ECE: 22.42±5.60
INFO - 08/31/24 14:05:29 - 0:00:04 - ./../emc_data/MVSA dev
INFO - 08/31/24 14:05:29 - 0:00:04 - Trian data: torch.Size([2, 2073, 3])
INFO - 08/31/24 14:05:29 - 0:00:04 - Trian data: torch.Size([2, 2073, 3])
INFO - 08/31/24 14:05:29 - 0:00:04 - Trian data: torch.Size([2, 2073, 3])
INFO - 08/31/24 14:05:29 - 0:00:04 - ./../emc_data/MVSA dev
                                     noise_0 : M1: 72.72±1.53 M2: 64.11±1.09 Min: 51.04±1.67 Max: 85.79±0.89 M: 76.16±1.57 Train mse: 0.33±0.04 Test mse: 0.56±0.01 Train M1 ECE: 3.84±1.11 Train M2 ECE: 4.03±1.91 Test M1 ECE: 17.11±3.21 Test M2 ECE: 14.22±3.48
                                     noise_5 : M1: 70.79±1.61 M2: 46.12±1.03 Min: 34.11±1.17 Max: 82.80±1.39 M: 73.26±1.72 Train mse: 0.50±0.03 Test mse: 0.60±0.04 Train M1 ECE: 9.23±2.18 Train M2 ECE: 18.07±6.18 Test M1 ECE: 18.57±3.24 Test M2 ECE: 27.85±6.66
                                     noise_10: M1: 61.85±6.45 M2: 42.08±1.42 Min: 25.85±2.85 Max: 78.09±4.26 M: 64.00±3.99 Train mse: 0.53±0.07 Test mse: 0.61±0.07 Train M1 ECE: 12.26±5.97 Train M2 ECE: 24.04±6.66 Test M1 ECE: 20.47±5.85 Test M2 ECE: 32.41±7.64
INFO - 08/31/24 14:05:29 - 0:00:04 - ./../emc_data/MVSA test
INFO - 08/31/24 14:05:29 - 0:00:04 - Trian data: torch.Size([2, 2073, 3])
INFO - 08/31/24 14:05:29 - 0:00:04 - Trian data: torch.Size([2, 2073, 3])
INFO - 08/31/24 14:05:29 - 0:00:04 - Trian data: torch.Size([2, 2073, 3])
INFO - 08/31/24 14:05:29 - 0:00:04 - ./../emc_data/MVSA test
                                     noise_0 : M1: 76.22±1.18 M2: 63.33±1.64 Min: 51.33±1.35 Max: 88.23±1.07 M: 79.60±1.54 Train mse: 0.33±0.04 Test mse: 0.55±0.01 Train M1 ECE: 3.84±1.11 Train M2 ECE: 4.03±1.91 Test M1 ECE: 14.59±4.30 Test M2 ECE: 14.46±3.87
                                     noise_5 : M1: 71.25±1.54 M2: 47.48±1.73 Min: 33.80±2.12 Max: 84.93±1.11 M: 74.03±1.55 Train mse: 0.50±0.03 Test mse: 0.59±0.04 Train M1 ECE: 9.23±2.18 Train M2 ECE: 18.07±6.18 Test M1 ECE: 18.20±4.55 Test M2 ECE: 26.52±5.77
                                     noise_10: M1: 64.05±4.32 M2: 42.25±2.99 Min: 25.68±2.69 Max: 80.62±3.13 M: 66.78±1.38 Train mse: 0.53±0.07 Test mse: 0.61±0.06 Train M1 ECE: 12.26±5.97 Train M2 ECE: 24.04±6.66 Test M1 ECE: 18.91±6.79 Test M2 ECE: 32.02±8.12
INFO - 08/31/24 14:05:37 - 0:00:00 - batch_size: 128
                                     data_nums: 1,2,3,4,5,6,7,8,9,10
                                     dataset: MVSA
                                     device: cuda:0
                                     epochs: 100
                                     gpu: 0
                                     lr: 0.001
                                     model: CalWNet
                                     n_nodes: 128
                                     name: MVSA_Single_emc
                                     nlayers: 1
                                     noise: 0,5,10
                                     output_dir: ../emc_data
                                     path: ./../emc_data/MVSA
                                     seed: 42
                                     top_k_logits: 200
INFO - 08/31/24 14:05:37 - 0:00:00 - ./../emc_data/MVSA train
INFO - 08/31/24 14:05:37 - 0:00:00 - Trian data: torch.Size([2, 2073, 3])
INFO - 08/31/24 14:05:38 - 0:00:01 - Trian data: torch.Size([2, 2073, 3])
INFO - 08/31/24 14:05:40 - 0:00:03 - Trian data: torch.Size([2, 2073, 3])
INFO - 08/31/24 14:05:42 - 0:00:05 - ./../emc_data/MVSA train
                                     noise_0 : M1: 95.30±4.49 M2: 96.92±2.03 Min: 92.42±5.76 Max: 99.79±0.26 M: 99.09±0.90 Train mse: 0.33±0.04 Test mse: 0.18±0.08 Train M1 ECE: 3.84±1.11 Train M2 ECE: 4.03±1.91 Test M1 ECE: 1.87±1.55 Test M2 ECE: 7.93±3.31
                                     noise_5 : M1: 85.73±3.95 M2: 65.13±1.87 Min: 55.37±3.44 Max: 95.49±1.90 M: 90.12±2.87 Train mse: 0.47±0.01 Test mse: 0.43±0.01 Train M1 ECE: 9.23±2.18 Train M2 ECE: 18.07±6.18 Test M1 ECE: 6.28±1.84 Test M2 ECE: 15.60±5.65
                                     noise_10: M1: 74.96±7.02 M2: 60.19±2.29 Min: 43.31±4.07 Max: 91.85±4.34 M: 83.49±3.64 Train mse: 0.49±0.02 Test mse: 0.46±0.02 Train M1 ECE: 12.26±5.97 Train M2 ECE: 24.04±6.66 Test M1 ECE: 10.81±5.53 Test M2 ECE: 22.42±5.60
INFO - 08/31/24 14:05:42 - 0:00:05 - ./../emc_data/MVSA dev
INFO - 08/31/24 14:05:42 - 0:00:05 - Trian data: torch.Size([2, 2073, 3])
INFO - 08/31/24 14:05:42 - 0:00:05 - Trian data: torch.Size([2, 2073, 3])
INFO - 08/31/24 14:05:42 - 0:00:05 - Trian data: torch.Size([2, 2073, 3])
INFO - 08/31/24 14:05:43 - 0:00:05 - ./../emc_data/MVSA dev
                                     noise_0 : M1: 72.72±1.53 M2: 64.11±1.09 Min: 51.04±1.67 Max: 85.79±0.89 M: 76.18±1.57 Train mse: 0.33±0.04 Test mse: 0.56±0.01 Train M1 ECE: 3.84±1.11 Train M2 ECE: 4.03±1.91 Test M1 ECE: 17.11±3.21 Test M2 ECE: 14.22±3.48
                                     noise_5 : M1: 70.79±1.61 M2: 46.12±1.03 Min: 34.11±1.17 Max: 82.80±1.39 M: 73.38±1.49 Train mse: 0.47±0.01 Test mse: 0.56±0.03 Train M1 ECE: 9.23±2.18 Train M2 ECE: 18.07±6.18 Test M1 ECE: 18.57±3.24 Test M2 ECE: 27.85±6.66
                                     noise_10: M1: 61.85±6.45 M2: 42.08±1.42 Min: 25.85±2.85 Max: 78.09±4.26 M: 63.94±3.56 Train mse: 0.49±0.02 Test mse: 0.56±0.02 Train M1 ECE: 12.26±5.97 Train M2 ECE: 24.04±6.66 Test M1 ECE: 20.47±5.85 Test M2 ECE: 32.41±7.64
INFO - 08/31/24 14:05:43 - 0:00:05 - ./../emc_data/MVSA test
INFO - 08/31/24 14:05:43 - 0:00:05 - Trian data: torch.Size([2, 2073, 3])
INFO - 08/31/24 14:05:43 - 0:00:05 - Trian data: torch.Size([2, 2073, 3])
INFO - 08/31/24 14:05:43 - 0:00:05 - Trian data: torch.Size([2, 2073, 3])
INFO - 08/31/24 14:05:43 - 0:00:05 - ./../emc_data/MVSA test
                                     noise_0 : M1: 76.22±1.18 M2: 63.33±1.64 Min: 51.33±1.35 Max: 88.23±1.07 M: 79.60±1.54 Train mse: 0.33±0.04 Test mse: 0.55±0.01 Train M1 ECE: 3.84±1.11 Train M2 ECE: 4.03±1.91 Test M1 ECE: 14.59±4.30 Test M2 ECE: 14.46±3.87
                                     noise_5 : M1: 71.25±1.54 M2: 47.48±1.73 Min: 33.80±2.12 Max: 84.93±1.11 M: 74.30±1.60 Train mse: 0.47±0.01 Test mse: 0.55±0.03 Train M1 ECE: 9.23±2.18 Train M2 ECE: 18.07±6.18 Test M1 ECE: 18.20±4.55 Test M2 ECE: 26.52±5.77
                                     noise_10: M1: 64.05±4.32 M2: 42.25±2.99 Min: 25.68±2.69 Max: 80.62±3.13 M: 66.82±1.56 Train mse: 0.49±0.02 Test mse: 0.55±0.03 Train M1 ECE: 12.26±5.97 Train M2 ECE: 24.04±6.66 Test M1 ECE: 18.91±6.79 Test M2 ECE: 32.02±8.12
INFO - 08/31/24 14:05:59 - 0:00:00 - batch_size: 128
                                     data_nums: 1,2,3,4,5,6,7,8,9,10
                                     dataset: MVSA
                                     device: cuda:0
                                     epochs: 100
                                     gpu: 0
                                     lr: 0.001
                                     model: CalWNet
                                     n_nodes: 128
                                     name: MVSA_Single_emc
                                     nlayers: 1
                                     noise: 0,5,10
                                     output_dir: ../emc_data
                                     path: ./../emc_data/MVSA
                                     seed: 42
                                     top_k_logits: 200
INFO - 08/31/24 14:05:59 - 0:00:00 - ./../emc_data/MVSA train
INFO - 08/31/24 14:05:59 - 0:00:00 - Trian data: torch.Size([2, 2073, 3])
INFO - 08/31/24 14:06:00 - 0:00:01 - Trian data: torch.Size([2, 2073, 3])
INFO - 08/31/24 14:06:02 - 0:00:03 - Trian data: torch.Size([2, 2073, 3])
INFO - 08/31/24 14:06:04 - 0:00:05 - ./../emc_data/MVSA train
                                     noise_0 : M1: 95.30±4.49 M2: 96.92±2.03 Min: 92.42±5.76 Max: 99.79±0.26 M: 99.13±0.82 Train mse: 0.33±0.02 Test mse: 0.21±0.06 Train M1 ECE: 3.84±1.11 Train M2 ECE: 4.03±1.91 Test M1 ECE: 1.87±1.55 Test M2 ECE: 7.93±3.31
                                     noise_5 : M1: 85.73±3.95 M2: 65.13±1.87 Min: 55.37±3.44 Max: 95.49±1.90 M: 89.92±2.91 Train mse: 0.49±0.03 Test mse: 0.45±0.03 Train M1 ECE: 9.23±2.18 Train M2 ECE: 18.07±6.18 Test M1 ECE: 6.28±1.84 Test M2 ECE: 15.60±5.65
                                     noise_10: M1: 74.96±7.02 M2: 60.19±2.29 Min: 43.31±4.07 Max: 91.85±4.34 M: 82.96±3.94 Train mse: 0.54±0.05 Test mse: 0.51±0.05 Train M1 ECE: 12.26±5.97 Train M2 ECE: 24.04±6.66 Test M1 ECE: 10.81±5.53 Test M2 ECE: 22.42±5.60
INFO - 08/31/24 14:06:04 - 0:00:05 - ./../emc_data/MVSA dev
INFO - 08/31/24 14:06:04 - 0:00:05 - Trian data: torch.Size([2, 2073, 3])
INFO - 08/31/24 14:06:04 - 0:00:05 - Trian data: torch.Size([2, 2073, 3])
INFO - 08/31/24 14:06:04 - 0:00:05 - Trian data: torch.Size([2, 2073, 3])
INFO - 08/31/24 14:06:04 - 0:00:05 - ./../emc_data/MVSA dev
                                     noise_0 : M1: 72.72±1.53 M2: 64.11±1.09 Min: 51.04±1.67 Max: 85.79±0.89 M: 76.12±1.50 Train mse: 0.33±0.02 Test mse: 0.54±0.03 Train M1 ECE: 3.84±1.11 Train M2 ECE: 4.03±1.91 Test M1 ECE: 17.11±3.21 Test M2 ECE: 14.22±3.48
                                     noise_5 : M1: 70.79±1.61 M2: 46.12±1.03 Min: 34.11±1.17 Max: 82.80±1.39 M: 73.19±1.77 Train mse: 0.49±0.03 Test mse: 0.57±0.04 Train M1 ECE: 9.23±2.18 Train M2 ECE: 18.07±6.18 Test M1 ECE: 18.57±3.24 Test M2 ECE: 27.85±6.66
                                     noise_10: M1: 61.85±6.45 M2: 42.08±1.42 Min: 25.85±2.85 Max: 78.09±4.26 M: 64.02±3.73 Train mse: 0.54±0.05 Test mse: 0.61±0.06 Train M1 ECE: 12.26±5.97 Train M2 ECE: 24.04±6.66 Test M1 ECE: 20.47±5.85 Test M2 ECE: 32.41±7.64
INFO - 08/31/24 14:06:04 - 0:00:05 - ./../emc_data/MVSA test
INFO - 08/31/24 14:06:04 - 0:00:05 - Trian data: torch.Size([2, 2073, 3])
INFO - 08/31/24 14:06:04 - 0:00:05 - Trian data: torch.Size([2, 2073, 3])
INFO - 08/31/24 14:06:04 - 0:00:05 - Trian data: torch.Size([2, 2073, 3])
INFO - 08/31/24 14:06:04 - 0:00:05 - ./../emc_data/MVSA test
                                     noise_0 : M1: 76.22±1.18 M2: 63.33±1.64 Min: 51.33±1.35 Max: 88.23±1.07 M: 79.61±1.50 Train mse: 0.33±0.02 Test mse: 0.53±0.03 Train M1 ECE: 3.84±1.11 Train M2 ECE: 4.03±1.91 Test M1 ECE: 14.59±4.30 Test M2 ECE: 14.46±3.87
                                     noise_5 : M1: 71.25±1.54 M2: 47.48±1.73 Min: 33.80±2.12 Max: 84.93±1.11 M: 74.24±1.70 Train mse: 0.49±0.03 Test mse: 0.57±0.04 Train M1 ECE: 9.23±2.18 Train M2 ECE: 18.07±6.18 Test M1 ECE: 18.20±4.55 Test M2 ECE: 26.52±5.77
                                     noise_10: M1: 64.05±4.32 M2: 42.25±2.99 Min: 25.68±2.69 Max: 80.62±3.13 M: 67.09±1.30 Train mse: 0.54±0.05 Test mse: 0.60±0.06 Train M1 ECE: 12.26±5.97 Train M2 ECE: 24.04±6.66 Test M1 ECE: 18.91±6.79 Test M2 ECE: 32.02±8.12
INFO - 08/31/24 14:38:44 - 0:00:00 - batch_size: 128
                                     data_nums: 1,2,3,4,5,6,7,8,9,10
                                     dataset: MVSA
                                     device: cuda:0
                                     epochs: 100
                                     gpu: 0
                                     lr: 0.001
                                     model: PWCNet
                                     n_nodes: 128
                                     name: MVSA_Single_emc
                                     nlayers: 1
                                     noise: 0,5,10
                                     output_dir: ../emc_data
                                     path: ./../emc_data/MVSA
                                     seed: 42
                                     top_k_logits: 200
INFO - 08/31/24 14:38:44 - 0:00:00 - ./../emc_data/MVSA train
INFO - 08/31/24 14:38:44 - 0:00:00 - Trian data: torch.Size([2, 2073, 3])
INFO - 08/31/24 14:38:45 - 0:00:01 - Trian data: torch.Size([2, 2073, 3])
INFO - 08/31/24 14:38:46 - 0:00:03 - Trian data: torch.Size([2, 2073, 3])
INFO - 08/31/24 14:38:48 - 0:00:04 - ./../emc_data/MVSA train
                                     noise_0 : M1: 95.30±4.49 M2: 96.92±2.03 Min: 92.42±5.76 Max: 99.79±0.26 M: 99.09±0.90 Train mse: 0.33±0.04 Test mse: 0.18±0.08 Train M1 ECE: 3.84±1.11 Train M2 ECE: 4.03±1.91 Test M1 ECE: 1.87±1.55 Test M2 ECE: 7.93±3.31
                                     noise_5 : M1: 85.73±3.95 M2: 65.13±1.87 Min: 55.37±3.44 Max: 95.49±1.90 M: 90.46±2.40 Train mse: 0.49±0.03 Test mse: 0.45±0.03 Train M1 ECE: 9.23±2.18 Train M2 ECE: 18.07±6.18 Test M1 ECE: 6.28±1.84 Test M2 ECE: 15.60±5.65
                                     noise_10: M1: 74.96±7.02 M2: 60.19±2.29 Min: 43.31±4.07 Max: 91.85±4.34 M: 84.05±3.67 Train mse: 0.49±0.05 Test mse: 0.45±0.06 Train M1 ECE: 12.26±5.97 Train M2 ECE: 24.04±6.66 Test M1 ECE: 10.81±5.53 Test M2 ECE: 22.42±5.60
INFO - 08/31/24 14:38:48 - 0:00:04 - ./../emc_data/MVSA dev
INFO - 08/31/24 14:38:48 - 0:00:04 - Trian data: torch.Size([2, 2073, 3])
INFO - 08/31/24 14:38:48 - 0:00:04 - Trian data: torch.Size([2, 2073, 3])
INFO - 08/31/24 14:38:48 - 0:00:04 - Trian data: torch.Size([2, 2073, 3])
INFO - 08/31/24 14:38:48 - 0:00:05 - ./../emc_data/MVSA dev
                                     noise_0 : M1: 72.72±1.53 M2: 64.11±1.09 Min: 51.04±1.67 Max: 85.79±0.89 M: 76.18±1.57 Train mse: 0.33±0.04 Test mse: 0.56±0.01 Train M1 ECE: 3.84±1.11 Train M2 ECE: 4.03±1.91 Test M1 ECE: 17.11±3.21 Test M2 ECE: 14.22±3.48
                                     noise_5 : M1: 70.79±1.61 M2: 46.12±1.03 Min: 34.11±1.17 Max: 82.80±1.39 M: 73.59±1.36 Train mse: 0.49±0.03 Test mse: 0.59±0.04 Train M1 ECE: 9.23±2.18 Train M2 ECE: 18.07±6.18 Test M1 ECE: 18.57±3.24 Test M2 ECE: 27.85±6.66
                                     noise_10: M1: 61.85±6.45 M2: 42.08±1.42 Min: 25.85±2.85 Max: 78.09±4.26 M: 64.29±3.71 Train mse: 0.49±0.05 Test mse: 0.58±0.05 Train M1 ECE: 12.26±5.97 Train M2 ECE: 24.04±6.66 Test M1 ECE: 20.47±5.85 Test M2 ECE: 32.41±7.64
INFO - 08/31/24 14:38:48 - 0:00:05 - ./../emc_data/MVSA test
INFO - 08/31/24 14:38:48 - 0:00:05 - Trian data: torch.Size([2, 2073, 3])
INFO - 08/31/24 14:38:48 - 0:00:05 - Trian data: torch.Size([2, 2073, 3])
INFO - 08/31/24 14:38:48 - 0:00:05 - Trian data: torch.Size([2, 2073, 3])
INFO - 08/31/24 14:38:48 - 0:00:05 - ./../emc_data/MVSA test
                                     noise_0 : M1: 76.22±1.18 M2: 63.33±1.64 Min: 51.33±1.35 Max: 88.23±1.07 M: 79.60±1.54 Train mse: 0.33±0.04 Test mse: 0.55±0.01 Train M1 ECE: 3.84±1.11 Train M2 ECE: 4.03±1.91 Test M1 ECE: 14.59±4.30 Test M2 ECE: 14.46±3.87
                                     noise_5 : M1: 71.25±1.54 M2: 47.48±1.73 Min: 33.80±2.12 Max: 84.93±1.11 M: 74.37±1.58 Train mse: 0.49±0.03 Test mse: 0.59±0.04 Train M1 ECE: 9.23±2.18 Train M2 ECE: 18.07±6.18 Test M1 ECE: 18.20±4.55 Test M2 ECE: 26.52±5.77
                                     noise_10: M1: 64.05±4.32 M2: 42.25±2.99 Min: 25.68±2.69 Max: 80.62±3.13 M: 67.15±1.20 Train mse: 0.49±0.05 Test mse: 0.57±0.05 Train M1 ECE: 12.26±5.97 Train M2 ECE: 24.04±6.66 Test M1 ECE: 18.91±6.79 Test M2 ECE: 32.02±8.12
INFO - 08/31/24 14:41:33 - 0:00:00 - batch_size: 128
                                     data_nums: 1,2,3,4,5,6,7,8,9,10
                                     dataset: MVSA
                                     device: cuda:0
                                     epochs: 100
                                     gpu: 0
                                     lr: 0.001
                                     model: PWCNet
                                     n_nodes: 128
                                     name: MVSA_Single_emc
                                     nlayers: 1
                                     noise: 0,5,10
                                     output_dir: ../emc_data
                                     path: ./../emc_data/MVSA
                                     seed: 42
                                     top_k_logits: 200
INFO - 08/31/24 14:41:33 - 0:00:00 - ./../emc_data/MVSA train
INFO - 08/31/24 14:41:33 - 0:00:00 - Trian data: torch.Size([2, 518, 3])
INFO - 08/31/24 14:41:34 - 0:00:01 - Trian data: torch.Size([2, 518, 3])
INFO - 08/31/24 14:41:36 - 0:00:02 - Trian data: torch.Size([2, 518, 3])
INFO - 08/31/24 14:41:37 - 0:00:04 - ./../emc_data/MVSA train
                                     noise_0 : M1: 95.30±4.49 M2: 96.92±2.03 Min: 92.42±5.76 Max: 99.79±0.26 M: 99.09±0.90 Train mse: 0.56±0.01 Test mse: 0.18±0.08 Train M1 ECE: 17.11±3.21 Train M2 ECE: 14.22±3.48 Test M1 ECE: 1.87±1.55 Test M2 ECE: 7.93±3.31
                                     noise_5 : M1: 85.73±3.95 M2: 65.13±1.87 Min: 55.37±3.44 Max: 95.49±1.90 M: 88.42±7.55 Train mse: 8.60±23.98 Test mse: 8.39±23.76 Train M1 ECE: 18.57±3.24 Train M2 ECE: 27.85±6.66 Test M1 ECE: 6.28±1.84 Test M2 ECE: 15.60±5.65
                                     noise_10: M1: 74.96±7.02 M2: 60.19±2.29 Min: 43.31±4.07 Max: 91.85±4.34 M: 83.19±4.16 Train mse: 0.63±0.07 Test mse: 0.52±0.07 Train M1 ECE: 20.47±5.85 Train M2 ECE: 32.41±7.64 Test M1 ECE: 10.81±5.53 Test M2 ECE: 22.42±5.60
INFO - 08/31/24 14:41:37 - 0:00:04 - ./../emc_data/MVSA dev
INFO - 08/31/24 14:41:37 - 0:00:04 - Trian data: torch.Size([2, 518, 3])
INFO - 08/31/24 14:41:37 - 0:00:04 - Trian data: torch.Size([2, 518, 3])
INFO - 08/31/24 14:41:37 - 0:00:04 - Trian data: torch.Size([2, 518, 3])
INFO - 08/31/24 14:41:37 - 0:00:04 - ./../emc_data/MVSA dev
                                     noise_0 : M1: 72.72±1.53 M2: 64.11±1.09 Min: 51.04±1.67 Max: 85.79±0.89 M: 76.18±1.57 Train mse: 0.56±0.01 Test mse: 0.56±0.01 Train M1 ECE: 17.11±3.21 Train M2 ECE: 14.22±3.48 Test M1 ECE: 17.11±3.21 Test M2 ECE: 14.22±3.48
                                     noise_5 : M1: 70.79±1.61 M2: 46.12±1.03 Min: 34.11±1.17 Max: 82.80±1.39 M: 71.33±7.48 Train mse: 8.60±23.98 Test mse: 8.60±23.98 Train M1 ECE: 18.57±3.24 Train M2 ECE: 27.85±6.66 Test M1 ECE: 18.57±3.24 Test M2 ECE: 27.85±6.66
                                     noise_10: M1: 61.85±6.45 M2: 42.08±1.42 Min: 25.85±2.85 Max: 78.09±4.26 M: 64.34±4.05 Train mse: 0.63±0.07 Test mse: 0.63±0.07 Train M1 ECE: 20.47±5.85 Train M2 ECE: 32.41±7.64 Test M1 ECE: 20.47±5.85 Test M2 ECE: 32.41±7.64
INFO - 08/31/24 14:41:37 - 0:00:04 - ./../emc_data/MVSA test
INFO - 08/31/24 14:41:37 - 0:00:04 - Trian data: torch.Size([2, 518, 3])
INFO - 08/31/24 14:41:37 - 0:00:04 - Trian data: torch.Size([2, 518, 3])
INFO - 08/31/24 14:41:37 - 0:00:04 - Trian data: torch.Size([2, 518, 3])
INFO - 08/31/24 14:41:37 - 0:00:04 - ./../emc_data/MVSA test
                                     noise_0 : M1: 76.22±1.18 M2: 63.33±1.64 Min: 51.33±1.35 Max: 88.23±1.07 M: 79.61±1.51 Train mse: 0.56±0.01 Test mse: 0.55±0.01 Train M1 ECE: 17.11±3.21 Train M2 ECE: 14.22±3.48 Test M1 ECE: 14.59±4.30 Test M2 ECE: 14.46±3.87
                                     noise_5 : M1: 71.25±1.54 M2: 47.48±1.73 Min: 33.80±2.12 Max: 84.93±1.11 M: 72.68±5.69 Train mse: 8.60±23.98 Test mse: 8.63±24.09 Train M1 ECE: 18.57±3.24 Train M2 ECE: 27.85±6.66 Test M1 ECE: 18.20±4.55 Test M2 ECE: 26.52±5.77
                                     noise_10: M1: 64.05±4.32 M2: 42.25±2.99 Min: 25.68±2.69 Max: 80.62±3.13 M: 67.13±1.53 Train mse: 0.63±0.07 Test mse: 0.62±0.06 Train M1 ECE: 20.47±5.85 Train M2 ECE: 32.41±7.64 Test M1 ECE: 18.91±6.79 Test M2 ECE: 32.02±8.12
INFO - 08/31/24 15:15:29 - 0:00:00 - batch_size: 128
                                     data_nums: 1,2,3,4,5,6,7,8,9,10
                                     dataset: MVSA
                                     device: cuda:0
                                     epochs: 100
                                     gpu: 0
                                     lr: 0.001
                                     model: KNet
                                     n_nodes: 128
                                     name: MVSA_Single_emc
                                     nlayers: 1
                                     noise: 0,5,10
                                     output_dir: ../emc_data
                                     path: ./../emc_data/MVSA
                                     seed: 42
                                     top_k_logits: 200
INFO - 08/31/24 15:15:29 - 0:00:00 - ./../emc_data/MVSA train
INFO - 08/31/24 15:15:29 - 0:00:00 - Trian data: torch.Size([2, 2073, 3])
INFO - 08/31/24 15:15:42 - 0:00:13 - Trian data: torch.Size([2, 2073, 3])
INFO - 08/31/24 15:15:55 - 0:00:26 - Trian data: torch.Size([2, 2073, 3])
INFO - 08/31/24 15:16:08 - 0:00:39 - ./../emc_data/MVSA train
                                     noise_0 : M1: 95.30±4.49 M2: 96.92±2.03 Min: 92.42±5.76 Max: 99.79±0.26 M: 99.11±0.83 Train mse: 0.40±0.01 Test mse: 0.38±0.02 Train M1 ECE: 3.84±1.11 Train M2 ECE: 4.03±1.91 Test M1 ECE: 1.87±1.55 Test M2 ECE: 7.93±3.31
                                     noise_5 : M1: 85.73±3.95 M2: 65.13±1.87 Min: 55.37±3.44 Max: 95.49±1.90 M: 90.36±2.50 Train mse: 0.45±0.01 Test mse: 0.44±0.01 Train M1 ECE: 9.23±2.18 Train M2 ECE: 18.07±6.18 Test M1 ECE: 6.28±1.84 Test M2 ECE: 15.60±5.65
                                     noise_10: M1: 74.96±7.02 M2: 60.19±2.29 Min: 43.31±4.07 Max: 91.85±4.34 M: 84.04±3.12 Train mse: 0.44±0.01 Test mse: 0.43±0.01 Train M1 ECE: 12.26±5.97 Train M2 ECE: 24.04±6.66 Test M1 ECE: 10.81±5.53 Test M2 ECE: 22.42±5.60
INFO - 08/31/24 15:16:08 - 0:00:39 - ./../emc_data/MVSA dev
INFO - 08/31/24 15:16:08 - 0:00:39 - Trian data: torch.Size([2, 2073, 3])
INFO - 08/31/24 15:16:08 - 0:00:39 - Trian data: torch.Size([2, 2073, 3])
INFO - 08/31/24 15:16:08 - 0:00:39 - Trian data: torch.Size([2, 2073, 3])
INFO - 08/31/24 15:16:08 - 0:00:39 - ./../emc_data/MVSA dev
                                     noise_0 : M1: 72.72±1.53 M2: 64.11±1.09 Min: 51.04±1.67 Max: 85.79±0.89 M: 76.25±1.57 Train mse: 0.40±0.01 Test mse: 0.45±0.00 Train M1 ECE: 3.84±1.11 Train M2 ECE: 4.03±1.91 Test M1 ECE: 17.11±3.21 Test M2 ECE: 14.22±3.48
                                     noise_5 : M1: 70.79±1.61 M2: 46.12±1.03 Min: 34.11±1.17 Max: 82.80±1.39 M: 73.19±1.39 Train mse: 0.45±0.01 Test mse: 0.46±0.00 Train M1 ECE: 9.23±2.18 Train M2 ECE: 18.07±6.18 Test M1 ECE: 18.57±3.24 Test M2 ECE: 27.85±6.66
                                     noise_10: M1: 61.85±6.45 M2: 42.08±1.42 Min: 25.85±2.85 Max: 78.09±4.26 M: 64.40±3.68 Train mse: 0.44±0.01 Test mse: 0.46±0.01 Train M1 ECE: 12.26±5.97 Train M2 ECE: 24.04±6.66 Test M1 ECE: 20.47±5.85 Test M2 ECE: 32.41±7.64
INFO - 08/31/24 15:16:08 - 0:00:39 - ./../emc_data/MVSA test
INFO - 08/31/24 15:16:08 - 0:00:39 - Trian data: torch.Size([2, 2073, 3])
INFO - 08/31/24 15:16:08 - 0:00:39 - Trian data: torch.Size([2, 2073, 3])
INFO - 08/31/24 15:16:08 - 0:00:39 - Trian data: torch.Size([2, 2073, 3])
INFO - 08/31/24 15:16:08 - 0:00:39 - ./../emc_data/MVSA test
                                     noise_0 : M1: 76.22±1.18 M2: 63.33±1.64 Min: 51.33±1.35 Max: 88.23±1.07 M: 79.54±1.35 Train mse: 0.40±0.01 Test mse: 0.45±0.00 Train M1 ECE: 3.84±1.11 Train M2 ECE: 4.03±1.91 Test M1 ECE: 14.59±4.30 Test M2 ECE: 14.46±3.87
                                     noise_5 : M1: 71.25±1.54 M2: 47.48±1.73 Min: 33.80±2.12 Max: 84.93±1.11 M: 74.55±1.89 Train mse: 0.45±0.01 Test mse: 0.46±0.01 Train M1 ECE: 9.23±2.18 Train M2 ECE: 18.07±6.18 Test M1 ECE: 18.20±4.55 Test M2 ECE: 26.52±5.77
                                     noise_10: M1: 64.05±4.32 M2: 42.25±2.99 Min: 25.68±2.69 Max: 80.62±3.13 M: 67.51±1.67 Train mse: 0.44±0.01 Test mse: 0.45±0.02 Train M1 ECE: 12.26±5.97 Train M2 ECE: 24.04±6.66 Test M1 ECE: 18.91±6.79 Test M2 ECE: 32.02±8.12
INFO - 08/31/24 15:29:15 - 0:00:00 - batch_size: 128
                                     data_nums: 1,2,3,4,5,6,7,8,9,10
                                     dataset: MVSA
                                     device: cuda:0
                                     epochs: 100
                                     gpu: 0
                                     lr: 0.001
                                     model: KNet
                                     n_nodes: 128
                                     name: MVSA_Single_emc
                                     nlayers: 1
                                     noise: 0,5,10
                                     output_dir: ../emc_data
                                     path: ./../emc_data/MVSA
                                     seed: 42
                                     top_k_logits: 200
INFO - 08/31/24 15:29:15 - 0:00:00 - ./../emc_data/MVSA train
INFO - 08/31/24 15:29:15 - 0:00:00 - Trian data: torch.Size([2, 2073, 3])
INFO - 08/31/24 15:29:28 - 0:00:13 - Trian data: torch.Size([2, 2073, 3])
INFO - 08/31/24 15:29:41 - 0:00:26 - Trian data: torch.Size([2, 2073, 3])
INFO - 08/31/24 15:29:54 - 0:00:39 - ./../emc_data/MVSA train
                                     noise_0 : M1: 95.30±4.49 M2: 96.92±2.03 Min: 92.42±5.76 Max: 99.79±0.26 M: 99.11±0.83 Train mse: 0.40±0.01 Test mse: 0.38±0.02 Train M1 ECE: 3.84±1.11 Train M2 ECE: 4.03±1.91 Test M1 ECE: 1.87±1.55 Test M2 ECE: 7.93±3.31
                                     noise_5 : M1: 85.73±3.95 M2: 65.13±1.87 Min: 55.37±3.44 Max: 95.49±1.90 M: 90.38±2.47 Train mse: 0.45±0.01 Test mse: 0.44±0.01 Train M1 ECE: 9.23±2.18 Train M2 ECE: 18.07±6.18 Test M1 ECE: 6.28±1.84 Test M2 ECE: 15.60±5.65
                                     noise_10: M1: 74.96±7.02 M2: 60.19±2.29 Min: 43.31±4.07 Max: 91.85±4.34 M: 84.06±3.13 Train mse: 0.44±0.01 Test mse: 0.43±0.01 Train M1 ECE: 12.26±5.97 Train M2 ECE: 24.04±6.66 Test M1 ECE: 10.81±5.53 Test M2 ECE: 22.42±5.60
INFO - 08/31/24 15:29:54 - 0:00:39 - ./../emc_data/MVSA dev
INFO - 08/31/24 15:29:54 - 0:00:39 - Trian data: torch.Size([2, 2073, 3])
INFO - 08/31/24 15:29:54 - 0:00:39 - Trian data: torch.Size([2, 2073, 3])
INFO - 08/31/24 15:29:54 - 0:00:39 - Trian data: torch.Size([2, 2073, 3])
INFO - 08/31/24 15:29:54 - 0:00:39 - ./../emc_data/MVSA dev
                                     noise_0 : M1: 72.72±1.53 M2: 64.11±1.09 Min: 51.04±1.67 Max: 85.79±0.89 M: 76.25±1.57 Train mse: 0.40±0.01 Test mse: 0.45±0.00 Train M1 ECE: 3.84±1.11 Train M2 ECE: 4.03±1.91 Test M1 ECE: 17.11±3.21 Test M2 ECE: 14.22±3.48
                                     noise_5 : M1: 70.79±1.61 M2: 46.12±1.03 Min: 34.11±1.17 Max: 82.80±1.39 M: 73.22±1.38 Train mse: 0.45±0.01 Test mse: 0.46±0.00 Train M1 ECE: 9.23±2.18 Train M2 ECE: 18.07±6.18 Test M1 ECE: 18.57±3.24 Test M2 ECE: 27.85±6.66
                                     noise_10: M1: 61.85±6.45 M2: 42.08±1.42 Min: 25.85±2.85 Max: 78.09±4.26 M: 64.40±3.68 Train mse: 0.44±0.01 Test mse: 0.46±0.01 Train M1 ECE: 12.26±5.97 Train M2 ECE: 24.04±6.66 Test M1 ECE: 20.47±5.85 Test M2 ECE: 32.41±7.64
INFO - 08/31/24 15:29:54 - 0:00:39 - ./../emc_data/MVSA test
INFO - 08/31/24 15:29:54 - 0:00:39 - Trian data: torch.Size([2, 2073, 3])
INFO - 08/31/24 15:29:54 - 0:00:39 - Trian data: torch.Size([2, 2073, 3])
INFO - 08/31/24 15:29:54 - 0:00:39 - Trian data: torch.Size([2, 2073, 3])
INFO - 08/31/24 15:29:54 - 0:00:39 - ./../emc_data/MVSA test
                                     noise_0 : M1: 76.22±1.18 M2: 63.33±1.64 Min: 51.33±1.35 Max: 88.23±1.07 M: 79.54±1.38 Train mse: 0.40±0.01 Test mse: 0.45±0.00 Train M1 ECE: 3.84±1.11 Train M2 ECE: 4.03±1.91 Test M1 ECE: 14.59±4.30 Test M2 ECE: 14.46±3.87
                                     noise_5 : M1: 71.25±1.54 M2: 47.48±1.73 Min: 33.80±2.12 Max: 84.93±1.11 M: 74.59±1.89 Train mse: 0.45±0.01 Test mse: 0.46±0.01 Train M1 ECE: 9.23±2.18 Train M2 ECE: 18.07±6.18 Test M1 ECE: 18.20±4.55 Test M2 ECE: 26.52±5.77
                                     noise_10: M1: 64.05±4.32 M2: 42.25±2.99 Min: 25.68±2.69 Max: 80.62±3.13 M: 67.48±1.66 Train mse: 0.44±0.01 Test mse: 0.45±0.02 Train M1 ECE: 12.26±5.97 Train M2 ECE: 24.04±6.66 Test M1 ECE: 18.91±6.79 Test M2 ECE: 32.02±8.12
INFO - 08/31/24 15:42:31 - 0:00:00 - batch_size: 128
                                     data_nums: 1,2,3,4,5,6,7,8,9,10
                                     dataset: MVSA
                                     device: cuda:0
                                     epochs: 100
                                     gpu: 0
                                     lr: 0.001
                                     model: KNet
                                     n_nodes: 128
                                     name: MVSA_Single_emc
                                     nlayers: 1
                                     noise: 0,5,10
                                     output_dir: ../emc_data
                                     path: ./../emc_data/MVSA
                                     seed: 42
                                     top_k_logits: 200
INFO - 08/31/24 15:42:31 - 0:00:00 - ./../emc_data/MVSA train
INFO - 08/31/24 15:42:31 - 0:00:00 - Trian data: torch.Size([2, 2073, 3])
INFO - 08/31/24 15:45:59 - 0:00:00 - batch_size: 128
                                     data_nums: 1,2,3,4,5,6,7,8,9,10
                                     dataset: MVSA
                                     device: cuda:0
                                     epochs: 100
                                     gpu: 0
                                     lr: 0.001
                                     model: KNet
                                     n_nodes: 128
                                     name: MVSA_Single_emc
                                     nlayers: 1
                                     noise: 0,5,10
                                     output_dir: ../emc_data
                                     path: ./../emc_data/MVSA
                                     seed: 42
                                     top_k_logits: 200
INFO - 08/31/24 15:45:59 - 0:00:00 - ./../emc_data/MVSA train
INFO - 08/31/24 15:45:59 - 0:00:00 - Trian data: torch.Size([2, 2073, 3])
INFO - 08/31/24 15:46:17 - 0:00:19 - Trian data: torch.Size([2, 2073, 3])
INFO - 08/31/24 15:46:35 - 0:00:37 - Trian data: torch.Size([2, 2073, 3])
INFO - 08/31/24 15:46:53 - 0:00:55 - ./../emc_data/MVSA train
                                     noise_0 : M1: 95.30±4.49 M2: 96.92±2.03 Min: 92.42±5.76 Max: 99.79±0.26 M: 76.39±21.69 Train mse: nan±nan Test mse: nan±nan Train M1 ECE: 3.84±1.11 Train M2 ECE: 4.03±1.91 Test M1 ECE: 1.87±1.55 Test M2 ECE: 7.93±3.31
                                     noise_5 : M1: 85.73±3.95 M2: 65.13±1.87 Min: 55.37±3.44 Max: 95.49±1.90 M: 78.35±9.14 Train mse: 0.68±0.02 Test mse: 0.70±0.02 Train M1 ECE: 9.23±2.18 Train M2 ECE: 18.07±6.18 Test M1 ECE: 6.28±1.84 Test M2 ECE: 15.60±5.65
                                     noise_10: M1: 74.96±7.02 M2: 60.19±2.29 Min: 43.31±4.07 Max: 91.85±4.34 M: 52.88±8.63 Train mse: 0.73±0.03 Test mse: 0.76±0.03 Train M1 ECE: 12.26±5.97 Train M2 ECE: 24.04±6.66 Test M1 ECE: 10.81±5.53 Test M2 ECE: 22.42±5.60
INFO - 08/31/24 15:46:53 - 0:00:55 - ./../emc_data/MVSA dev
INFO - 08/31/24 15:46:53 - 0:00:55 - Trian data: torch.Size([2, 2073, 3])
INFO - 08/31/24 15:46:53 - 0:00:55 - Trian data: torch.Size([2, 2073, 3])
INFO - 08/31/24 15:46:53 - 0:00:55 - Trian data: torch.Size([2, 2073, 3])
INFO - 08/31/24 15:46:53 - 0:00:55 - ./../emc_data/MVSA dev
                                     noise_0 : M1: 72.72±1.53 M2: 64.11±1.09 Min: 51.04±1.67 Max: 85.79±0.89 M: 64.90±10.52 Train mse: nan±nan Test mse: nan±nan Train M1 ECE: 3.84±1.11 Train M2 ECE: 4.03±1.91 Test M1 ECE: 17.11±3.21 Test M2 ECE: 14.22±3.48
                                     noise_5 : M1: 70.79±1.61 M2: 46.12±1.03 Min: 34.11±1.17 Max: 82.80±1.39 M: 62.63±6.75 Train mse: 0.68±0.02 Test mse: 0.62±0.01 Train M1 ECE: 9.23±2.18 Train M2 ECE: 18.07±6.18 Test M1 ECE: 18.57±3.24 Test M2 ECE: 27.85±6.66
                                     noise_10: M1: 61.85±6.45 M2: 42.08±1.42 Min: 25.85±2.85 Max: 78.09±4.26 M: 43.96±6.45 Train mse: 0.73±0.03 Test mse: 0.65±0.02 Train M1 ECE: 12.26±5.97 Train M2 ECE: 24.04±6.66 Test M1 ECE: 20.47±5.85 Test M2 ECE: 32.41±7.64
INFO - 08/31/24 15:46:53 - 0:00:55 - ./../emc_data/MVSA test
INFO - 08/31/24 15:46:53 - 0:00:55 - Trian data: torch.Size([2, 2073, 3])
INFO - 08/31/24 15:46:53 - 0:00:55 - Trian data: torch.Size([2, 2073, 3])
INFO - 08/31/24 15:46:53 - 0:00:55 - Trian data: torch.Size([2, 2073, 3])
INFO - 08/31/24 15:46:53 - 0:00:55 - ./../emc_data/MVSA test
                                     noise_0 : M1: 76.22±1.18 M2: 63.33±1.64 Min: 51.33±1.35 Max: 88.23±1.07 M: 65.53±14.51 Train mse: nan±nan Test mse: nan±nan Train M1 ECE: 3.84±1.11 Train M2 ECE: 4.03±1.91 Test M1 ECE: 14.59±4.30 Test M2 ECE: 14.46±3.87
                                     noise_5 : M1: 71.25±1.54 M2: 47.48±1.73 Min: 33.80±2.12 Max: 84.93±1.11 M: 64.84±4.80 Train mse: 0.68±0.02 Test mse: 0.62±0.01 Train M1 ECE: 9.23±2.18 Train M2 ECE: 18.07±6.18 Test M1 ECE: 18.20±4.55 Test M2 ECE: 26.52±5.77
                                     noise_10: M1: 64.05±4.32 M2: 42.25±2.99 Min: 25.68±2.69 Max: 80.62±3.13 M: 44.99±6.78 Train mse: 0.73±0.03 Test mse: 0.66±0.03 Train M1 ECE: 12.26±5.97 Train M2 ECE: 24.04±6.66 Test M1 ECE: 18.91±6.79 Test M2 ECE: 32.02±8.12
INFO - 08/31/24 15:47:03 - 0:00:00 - batch_size: 128
                                     data_nums: 1,2,3,4,5,6,7,8,9,10
                                     dataset: MVSA
                                     device: cuda:0
                                     epochs: 100
                                     gpu: 0
                                     lr: 0.001
                                     model: KNet
                                     n_nodes: 128
                                     name: MVSA_Single_emc
                                     nlayers: 1
                                     noise: 0,5,10
                                     output_dir: ../emc_data
                                     path: ./../emc_data/MVSA
                                     seed: 42
                                     top_k_logits: 200
INFO - 08/31/24 15:47:03 - 0:00:00 - ./../emc_data/MVSA train
INFO - 08/31/24 15:47:03 - 0:00:00 - Trian data: torch.Size([2, 2073, 3])
INFO - 08/31/24 15:47:22 - 0:00:19 - Trian data: torch.Size([2, 2073, 3])
INFO - 08/31/24 15:47:40 - 0:00:37 - Trian data: torch.Size([2, 2073, 3])
INFO - 08/31/24 15:47:58 - 0:00:55 - ./../emc_data/MVSA train
                                     noise_0 : M1: 95.30±4.49 M2: 96.92±2.03 Min: 92.42±5.76 Max: 99.79±0.26 M: 76.71±21.99 Train mse: nan±nan Test mse: nan±nan Train M1 ECE: 3.84±1.11 Train M2 ECE: 4.03±1.91 Test M1 ECE: 1.87±1.55 Test M2 ECE: 7.93±3.31
                                     noise_5 : M1: 85.73±3.95 M2: 65.13±1.87 Min: 55.37±3.44 Max: 95.49±1.90 M: 90.71±2.08 Train mse: 0.50±0.01 Test mse: 0.50±0.01 Train M1 ECE: 9.23±2.18 Train M2 ECE: 18.07±6.18 Test M1 ECE: 6.28±1.84 Test M2 ECE: 15.60±5.65
                                     noise_10: M1: 74.96±7.02 M2: 60.19±2.29 Min: 43.31±4.07 Max: 91.85±4.34 M: 85.78±2.85 Train mse: 0.48±0.01 Test mse: 0.48±0.01 Train M1 ECE: 12.26±5.97 Train M2 ECE: 24.04±6.66 Test M1 ECE: 10.81±5.53 Test M2 ECE: 22.42±5.60
INFO - 08/31/24 15:47:58 - 0:00:55 - ./../emc_data/MVSA dev
INFO - 08/31/24 15:47:58 - 0:00:55 - Trian data: torch.Size([2, 2073, 3])
INFO - 08/31/24 15:47:58 - 0:00:55 - Trian data: torch.Size([2, 2073, 3])
INFO - 08/31/24 15:47:58 - 0:00:55 - Trian data: torch.Size([2, 2073, 3])
INFO - 08/31/24 15:47:58 - 0:00:55 - ./../emc_data/MVSA dev
                                     noise_0 : M1: 72.72±1.53 M2: 64.11±1.09 Min: 51.04±1.67 Max: 85.79±0.89 M: 64.90±10.56 Train mse: nan±nan Test mse: nan±nan Train M1 ECE: 3.84±1.11 Train M2 ECE: 4.03±1.91 Test M1 ECE: 17.11±3.21 Test M2 ECE: 14.22±3.48
                                     noise_5 : M1: 70.79±1.61 M2: 46.12±1.03 Min: 34.11±1.17 Max: 82.80±1.39 M: 73.01±1.47 Train mse: 0.50±0.01 Test mse: 0.51±0.01 Train M1 ECE: 9.23±2.18 Train M2 ECE: 18.07±6.18 Test M1 ECE: 18.57±3.24 Test M2 ECE: 27.85±6.66
                                     noise_10: M1: 61.85±6.45 M2: 42.08±1.42 Min: 25.85±2.85 Max: 78.09±4.26 M: 65.98±3.16 Train mse: 0.48±0.01 Test mse: 0.50±0.02 Train M1 ECE: 12.26±5.97 Train M2 ECE: 24.04±6.66 Test M1 ECE: 20.47±5.85 Test M2 ECE: 32.41±7.64
INFO - 08/31/24 15:47:58 - 0:00:55 - ./../emc_data/MVSA test
INFO - 08/31/24 15:47:58 - 0:00:55 - Trian data: torch.Size([2, 2073, 3])
INFO - 08/31/24 15:47:58 - 0:00:55 - Trian data: torch.Size([2, 2073, 3])
INFO - 08/31/24 15:47:58 - 0:00:55 - Trian data: torch.Size([2, 2073, 3])
INFO - 08/31/24 15:47:58 - 0:00:55 - ./../emc_data/MVSA test
                                     noise_0 : M1: 76.22±1.18 M2: 63.33±1.64 Min: 51.33±1.35 Max: 88.23±1.07 M: 65.20±14.16 Train mse: nan±nan Test mse: nan±nan Train M1 ECE: 3.84±1.11 Train M2 ECE: 4.03±1.91 Test M1 ECE: 14.59±4.30 Test M2 ECE: 14.46±3.87
                                     noise_5 : M1: 71.25±1.54 M2: 47.48±1.73 Min: 33.80±2.12 Max: 84.93±1.11 M: 74.01±1.56 Train mse: 0.50±0.01 Test mse: 0.51±0.01 Train M1 ECE: 9.23±2.18 Train M2 ECE: 18.07±6.18 Test M1 ECE: 18.20±4.55 Test M2 ECE: 26.52±5.77
                                     noise_10: M1: 64.05±4.32 M2: 42.25±2.99 Min: 25.68±2.69 Max: 80.62±3.13 M: 68.55±1.17 Train mse: 0.48±0.01 Test mse: 0.50±0.02 Train M1 ECE: 12.26±5.97 Train M2 ECE: 24.04±6.66 Test M1 ECE: 18.91±6.79 Test M2 ECE: 32.02±8.12
INFO - 08/31/24 15:48:32 - 0:00:00 - batch_size: 128
                                     data_nums: 1,2,3,4,5,6,7,8,9,10
                                     dataset: MVSA
                                     device: cuda:0
                                     epochs: 100
                                     gpu: 0
                                     lr: 0.001
                                     model: KNet
                                     n_nodes: 128
                                     name: MVSA_Single_emc
                                     nlayers: 1
                                     noise: 0,5,10
                                     output_dir: ../emc_data
                                     path: ./../emc_data/MVSA
                                     seed: 42
                                     top_k_logits: 200
INFO - 08/31/24 15:48:32 - 0:00:00 - ./../emc_data/MVSA train
INFO - 08/31/24 15:48:32 - 0:00:00 - Trian data: torch.Size([2, 2073, 3])
INFO - 08/31/24 15:49:00 - 0:00:00 - batch_size: 128
                                     data_nums: 1,2,3,4,5,6,7,8,9,10
                                     dataset: MVSA
                                     device: cuda:0
                                     epochs: 100
                                     gpu: 0
                                     lr: 0.001
                                     model: KNet
                                     n_nodes: 128
                                     name: MVSA_Single_emc
                                     nlayers: 1
                                     noise: 0,5,10
                                     output_dir: ../emc_data
                                     path: ./../emc_data/MVSA
                                     seed: 42
                                     top_k_logits: 200
INFO - 08/31/24 15:49:00 - 0:00:00 - ./../emc_data/MVSA train
INFO - 08/31/24 15:49:00 - 0:00:00 - Trian data: torch.Size([2, 2073, 3])
INFO - 08/31/24 15:49:06 - 0:00:00 - batch_size: 128
                                     data_nums: 1,2,3,4,5,6,7,8,9,10
                                     dataset: MVSA
                                     device: cuda:0
                                     epochs: 100
                                     gpu: 0
                                     lr: 0.001
                                     model: KNet
                                     n_nodes: 128
                                     name: MVSA_Single_emc
                                     nlayers: 1
                                     noise: 0,5,10
                                     output_dir: ../emc_data
                                     path: ./../emc_data/MVSA
                                     seed: 42
                                     top_k_logits: 200
INFO - 08/31/24 15:49:06 - 0:00:00 - ./../emc_data/MVSA train
INFO - 08/31/24 15:49:06 - 0:00:00 - Trian data: torch.Size([2, 2073, 3])
INFO - 08/31/24 15:49:25 - 0:00:19 - Trian data: torch.Size([2, 2073, 3])
INFO - 08/31/24 15:49:44 - 0:00:37 - Trian data: torch.Size([2, 2073, 3])
INFO - 08/31/24 15:50:02 - 0:00:56 - ./../emc_data/MVSA train
                                     noise_0 : M1: 95.30±4.49 M2: 96.92±2.03 Min: 92.42±5.76 Max: 99.79±0.26 M: 76.69±21.97 Train mse: nan±nan Test mse: nan±nan Train M1 ECE: 3.84±1.11 Train M2 ECE: 4.03±1.91 Test M1 ECE: 1.87±1.55 Test M2 ECE: 7.93±3.31
                                     noise_5 : M1: 85.73±3.95 M2: 65.13±1.87 Min: 55.37±3.44 Max: 95.49±1.90 M: 90.42±2.46 Train mse: 0.45±0.01 Test mse: 0.44±0.01 Train M1 ECE: 9.23±2.18 Train M2 ECE: 18.07±6.18 Test M1 ECE: 6.28±1.84 Test M2 ECE: 15.60±5.65
                                     noise_10: M1: 74.96±7.02 M2: 60.19±2.29 Min: 43.31±4.07 Max: 91.85±4.34 M: 84.28±2.97 Train mse: 0.44±0.01 Test mse: 0.43±0.01 Train M1 ECE: 12.26±5.97 Train M2 ECE: 24.04±6.66 Test M1 ECE: 10.81±5.53 Test M2 ECE: 22.42±5.60
INFO - 08/31/24 15:50:02 - 0:00:56 - ./../emc_data/MVSA dev
INFO - 08/31/24 15:50:02 - 0:00:56 - Trian data: torch.Size([2, 2073, 3])
INFO - 08/31/24 15:50:02 - 0:00:56 - Trian data: torch.Size([2, 2073, 3])
INFO - 08/31/24 15:50:02 - 0:00:56 - Trian data: torch.Size([2, 2073, 3])
INFO - 08/31/24 15:50:02 - 0:00:56 - ./../emc_data/MVSA dev
                                     noise_0 : M1: 72.72±1.53 M2: 64.11±1.09 Min: 51.04±1.67 Max: 85.79±0.89 M: 65.19±10.85 Train mse: nan±nan Test mse: nan±nan Train M1 ECE: 3.84±1.11 Train M2 ECE: 4.03±1.91 Test M1 ECE: 17.11±3.21 Test M2 ECE: 14.22±3.48
                                     noise_5 : M1: 70.79±1.61 M2: 46.12±1.03 Min: 34.11±1.17 Max: 82.80±1.39 M: 73.22±1.43 Train mse: 0.45±0.01 Test mse: 0.46±0.00 Train M1 ECE: 9.23±2.18 Train M2 ECE: 18.07±6.18 Test M1 ECE: 18.57±3.24 Test M2 ECE: 27.85±6.66
                                     noise_10: M1: 61.85±6.45 M2: 42.08±1.42 Min: 25.85±2.85 Max: 78.09±4.26 M: 64.31±3.67 Train mse: 0.44±0.01 Test mse: 0.46±0.01 Train M1 ECE: 12.26±5.97 Train M2 ECE: 24.04±6.66 Test M1 ECE: 20.47±5.85 Test M2 ECE: 32.41±7.64
INFO - 08/31/24 15:50:02 - 0:00:56 - ./../emc_data/MVSA test
INFO - 08/31/24 15:50:02 - 0:00:56 - Trian data: torch.Size([2, 2073, 3])
INFO - 08/31/24 15:50:02 - 0:00:56 - Trian data: torch.Size([2, 2073, 3])
INFO - 08/31/24 15:50:02 - 0:00:56 - Trian data: torch.Size([2, 2073, 3])
INFO - 08/31/24 15:50:02 - 0:00:56 - ./../emc_data/MVSA test
                                     noise_0 : M1: 76.22±1.18 M2: 63.33±1.64 Min: 51.33±1.35 Max: 88.23±1.07 M: 65.41±14.39 Train mse: nan±nan Test mse: nan±nan Train M1 ECE: 3.84±1.11 Train M2 ECE: 4.03±1.91 Test M1 ECE: 14.59±4.30 Test M2 ECE: 14.46±3.87
                                     noise_5 : M1: 71.25±1.54 M2: 47.48±1.73 Min: 33.80±2.12 Max: 84.93±1.11 M: 74.61±1.94 Train mse: 0.45±0.01 Test mse: 0.47±0.01 Train M1 ECE: 9.23±2.18 Train M2 ECE: 18.07±6.18 Test M1 ECE: 18.20±4.55 Test M2 ECE: 26.52±5.77
                                     noise_10: M1: 64.05±4.32 M2: 42.25±2.99 Min: 25.68±2.69 Max: 80.62±3.13 M: 67.75±1.38 Train mse: 0.44±0.01 Test mse: 0.46±0.02 Train M1 ECE: 12.26±5.97 Train M2 ECE: 24.04±6.66 Test M1 ECE: 18.91±6.79 Test M2 ECE: 32.02±8.12
INFO - 08/31/24 15:52:23 - 0:00:00 - batch_size: 128
                                     data_nums: 1,2,3,4,5,6,7,8,9,10
                                     dataset: MVSA
                                     device: cuda:0
                                     epochs: 100
                                     gpu: 0
                                     lr: 0.001
                                     model: KNet
                                     n_nodes: 128
                                     name: MVSA_Single_emc
                                     nlayers: 1
                                     noise: 0,5,10
                                     output_dir: ../emc_data
                                     path: ./../emc_data/MVSA
                                     seed: 42
                                     top_k_logits: 200
INFO - 08/31/24 15:52:23 - 0:00:00 - ./../emc_data/MVSA train
INFO - 08/31/24 15:52:23 - 0:00:00 - Trian data: torch.Size([2, 2073, 3])
INFO - 08/31/24 15:52:36 - 0:00:13 - Trian data: torch.Size([2, 2073, 3])
INFO - 08/31/24 15:52:49 - 0:00:26 - Trian data: torch.Size([2, 2073, 3])
INFO - 08/31/24 15:53:02 - 0:00:40 - ./../emc_data/MVSA train
                                     noise_0 : M1: 95.30±4.49 M2: 96.92±2.03 Min: 92.42±5.76 Max: 99.79±0.26 M: 99.09±0.90 Train mse: 0.37±0.01 Test mse: 0.33±0.02 Train M1 ECE: 3.84±1.11 Train M2 ECE: 4.03±1.91 Test M1 ECE: 1.87±1.55 Test M2 ECE: 7.93±3.31
                                     noise_5 : M1: 85.73±3.95 M2: 65.13±1.87 Min: 55.37±3.44 Max: 95.49±1.90 M: 90.30±2.49 Train mse: 0.43±0.01 Test mse: 0.42±0.02 Train M1 ECE: 9.23±2.18 Train M2 ECE: 18.07±6.18 Test M1 ECE: 6.28±1.84 Test M2 ECE: 15.60±5.65
                                     noise_10: M1: 74.96±7.02 M2: 60.19±2.29 Min: 43.31±4.07 Max: 91.85±4.34 M: 84.17±2.35 Train mse: 0.44±0.01 Test mse: 0.43±0.01 Train M1 ECE: 12.26±5.97 Train M2 ECE: 24.04±6.66 Test M1 ECE: 10.81±5.53 Test M2 ECE: 22.42±5.60
INFO - 08/31/24 15:53:02 - 0:00:40 - ./../emc_data/MVSA dev
INFO - 08/31/24 15:53:02 - 0:00:40 - Trian data: torch.Size([2, 2073, 3])
INFO - 08/31/24 15:53:03 - 0:00:40 - Trian data: torch.Size([2, 2073, 3])
INFO - 08/31/24 15:53:03 - 0:00:40 - Trian data: torch.Size([2, 2073, 3])
INFO - 08/31/24 15:53:03 - 0:00:40 - ./../emc_data/MVSA dev
                                     noise_0 : M1: 72.72±1.53 M2: 64.11±1.09 Min: 51.04±1.67 Max: 85.79±0.89 M: 76.20±1.56 Train mse: 0.37±0.01 Test mse: 0.46±0.00 Train M1 ECE: 3.84±1.11 Train M2 ECE: 4.03±1.91 Test M1 ECE: 17.11±3.21 Test M2 ECE: 14.22±3.48
                                     noise_5 : M1: 70.79±1.61 M2: 46.12±1.03 Min: 34.11±1.17 Max: 82.80±1.39 M: 73.47±1.47 Train mse: 0.43±0.01 Test mse: 0.46±0.01 Train M1 ECE: 9.23±2.18 Train M2 ECE: 18.07±6.18 Test M1 ECE: 18.57±3.24 Test M2 ECE: 27.85±6.66
                                     noise_10: M1: 61.85±6.45 M2: 42.08±1.42 Min: 25.85±2.85 Max: 78.09±4.26 M: 65.10±3.32 Train mse: 0.44±0.01 Test mse: 0.46±0.01 Train M1 ECE: 12.26±5.97 Train M2 ECE: 24.04±6.66 Test M1 ECE: 20.47±5.85 Test M2 ECE: 32.41±7.64
INFO - 08/31/24 15:53:03 - 0:00:40 - ./../emc_data/MVSA test
INFO - 08/31/24 15:53:03 - 0:00:40 - Trian data: torch.Size([2, 2073, 3])
INFO - 08/31/24 15:53:03 - 0:00:40 - Trian data: torch.Size([2, 2073, 3])
INFO - 08/31/24 15:53:03 - 0:00:40 - Trian data: torch.Size([2, 2073, 3])
INFO - 08/31/24 15:53:03 - 0:00:40 - ./../emc_data/MVSA test
                                     noise_0 : M1: 76.22±1.18 M2: 63.33±1.64 Min: 51.33±1.35 Max: 88.23±1.07 M: 79.63±1.50 Train mse: 0.37±0.01 Test mse: 0.46±0.00 Train M1 ECE: 3.84±1.11 Train M2 ECE: 4.03±1.91 Test M1 ECE: 14.59±4.30 Test M2 ECE: 14.46±3.87
                                     noise_5 : M1: 71.25±1.54 M2: 47.48±1.73 Min: 33.80±2.12 Max: 84.93±1.11 M: 74.28±1.61 Train mse: 0.43±0.01 Test mse: 0.46±0.01 Train M1 ECE: 9.23±2.18 Train M2 ECE: 18.07±6.18 Test M1 ECE: 18.20±4.55 Test M2 ECE: 26.52±5.77
                                     noise_10: M1: 64.05±4.32 M2: 42.25±2.99 Min: 25.68±2.69 Max: 80.62±3.13 M: 68.11±1.17 Train mse: 0.44±0.01 Test mse: 0.46±0.02 Train M1 ECE: 12.26±5.97 Train M2 ECE: 24.04±6.66 Test M1 ECE: 18.91±6.79 Test M2 ECE: 32.02±8.12
INFO - 08/31/24 16:23:49 - 0:00:00 - batch_size: 128
                                     data_nums: 1,2,3,4,5,6,7,8,9,10
                                     dataset: MVSA
                                     device: cuda:0
                                     epochs: 100
                                     gpu: 0
                                     lr: 0.001
                                     model: KNet
                                     n_nodes: 128
                                     name: MVSA_Single_emc
                                     nlayers: 1
                                     noise: 0,5,10
                                     output_dir: ../emc_data
                                     path: ./../emc_data/MVSA
                                     seed: 42
                                     top_k_logits: 200
INFO - 08/31/24 16:23:49 - 0:00:00 - ./../emc_data/MVSA train
INFO - 08/31/24 16:23:49 - 0:00:00 - Trian data: torch.Size([2, 2073, 3])
INFO - 08/31/24 16:24:15 - 0:00:26 - Trian data: torch.Size([2, 2073, 3])
INFO - 08/31/24 16:24:39 - 0:00:50 - Trian data: torch.Size([2, 2073, 3])
INFO - 08/31/24 16:25:03 - 0:01:13 - ./../emc_data/MVSA train
                                     noise_0 : M1: 95.30±4.49 M2: 96.92±2.03 Min: 92.42±5.76 Max: 99.79±0.26 M: 54.73±0.00 Train mse: nan±nan Test mse: nan±nan Train M1 ECE: 3.84±1.11 Train M2 ECE: 4.03±1.91 Test M1 ECE: 1.87±1.55 Test M2 ECE: 7.93±3.31
                                     noise_5 : M1: 85.73±3.95 M2: 65.13±1.87 Min: 55.37±3.44 Max: 95.49±1.90 M: 71.95±17.32 Train mse: nan±nan Test mse: nan±nan Train M1 ECE: 9.23±2.18 Train M2 ECE: 18.07±6.18 Test M1 ECE: 6.28±1.84 Test M2 ECE: 15.60±5.65
                                     noise_10: M1: 74.96±7.02 M2: 60.19±2.29 Min: 43.31±4.07 Max: 91.85±4.34 M: 84.44±2.97 Train mse: 0.44±0.01 Test mse: 0.43±0.01 Train M1 ECE: 12.26±5.97 Train M2 ECE: 24.04±6.66 Test M1 ECE: 10.81±5.53 Test M2 ECE: 22.42±5.60
INFO - 08/31/24 16:25:03 - 0:01:13 - ./../emc_data/MVSA dev
INFO - 08/31/24 16:25:03 - 0:01:13 - Trian data: torch.Size([2, 2073, 3])
INFO - 08/31/24 16:25:03 - 0:01:13 - Trian data: torch.Size([2, 2073, 3])
INFO - 08/31/24 16:25:03 - 0:01:13 - Trian data: torch.Size([2, 2073, 3])
INFO - 08/31/24 16:25:03 - 0:01:13 - ./../emc_data/MVSA dev
                                     noise_0 : M1: 72.72±1.53 M2: 64.11±1.09 Min: 51.04±1.67 Max: 85.79±0.89 M: 54.44±0.00 Train mse: nan±nan Test mse: nan±nan Train M1 ECE: 3.84±1.11 Train M2 ECE: 4.03±1.91 Test M1 ECE: 17.11±3.21 Test M2 ECE: 14.22±3.48
                                     noise_5 : M1: 70.79±1.61 M2: 46.12±1.03 Min: 34.11±1.17 Max: 82.80±1.39 M: 63.65±9.30 Train mse: nan±nan Test mse: nan±nan Train M1 ECE: 9.23±2.18 Train M2 ECE: 18.07±6.18 Test M1 ECE: 18.57±3.24 Test M2 ECE: 27.85±6.66
                                     noise_10: M1: 61.85±6.45 M2: 42.08±1.42 Min: 25.85±2.85 Max: 78.09±4.26 M: 64.40±3.69 Train mse: 0.44±0.01 Test mse: 0.46±0.01 Train M1 ECE: 12.26±5.97 Train M2 ECE: 24.04±6.66 Test M1 ECE: 20.47±5.85 Test M2 ECE: 32.41±7.64
INFO - 08/31/24 16:25:03 - 0:01:13 - ./../emc_data/MVSA test
INFO - 08/31/24 16:25:03 - 0:01:13 - Trian data: torch.Size([2, 2073, 3])
INFO - 08/31/24 16:25:03 - 0:01:13 - Trian data: torch.Size([2, 2073, 3])
INFO - 08/31/24 16:25:03 - 0:01:13 - Trian data: torch.Size([2, 2073, 3])
INFO - 08/31/24 16:25:03 - 0:01:13 - ./../emc_data/MVSA test
                                     noise_0 : M1: 76.22±1.18 M2: 63.33±1.64 Min: 51.33±1.35 Max: 88.23±1.07 M: 51.06±0.00 Train mse: nan±nan Test mse: nan±nan Train M1 ECE: 3.84±1.11 Train M2 ECE: 4.03±1.91 Test M1 ECE: 14.59±4.30 Test M2 ECE: 14.46±3.87
                                     noise_5 : M1: 71.25±1.54 M2: 47.48±1.73 Min: 33.80±2.12 Max: 84.93±1.11 M: 62.60±11.65 Train mse: nan±nan Test mse: nan±nan Train M1 ECE: 9.23±2.18 Train M2 ECE: 18.07±6.18 Test M1 ECE: 18.20±4.55 Test M2 ECE: 26.52±5.77
                                     noise_10: M1: 64.05±4.32 M2: 42.25±2.99 Min: 25.68±2.69 Max: 80.62±3.13 M: 67.92±1.41 Train mse: 0.44±0.01 Test mse: 0.46±0.02 Train M1 ECE: 12.26±5.97 Train M2 ECE: 24.04±6.66 Test M1 ECE: 18.91±6.79 Test M2 ECE: 32.02±8.12
INFO - 08/31/24 16:25:40 - 0:00:00 - batch_size: 128
                                     data_nums: 1,2,3,4,5,6,7,8,9,10
                                     dataset: MVSA
                                     device: cuda:0
                                     epochs: 100
                                     gpu: 0
                                     lr: 0.001
                                     model: KNet
                                     n_nodes: 128
                                     name: MVSA_Single_emc
                                     nlayers: 1
                                     noise: 0,5,10
                                     output_dir: ../emc_data
                                     path: ./../emc_data/MVSA
                                     seed: 42
                                     top_k_logits: 200
INFO - 08/31/24 16:25:40 - 0:00:00 - ./../emc_data/MVSA train
INFO - 08/31/24 16:25:40 - 0:00:00 - Trian data: torch.Size([2, 2073, 3])
INFO - 08/31/24 16:29:46 - 0:00:00 - batch_size: 128
                                     data_nums: 1,2,3,4,5,6,7,8,9,10
                                     dataset: MVSA
                                     device: cuda:0
                                     epochs: 100
                                     gpu: 0
                                     lr: 0.001
                                     model: KNet
                                     n_nodes: 128
                                     name: MVSA_Single_emc
                                     nlayers: 1
                                     noise: 0,5,10
                                     output_dir: ../emc_data
                                     path: ./../emc_data/MVSA
                                     seed: 42
                                     top_k_logits: 200
INFO - 08/31/24 16:29:46 - 0:00:00 - ./../emc_data/MVSA train
INFO - 08/31/24 16:29:46 - 0:00:00 - Trian data: torch.Size([2, 2073, 3])
INFO - 08/31/24 16:30:00 - 0:00:14 - Trian data: torch.Size([2, 2073, 3])
INFO - 08/31/24 16:30:14 - 0:00:27 - Trian data: torch.Size([2, 2073, 3])
INFO - 08/31/24 16:30:27 - 0:00:41 - ./../emc_data/MVSA train
                                     noise_0 : M1: 95.30±4.49 M2: 96.92±2.03 Min: 92.42±5.76 Max: 99.79±0.26 M: 97.94±3.26 Train mse: 0.88±0.59 Test mse: 0.89±0.63 Train M1 ECE: 3.84±1.11 Train M2 ECE: 4.03±1.91 Test M1 ECE: 1.87±1.55 Test M2 ECE: 7.93±3.31
                                     noise_5 : M1: 85.73±3.95 M2: 65.13±1.87 Min: 55.37±3.44 Max: 95.49±1.90 M: 89.58±2.35 Train mse: 0.92±0.38 Test mse: 0.94±0.39 Train M1 ECE: 9.23±2.18 Train M2 ECE: 18.07±6.18 Test M1 ECE: 6.28±1.84 Test M2 ECE: 15.60±5.65
                                     noise_10: M1: 74.96±7.02 M2: 60.19±2.29 Min: 43.31±4.07 Max: 91.85±4.34 M: 82.53±2.10 Train mse: 0.79±0.30 Test mse: 0.81±0.30 Train M1 ECE: 12.26±5.97 Train M2 ECE: 24.04±6.66 Test M1 ECE: 10.81±5.53 Test M2 ECE: 22.42±5.60
INFO - 08/31/24 16:30:27 - 0:00:41 - ./../emc_data/MVSA dev
INFO - 08/31/24 16:30:27 - 0:00:41 - Trian data: torch.Size([2, 2073, 3])
INFO - 08/31/24 16:30:27 - 0:00:41 - Trian data: torch.Size([2, 2073, 3])
INFO - 08/31/24 16:30:27 - 0:00:41 - Trian data: torch.Size([2, 2073, 3])
INFO - 08/31/24 16:30:27 - 0:00:41 - ./../emc_data/MVSA dev
                                     noise_0 : M1: 72.72±1.53 M2: 64.11±1.09 Min: 51.04±1.67 Max: 85.79±0.89 M: 75.64±2.75 Train mse: 0.88±0.59 Test mse: 0.87±0.47 Train M1 ECE: 3.84±1.11 Train M2 ECE: 4.03±1.91 Test M1 ECE: 17.11±3.21 Test M2 ECE: 14.22±3.48
                                     noise_5 : M1: 70.79±1.61 M2: 46.12±1.03 Min: 34.11±1.17 Max: 82.80±1.39 M: 71.56±1.73 Train mse: 0.92±0.38 Test mse: 0.87±0.34 Train M1 ECE: 9.23±2.18 Train M2 ECE: 18.07±6.18 Test M1 ECE: 18.57±3.24 Test M2 ECE: 27.85±6.66
                                     noise_10: M1: 61.85±6.45 M2: 42.08±1.42 Min: 25.85±2.85 Max: 78.09±4.26 M: 64.29±2.81 Train mse: 0.79±0.30 Test mse: 0.73±0.27 Train M1 ECE: 12.26±5.97 Train M2 ECE: 24.04±6.66 Test M1 ECE: 20.47±5.85 Test M2 ECE: 32.41±7.64
INFO - 08/31/24 16:30:27 - 0:00:41 - ./../emc_data/MVSA test
INFO - 08/31/24 16:30:27 - 0:00:41 - Trian data: torch.Size([2, 2073, 3])
INFO - 08/31/24 16:30:27 - 0:00:41 - Trian data: torch.Size([2, 2073, 3])
INFO - 08/31/24 16:30:27 - 0:00:41 - Trian data: torch.Size([2, 2073, 3])
INFO - 08/31/24 16:30:28 - 0:00:41 - ./../emc_data/MVSA test
                                     noise_0 : M1: 76.22±1.18 M2: 63.33±1.64 Min: 51.33±1.35 Max: 88.23±1.07 M: 78.13±4.11 Train mse: 0.88±0.59 Test mse: 0.87±0.48 Train M1 ECE: 3.84±1.11 Train M2 ECE: 4.03±1.91 Test M1 ECE: 14.59±4.30 Test M2 ECE: 14.46±3.87
                                     noise_5 : M1: 71.25±1.54 M2: 47.48±1.73 Min: 33.80±2.12 Max: 84.93±1.11 M: 71.87±2.69 Train mse: 0.92±0.38 Test mse: 0.87±0.33 Train M1 ECE: 9.23±2.18 Train M2 ECE: 18.07±6.18 Test M1 ECE: 18.20±4.55 Test M2 ECE: 26.52±5.77
                                     noise_10: M1: 64.05±4.32 M2: 42.25±2.99 Min: 25.68±2.69 Max: 80.62±3.13 M: 66.92±1.35 Train mse: 0.79±0.30 Test mse: 0.74±0.26 Train M1 ECE: 12.26±5.97 Train M2 ECE: 24.04±6.66 Test M1 ECE: 18.91±6.79 Test M2 ECE: 32.02±8.12
INFO - 08/31/24 16:31:00 - 0:00:00 - batch_size: 128
                                     data_nums: 1,2,3,4,5,6,7,8,9,10
                                     dataset: MVSA
                                     device: cuda:0
                                     epochs: 100
                                     gpu: 0
                                     lr: 0.001
                                     model: KNet
                                     n_nodes: 128
                                     name: MVSA_Single_emc
                                     nlayers: 1
                                     noise: 0,5,10
                                     output_dir: ../emc_data
                                     path: ./../emc_data/MVSA
                                     seed: 42
                                     top_k_logits: 200
INFO - 08/31/24 16:31:00 - 0:00:00 - ./../emc_data/MVSA train
INFO - 08/31/24 16:31:00 - 0:00:00 - Trian data: torch.Size([2, 2073, 3])
INFO - 08/31/24 16:31:13 - 0:00:14 - Trian data: torch.Size([2, 2073, 3])
INFO - 08/31/24 16:31:27 - 0:00:27 - Trian data: torch.Size([2, 2073, 3])
INFO - 08/31/24 16:31:40 - 0:00:41 - ./../emc_data/MVSA train
                                     noise_0 : M1: 95.30±4.49 M2: 96.92±2.03 Min: 92.42±5.76 Max: 99.79±0.26 M: 54.73±0.00 Train mse: nan±nan Test mse: nan±nan Train M1 ECE: 3.84±1.11 Train M2 ECE: 4.03±1.91 Test M1 ECE: 1.87±1.55 Test M2 ECE: 7.93±3.31
                                     noise_5 : M1: 85.73±3.95 M2: 65.13±1.87 Min: 55.37±3.44 Max: 95.49±1.90 M: 54.73±0.00 Train mse: nan±nan Test mse: nan±nan Train M1 ECE: 9.23±2.18 Train M2 ECE: 18.07±6.18 Test M1 ECE: 6.28±1.84 Test M2 ECE: 15.60±5.65
                                     noise_10: M1: 74.96±7.02 M2: 60.19±2.29 Min: 43.31±4.07 Max: 91.85±4.34 M: 54.73±0.00 Train mse: nan±nan Test mse: nan±nan Train M1 ECE: 12.26±5.97 Train M2 ECE: 24.04±6.66 Test M1 ECE: 10.81±5.53 Test M2 ECE: 22.42±5.60
INFO - 08/31/24 16:31:40 - 0:00:41 - ./../emc_data/MVSA dev
INFO - 08/31/24 16:31:40 - 0:00:41 - Trian data: torch.Size([2, 2073, 3])
INFO - 08/31/24 16:31:40 - 0:00:41 - Trian data: torch.Size([2, 2073, 3])
INFO - 08/31/24 16:31:40 - 0:00:41 - Trian data: torch.Size([2, 2073, 3])
INFO - 08/31/24 16:31:40 - 0:00:41 - ./../emc_data/MVSA dev
                                     noise_0 : M1: 72.72±1.53 M2: 64.11±1.09 Min: 51.04±1.67 Max: 85.79±0.89 M: 54.44±0.00 Train mse: nan±nan Test mse: nan±nan Train M1 ECE: 3.84±1.11 Train M2 ECE: 4.03±1.91 Test M1 ECE: 17.11±3.21 Test M2 ECE: 14.22±3.48
                                     noise_5 : M1: 70.79±1.61 M2: 46.12±1.03 Min: 34.11±1.17 Max: 82.80±1.39 M: 54.44±0.00 Train mse: nan±nan Test mse: nan±nan Train M1 ECE: 9.23±2.18 Train M2 ECE: 18.07±6.18 Test M1 ECE: 18.57±3.24 Test M2 ECE: 27.85±6.66
                                     noise_10: M1: 61.85±6.45 M2: 42.08±1.42 Min: 25.85±2.85 Max: 78.09±4.26 M: 54.44±0.00 Train mse: nan±nan Test mse: nan±nan Train M1 ECE: 12.26±5.97 Train M2 ECE: 24.04±6.66 Test M1 ECE: 20.47±5.85 Test M2 ECE: 32.41±7.64
INFO - 08/31/24 16:31:40 - 0:00:41 - ./../emc_data/MVSA test
INFO - 08/31/24 16:31:40 - 0:00:41 - Trian data: torch.Size([2, 2073, 3])
INFO - 08/31/24 16:31:41 - 0:00:41 - Trian data: torch.Size([2, 2073, 3])
INFO - 08/31/24 16:31:41 - 0:00:41 - Trian data: torch.Size([2, 2073, 3])
INFO - 08/31/24 16:31:41 - 0:00:41 - ./../emc_data/MVSA test
                                     noise_0 : M1: 76.22±1.18 M2: 63.33±1.64 Min: 51.33±1.35 Max: 88.23±1.07 M: 51.06±0.00 Train mse: nan±nan Test mse: nan±nan Train M1 ECE: 3.84±1.11 Train M2 ECE: 4.03±1.91 Test M1 ECE: 14.59±4.30 Test M2 ECE: 14.46±3.87
                                     noise_5 : M1: 71.25±1.54 M2: 47.48±1.73 Min: 33.80±2.12 Max: 84.93±1.11 M: 51.06±0.00 Train mse: nan±nan Test mse: nan±nan Train M1 ECE: 9.23±2.18 Train M2 ECE: 18.07±6.18 Test M1 ECE: 18.20±4.55 Test M2 ECE: 26.52±5.77
                                     noise_10: M1: 64.05±4.32 M2: 42.25±2.99 Min: 25.68±2.69 Max: 80.62±3.13 M: 51.06±0.00 Train mse: nan±nan Test mse: nan±nan Train M1 ECE: 12.26±5.97 Train M2 ECE: 24.04±6.66 Test M1 ECE: 18.91±6.79 Test M2 ECE: 32.02±8.12
INFO - 08/31/24 16:35:28 - 0:00:00 - batch_size: 128
                                     data_nums: 1,2,3,4,5,6,7,8,9,10
                                     dataset: MVSA
                                     device: cuda:0
                                     epochs: 100
                                     gpu: 0
                                     lr: 0.001
                                     model: KNet
                                     n_nodes: 128
                                     name: MVSA_Single_emc
                                     nlayers: 1
                                     noise: 0,5,10
                                     output_dir: ../emc_data
                                     path: ./../emc_data/MVSA
                                     seed: 42
                                     top_k_logits: 200
INFO - 08/31/24 16:35:28 - 0:00:00 - ./../emc_data/MVSA train
INFO - 08/31/24 16:35:28 - 0:00:00 - Trian data: torch.Size([2, 2073, 3])
INFO - 08/31/24 16:35:44 - 0:00:16 - Trian data: torch.Size([2, 2073, 3])
INFO - 08/31/24 16:36:00 - 0:00:32 - Trian data: torch.Size([2, 2073, 3])
INFO - 08/31/24 16:36:15 - 0:00:47 - ./../emc_data/MVSA train
                                     noise_0 : M1: 95.30±4.49 M2: 96.92±2.03 Min: 92.42±5.76 Max: 99.79±0.26 M: 99.09±0.90 Train mse: 0.37±0.01 Test mse: 0.33±0.02 Train M1 ECE: 3.84±1.11 Train M2 ECE: 4.03±1.91 Test M1 ECE: 1.87±1.55 Test M2 ECE: 7.93±3.31
                                     noise_5 : M1: 85.73±3.95 M2: 65.13±1.87 Min: 55.37±3.44 Max: 95.49±1.90 M: 90.32±2.46 Train mse: 0.43±0.01 Test mse: 0.42±0.01 Train M1 ECE: 9.23±2.18 Train M2 ECE: 18.07±6.18 Test M1 ECE: 6.28±1.84 Test M2 ECE: 15.60±5.65
                                     noise_10: M1: 74.96±7.02 M2: 60.19±2.29 Min: 43.31±4.07 Max: 91.85±4.34 M: 83.95±2.42 Train mse: 0.43±0.01 Test mse: 0.42±0.01 Train M1 ECE: 12.26±5.97 Train M2 ECE: 24.04±6.66 Test M1 ECE: 10.81±5.53 Test M2 ECE: 22.42±5.60
INFO - 08/31/24 16:36:15 - 0:00:47 - ./../emc_data/MVSA dev
INFO - 08/31/24 16:36:15 - 0:00:47 - Trian data: torch.Size([2, 2073, 3])
INFO - 08/31/24 16:36:15 - 0:00:47 - Trian data: torch.Size([2, 2073, 3])
INFO - 08/31/24 16:36:15 - 0:00:47 - Trian data: torch.Size([2, 2073, 3])
INFO - 08/31/24 16:36:15 - 0:00:47 - ./../emc_data/MVSA dev
                                     noise_0 : M1: 72.72±1.53 M2: 64.11±1.09 Min: 51.04±1.67 Max: 85.79±0.89 M: 76.18±1.54 Train mse: 0.37±0.01 Test mse: 0.46±0.00 Train M1 ECE: 3.84±1.11 Train M2 ECE: 4.03±1.91 Test M1 ECE: 17.11±3.21 Test M2 ECE: 14.22±3.48
                                     noise_5 : M1: 70.79±1.61 M2: 46.12±1.03 Min: 34.11±1.17 Max: 82.80±1.39 M: 73.46±1.39 Train mse: 0.43±0.01 Test mse: 0.45±0.00 Train M1 ECE: 9.23±2.18 Train M2 ECE: 18.07±6.18 Test M1 ECE: 18.57±3.24 Test M2 ECE: 27.85±6.66
                                     noise_10: M1: 61.85±6.45 M2: 42.08±1.42 Min: 25.85±2.85 Max: 78.09±4.26 M: 64.59±3.54 Train mse: 0.43±0.01 Test mse: 0.45±0.01 Train M1 ECE: 12.26±5.97 Train M2 ECE: 24.04±6.66 Test M1 ECE: 20.47±5.85 Test M2 ECE: 32.41±7.64
INFO - 08/31/24 16:36:15 - 0:00:47 - ./../emc_data/MVSA test
INFO - 08/31/24 16:36:15 - 0:00:47 - Trian data: torch.Size([2, 2073, 3])
INFO - 08/31/24 16:36:15 - 0:00:47 - Trian data: torch.Size([2, 2073, 3])
INFO - 08/31/24 16:36:15 - 0:00:47 - Trian data: torch.Size([2, 2073, 3])
INFO - 08/31/24 16:36:15 - 0:00:48 - ./../emc_data/MVSA test
                                     noise_0 : M1: 76.22±1.18 M2: 63.33±1.64 Min: 51.33±1.35 Max: 88.23±1.07 M: 79.63±1.50 Train mse: 0.37±0.01 Test mse: 0.45±0.00 Train M1 ECE: 3.84±1.11 Train M2 ECE: 4.03±1.91 Test M1 ECE: 14.59±4.30 Test M2 ECE: 14.46±3.87
                                     noise_5 : M1: 71.25±1.54 M2: 47.48±1.73 Min: 33.80±2.12 Max: 84.93±1.11 M: 74.53±1.82 Train mse: 0.43±0.01 Test mse: 0.46±0.01 Train M1 ECE: 9.23±2.18 Train M2 ECE: 18.07±6.18 Test M1 ECE: 18.20±4.55 Test M2 ECE: 26.52±5.77
                                     noise_10: M1: 64.05±4.32 M2: 42.25±2.99 Min: 25.68±2.69 Max: 80.62±3.13 M: 67.98±0.96 Train mse: 0.43±0.01 Test mse: 0.45±0.01 Train M1 ECE: 12.26±5.97 Train M2 ECE: 24.04±6.66 Test M1 ECE: 18.91±6.79 Test M2 ECE: 32.02±8.12
INFO - 08/31/24 17:29:32 - 0:00:00 - batch_size: 128
                                     data_nums: 1,2,3,4,5,6,7,8,9,10
                                     dataset: MVSA
                                     device: cuda:0
                                     epochs: 100
                                     gpu: 0
                                     lr: 0.001
                                     model: KNet
                                     n_nodes: 128
                                     name: MVSA_Single_emc
                                     nlayers: 1
                                     noise: 0,5,10
                                     output_dir: ../emc_data
                                     path: ./../emc_data/MVSA
                                     seed: 42
                                     top_k_logits: 200
INFO - 08/31/24 17:29:32 - 0:00:00 - ./../emc_data/MVSA train
INFO - 08/31/24 17:29:32 - 0:00:00 - Trian data: torch.Size([2, 2073, 3])
INFO - 08/31/24 17:29:46 - 0:00:14 - Trian data: torch.Size([2, 2073, 3])
INFO - 08/31/24 17:29:59 - 0:00:27 - Trian data: torch.Size([2, 2073, 3])
INFO - 08/31/24 17:30:12 - 0:00:40 - ./../emc_data/MVSA train
                                     noise_0 : M1: 95.30±4.49 M2: 96.92±2.03 Min: 92.42±5.76 Max: 99.79±0.26 M: 99.09±0.90 Train mse: 0.37±0.01 Test mse: 0.33±0.02 Train M1 ECE: 3.84±1.11 Train M2 ECE: 4.03±1.91 Test M1 ECE: 1.87±1.55 Test M2 ECE: 7.93±3.31
                                     noise_5 : M1: 85.73±3.95 M2: 65.13±1.87 Min: 55.37±3.44 Max: 95.49±1.90 M: 90.30±2.50 Train mse: 0.43±0.01 Test mse: 0.42±0.02 Train M1 ECE: 9.23±2.18 Train M2 ECE: 18.07±6.18 Test M1 ECE: 6.28±1.84 Test M2 ECE: 15.60±5.65
                                     noise_10: M1: 74.96±7.02 M2: 60.19±2.29 Min: 43.31±4.07 Max: 91.85±4.34 M: 84.16±2.40 Train mse: 0.44±0.01 Test mse: 0.43±0.01 Train M1 ECE: 12.26±5.97 Train M2 ECE: 24.04±6.66 Test M1 ECE: 10.81±5.53 Test M2 ECE: 22.42±5.60
INFO - 08/31/24 17:30:12 - 0:00:40 - ./../emc_data/MVSA dev
INFO - 08/31/24 17:30:12 - 0:00:40 - Trian data: torch.Size([2, 2073, 3])
INFO - 08/31/24 17:30:12 - 0:00:40 - Trian data: torch.Size([2, 2073, 3])
INFO - 08/31/24 17:30:12 - 0:00:40 - Trian data: torch.Size([2, 2073, 3])
INFO - 08/31/24 17:30:12 - 0:00:40 - ./../emc_data/MVSA dev
                                     noise_0 : M1: 72.72±1.53 M2: 64.11±1.09 Min: 51.04±1.67 Max: 85.79±0.89 M: 76.22±1.57 Train mse: 0.37±0.01 Test mse: 0.46±0.00 Train M1 ECE: 3.84±1.11 Train M2 ECE: 4.03±1.91 Test M1 ECE: 17.11±3.21 Test M2 ECE: 14.22±3.48
                                     noise_5 : M1: 70.79±1.61 M2: 46.12±1.03 Min: 34.11±1.17 Max: 82.80±1.39 M: 73.46±1.49 Train mse: 0.43±0.01 Test mse: 0.46±0.01 Train M1 ECE: 9.23±2.18 Train M2 ECE: 18.07±6.18 Test M1 ECE: 18.57±3.24 Test M2 ECE: 27.85±6.66
                                     noise_10: M1: 61.85±6.45 M2: 42.08±1.42 Min: 25.85±2.85 Max: 78.09±4.26 M: 65.12±3.30 Train mse: 0.44±0.01 Test mse: 0.46±0.01 Train M1 ECE: 12.26±5.97 Train M2 ECE: 24.04±6.66 Test M1 ECE: 20.47±5.85 Test M2 ECE: 32.41±7.64
INFO - 08/31/24 17:30:12 - 0:00:40 - ./../emc_data/MVSA test
INFO - 08/31/24 17:30:12 - 0:00:40 - Trian data: torch.Size([2, 2073, 3])
INFO - 08/31/24 17:30:12 - 0:00:40 - Trian data: torch.Size([2, 2073, 3])
INFO - 08/31/24 17:30:12 - 0:00:40 - Trian data: torch.Size([2, 2073, 3])
INFO - 08/31/24 17:30:12 - 0:00:40 - ./../emc_data/MVSA test
                                     noise_0 : M1: 76.22±1.18 M2: 63.33±1.64 Min: 51.33±1.35 Max: 88.23±1.07 M: 79.60±1.54 Train mse: 0.37±0.01 Test mse: 0.46±0.00 Train M1 ECE: 3.84±1.11 Train M2 ECE: 4.03±1.91 Test M1 ECE: 14.59±4.30 Test M2 ECE: 14.46±3.87
                                     noise_5 : M1: 71.25±1.54 M2: 47.48±1.73 Min: 33.80±2.12 Max: 84.93±1.11 M: 74.34±1.64 Train mse: 0.43±0.01 Test mse: 0.46±0.01 Train M1 ECE: 9.23±2.18 Train M2 ECE: 18.07±6.18 Test M1 ECE: 18.20±4.55 Test M2 ECE: 26.52±5.77
                                     noise_10: M1: 64.05±4.32 M2: 42.25±2.99 Min: 25.68±2.69 Max: 80.62±3.13 M: 68.05±1.22 Train mse: 0.44±0.01 Test mse: 0.46±0.02 Train M1 ECE: 12.26±5.97 Train M2 ECE: 24.04±6.66 Test M1 ECE: 18.91±6.79 Test M2 ECE: 32.02±8.12
INFO - 08/31/24 18:52:03 - 0:00:00 - batch_size: 128
                                     data_nums: 1,2,3,4,5,6,7,8,9,10
                                     dataset: MVSA
                                     device: cuda:0
                                     epochs: 100
                                     gpu: 0
                                     lr: 0.001
                                     model: KNet
                                     n_nodes: 128
                                     name: MVSA_Single_emc
                                     nlayers: 1
                                     noise: 0,5,10
                                     output_dir: ../emc_data
                                     path: ./../emc_data/MVSA
                                     seed: 42
                                     top_k_logits: 200
INFO - 08/31/24 18:52:03 - 0:00:00 - ./../emc_data/MVSA train
INFO - 08/31/24 18:52:03 - 0:00:00 - Trian data: torch.Size([2, 518, 3])
INFO - 08/31/24 18:52:07 - 0:00:04 - Trian data: torch.Size([2, 2073, 3])
INFO - 08/31/24 18:52:20 - 0:00:17 - Trian data: torch.Size([2, 2073, 3])
INFO - 08/31/24 18:52:33 - 0:00:30 - ./../emc_data/MVSA train
                                     noise_0 : M1: 95.30±4.49 M2: 96.92±2.03 Min: 92.42±5.76 Max: 99.79±0.26 M: 99.06±0.90 Train mse: 0.44±0.00 Test mse: 0.31±0.03 Train M1 ECE: 17.11±3.21 Train M2 ECE: 14.22±3.48 Test M1 ECE: 1.87±1.55 Test M2 ECE: 7.93±3.31
                                     noise_5 : M1: 85.73±3.95 M2: 65.13±1.87 Min: 55.37±3.44 Max: 95.49±1.90 M: 90.42±2.45 Train mse: 0.38±0.02 Test mse: 0.35±0.02 Train M1 ECE: 9.23±2.18 Train M2 ECE: 18.07±6.18 Test M1 ECE: 6.28±1.84 Test M2 ECE: 15.60±5.65
                                     noise_10: M1: 74.96±7.02 M2: 60.19±2.29 Min: 43.31±4.07 Max: 91.85±4.34 M: 84.13±3.11 Train mse: 0.38±0.02 Test mse: 0.35±0.02 Train M1 ECE: 12.26±5.97 Train M2 ECE: 24.04±6.66 Test M1 ECE: 10.81±5.53 Test M2 ECE: 22.42±5.60
INFO - 08/31/24 18:52:33 - 0:00:30 - ./../emc_data/MVSA dev
INFO - 08/31/24 18:52:33 - 0:00:30 - Trian data: torch.Size([2, 518, 3])
INFO - 08/31/24 18:52:33 - 0:00:30 - Trian data: torch.Size([2, 2073, 3])
INFO - 08/31/24 18:52:33 - 0:00:30 - Trian data: torch.Size([2, 2073, 3])
INFO - 08/31/24 18:52:33 - 0:00:30 - ./../emc_data/MVSA dev
                                     noise_0 : M1: 72.72±1.53 M2: 64.11±1.09 Min: 51.04±1.67 Max: 85.79±0.89 M: 76.22±1.67 Train mse: 0.44±0.00 Test mse: 0.44±0.00 Train M1 ECE: 17.11±3.21 Train M2 ECE: 14.22±3.48 Test M1 ECE: 17.11±3.21 Test M2 ECE: 14.22±3.48
                                     noise_5 : M1: 70.79±1.61 M2: 46.12±1.03 Min: 34.11±1.17 Max: 82.80±1.39 M: 73.34±1.42 Train mse: 0.38±0.02 Test mse: 0.45±0.01 Train M1 ECE: 9.23±2.18 Train M2 ECE: 18.07±6.18 Test M1 ECE: 18.57±3.24 Test M2 ECE: 27.85±6.66
                                     noise_10: M1: 61.85±6.45 M2: 42.08±1.42 Min: 25.85±2.85 Max: 78.09±4.26 M: 64.46±3.68 Train mse: 0.38±0.02 Test mse: 0.45±0.01 Train M1 ECE: 12.26±5.97 Train M2 ECE: 24.04±6.66 Test M1 ECE: 20.47±5.85 Test M2 ECE: 32.41±7.64
INFO - 08/31/24 18:52:33 - 0:00:30 - ./../emc_data/MVSA test
INFO - 08/31/24 18:52:33 - 0:00:30 - Trian data: torch.Size([2, 518, 3])
INFO - 08/31/24 18:52:33 - 0:00:30 - Trian data: torch.Size([2, 2073, 3])
INFO - 08/31/24 18:52:33 - 0:00:30 - Trian data: torch.Size([2, 2073, 3])
INFO - 08/31/24 18:52:33 - 0:00:30 - ./../emc_data/MVSA test
                                     noise_0 : M1: 76.22±1.18 M2: 63.33±1.64 Min: 51.33±1.35 Max: 88.23±1.07 M: 79.48±1.38 Train mse: 0.44±0.00 Test mse: 0.43±0.00 Train M1 ECE: 17.11±3.21 Train M2 ECE: 14.22±3.48 Test M1 ECE: 14.59±4.30 Test M2 ECE: 14.46±3.87
                                     noise_5 : M1: 71.25±1.54 M2: 47.48±1.73 Min: 33.80±2.12 Max: 84.93±1.11 M: 74.55±1.89 Train mse: 0.38±0.02 Test mse: 0.45±0.01 Train M1 ECE: 9.23±2.18 Train M2 ECE: 18.07±6.18 Test M1 ECE: 18.20±4.55 Test M2 ECE: 26.52±5.77
                                     noise_10: M1: 64.05±4.32 M2: 42.25±2.99 Min: 25.68±2.69 Max: 80.62±3.13 M: 67.48±1.62 Train mse: 0.38±0.02 Test mse: 0.44±0.02 Train M1 ECE: 12.26±5.97 Train M2 ECE: 24.04±6.66 Test M1 ECE: 18.91±6.79 Test M2 ECE: 32.02±8.12
INFO - 09/01/24 16:06:53 - 0:00:00 - batch_size: 128
                                     data_nums: 1,2,3,4,5,6,7,8,9,10
                                     dataset: MVSA
                                     device: cuda:0
                                     epochs: 100
                                     gpu: 0
                                     lr: 0.001
                                     model: KNet
                                     n_nodes: 128
                                     name: MVSA_Single_emc
                                     nlayers: 1
                                     noise: 0,5,10
                                     output_dir: ../emc_data
                                     path: ./../emc_data/MVSA
                                     seed: 42
                                     top_k_logits: 200
INFO - 09/01/24 16:06:53 - 0:00:00 - ./../emc_data/MVSA train
INFO - 09/01/24 16:06:53 - 0:00:00 - Trian data: torch.Size([2, 518, 3])
INFO - 09/01/24 16:06:58 - 0:00:05 - Trian data: torch.Size([2, 2073, 3])
INFO - 09/01/24 16:07:14 - 0:00:20 - Trian data: torch.Size([2, 2073, 3])
INFO - 09/01/24 16:07:28 - 0:00:35 - ./../emc_data/MVSA train
                                     noise_0 : M1: 95.30±4.49 M2: 96.92±2.03 Min: 92.42±5.76 Max: 99.79±0.26 M: 99.05±0.90 Train mse: 0.44±0.00 Test mse: 0.31±0.03 Train M1 ECE: 17.11±3.21 Train M2 ECE: 14.22±3.48 Test M1 ECE: 1.87±1.55 Test M2 ECE: 7.93±3.31
                                     noise_5 : M1: 85.73±3.95 M2: 65.13±1.87 Min: 55.37±3.44 Max: 95.49±1.90 M: 90.34±2.47 Train mse: 0.38±0.02 Test mse: 0.36±0.02 Train M1 ECE: 9.23±2.18 Train M2 ECE: 18.07±6.18 Test M1 ECE: 6.28±1.84 Test M2 ECE: 15.60±5.65
                                     noise_10: M1: 74.96±7.02 M2: 60.19±2.29 Min: 43.31±4.07 Max: 91.85±4.34 M: 83.91±3.16 Train mse: 0.38±0.02 Test mse: 0.35±0.02 Train M1 ECE: 12.26±5.97 Train M2 ECE: 24.04±6.66 Test M1 ECE: 10.81±5.53 Test M2 ECE: 22.42±5.60
INFO - 09/01/24 16:07:28 - 0:00:35 - ./../emc_data/MVSA dev
INFO - 09/01/24 16:07:28 - 0:00:35 - Trian data: torch.Size([2, 518, 3])
INFO - 09/01/24 16:07:28 - 0:00:35 - Trian data: torch.Size([2, 2073, 3])
INFO - 09/01/24 16:07:28 - 0:00:35 - Trian data: torch.Size([2, 2073, 3])
INFO - 09/01/24 16:07:28 - 0:00:35 - ./../emc_data/MVSA dev
                                     noise_0 : M1: 72.72±1.53 M2: 64.11±1.09 Min: 51.04±1.67 Max: 85.79±0.89 M: 76.18±1.50 Train mse: 0.44±0.00 Test mse: 0.44±0.00 Train M1 ECE: 17.11±3.21 Train M2 ECE: 14.22±3.48 Test M1 ECE: 17.11±3.21 Test M2 ECE: 14.22±3.48
                                     noise_5 : M1: 70.79±1.61 M2: 46.12±1.03 Min: 34.11±1.17 Max: 82.80±1.39 M: 73.40±1.48 Train mse: 0.38±0.02 Test mse: 0.45±0.01 Train M1 ECE: 9.23±2.18 Train M2 ECE: 18.07±6.18 Test M1 ECE: 18.57±3.24 Test M2 ECE: 27.85±6.66
                                     noise_10: M1: 61.85±6.45 M2: 42.08±1.42 Min: 25.85±2.85 Max: 78.09±4.26 M: 64.46±3.79 Train mse: 0.38±0.02 Test mse: 0.45±0.01 Train M1 ECE: 12.26±5.97 Train M2 ECE: 24.04±6.66 Test M1 ECE: 20.47±5.85 Test M2 ECE: 32.41±7.64
INFO - 09/01/24 16:07:28 - 0:00:35 - ./../emc_data/MVSA test
INFO - 09/01/24 16:07:28 - 0:00:35 - Trian data: torch.Size([2, 518, 3])
INFO - 09/01/24 16:07:29 - 0:00:35 - Trian data: torch.Size([2, 2073, 3])
INFO - 09/01/24 16:07:29 - 0:00:35 - Trian data: torch.Size([2, 2073, 3])
INFO - 09/01/24 16:07:29 - 0:00:35 - ./../emc_data/MVSA test
                                     noise_0 : M1: 76.22±1.18 M2: 63.33±1.64 Min: 51.33±1.35 Max: 88.23±1.07 M: 79.46±1.41 Train mse: 0.44±0.00 Test mse: 0.43±0.00 Train M1 ECE: 17.11±3.21 Train M2 ECE: 14.22±3.48 Test M1 ECE: 14.59±4.30 Test M2 ECE: 14.46±3.87
                                     noise_5 : M1: 71.25±1.54 M2: 47.48±1.73 Min: 33.80±2.12 Max: 84.93±1.11 M: 74.51±1.85 Train mse: 0.38±0.02 Test mse: 0.45±0.01 Train M1 ECE: 9.23±2.18 Train M2 ECE: 18.07±6.18 Test M1 ECE: 18.20±4.55 Test M2 ECE: 26.52±5.77
                                     noise_10: M1: 64.05±4.32 M2: 42.25±2.99 Min: 25.68±2.69 Max: 80.62±3.13 M: 67.44±1.53 Train mse: 0.38±0.02 Test mse: 0.44±0.02 Train M1 ECE: 12.26±5.97 Train M2 ECE: 24.04±6.66 Test M1 ECE: 18.91±6.79 Test M2 ECE: 32.02±8.12
INFO - 09/01/24 16:07:50 - 0:00:00 - batch_size: 128
                                     data_nums: 1,2,3,4,5,6,7,8,9,10
                                     dataset: MVSA
                                     device: cuda:0
                                     epochs: 100
                                     gpu: 0
                                     lr: 0.001
                                     model: KNet
                                     n_nodes: 128
                                     name: MVSA_Single_emc
                                     nlayers: 1
                                     noise: 0,5,10
                                     output_dir: ../emc_data
                                     path: ./../emc_data/MVSA
                                     seed: 42
                                     top_k_logits: 200
INFO - 09/01/24 16:07:50 - 0:00:00 - ./../emc_data/MVSA train
INFO - 09/01/24 16:07:50 - 0:00:00 - Trian data: torch.Size([2, 518, 3])
INFO - 09/01/24 16:07:54 - 0:00:04 - Trian data: torch.Size([2, 2073, 3])
INFO - 09/01/24 16:08:08 - 0:00:18 - Trian data: torch.Size([2, 2073, 3])
INFO - 09/01/24 16:08:21 - 0:00:31 - ./../emc_data/MVSA train
                                     noise_0 : M1: 95.30±4.49 M2: 96.92±2.03 Min: 92.42±5.76 Max: 99.79±0.26 M: 99.06±0.90 Train mse: 0.44±0.00 Test mse: 0.31±0.03 Train M1 ECE: 17.11±3.21 Train M2 ECE: 14.22±3.48 Test M1 ECE: 1.87±1.55 Test M2 ECE: 7.93±3.31
                                     noise_5 : M1: 85.73±3.95 M2: 65.13±1.87 Min: 55.37±3.44 Max: 95.49±1.90 M: 90.42±2.45 Train mse: 0.38±0.02 Test mse: 0.35±0.02 Train M1 ECE: 9.23±2.18 Train M2 ECE: 18.07±6.18 Test M1 ECE: 6.28±1.84 Test M2 ECE: 15.60±5.65
                                     noise_10: M1: 74.96±7.02 M2: 60.19±2.29 Min: 43.31±4.07 Max: 91.85±4.34 M: 84.13±3.11 Train mse: 0.38±0.02 Test mse: 0.35±0.02 Train M1 ECE: 12.26±5.97 Train M2 ECE: 24.04±6.66 Test M1 ECE: 10.81±5.53 Test M2 ECE: 22.42±5.60
INFO - 09/01/24 16:08:21 - 0:00:31 - ./../emc_data/MVSA dev
INFO - 09/01/24 16:08:21 - 0:00:31 - Trian data: torch.Size([2, 518, 3])
INFO - 09/01/24 16:08:21 - 0:00:31 - Trian data: torch.Size([2, 2073, 3])
INFO - 09/01/24 16:08:21 - 0:00:31 - Trian data: torch.Size([2, 2073, 3])
INFO - 09/01/24 16:08:21 - 0:00:31 - ./../emc_data/MVSA dev
                                     noise_0 : M1: 72.72±1.53 M2: 64.11±1.09 Min: 51.04±1.67 Max: 85.79±0.89 M: 76.22±1.67 Train mse: 0.44±0.00 Test mse: 0.44±0.00 Train M1 ECE: 17.11±3.21 Train M2 ECE: 14.22±3.48 Test M1 ECE: 17.11±3.21 Test M2 ECE: 14.22±3.48
                                     noise_5 : M1: 70.79±1.61 M2: 46.12±1.03 Min: 34.11±1.17 Max: 82.80±1.39 M: 73.34±1.42 Train mse: 0.38±0.02 Test mse: 0.45±0.01 Train M1 ECE: 9.23±2.18 Train M2 ECE: 18.07±6.18 Test M1 ECE: 18.57±3.24 Test M2 ECE: 27.85±6.66
                                     noise_10: M1: 61.85±6.45 M2: 42.08±1.42 Min: 25.85±2.85 Max: 78.09±4.26 M: 64.46±3.68 Train mse: 0.38±0.02 Test mse: 0.45±0.01 Train M1 ECE: 12.26±5.97 Train M2 ECE: 24.04±6.66 Test M1 ECE: 20.47±5.85 Test M2 ECE: 32.41±7.64
INFO - 09/01/24 16:08:21 - 0:00:31 - ./../emc_data/MVSA test
INFO - 09/01/24 16:08:21 - 0:00:31 - Trian data: torch.Size([2, 518, 3])
INFO - 09/01/24 16:08:21 - 0:00:31 - Trian data: torch.Size([2, 2073, 3])
INFO - 09/01/24 16:08:21 - 0:00:31 - Trian data: torch.Size([2, 2073, 3])
INFO - 09/01/24 16:08:21 - 0:00:31 - ./../emc_data/MVSA test
                                     noise_0 : M1: 76.22±1.18 M2: 63.33±1.64 Min: 51.33±1.35 Max: 88.23±1.07 M: 79.48±1.38 Train mse: 0.44±0.00 Test mse: 0.43±0.00 Train M1 ECE: 17.11±3.21 Train M2 ECE: 14.22±3.48 Test M1 ECE: 14.59±4.30 Test M2 ECE: 14.46±3.87
                                     noise_5 : M1: 71.25±1.54 M2: 47.48±1.73 Min: 33.80±2.12 Max: 84.93±1.11 M: 74.55±1.89 Train mse: 0.38±0.02 Test mse: 0.45±0.01 Train M1 ECE: 9.23±2.18 Train M2 ECE: 18.07±6.18 Test M1 ECE: 18.20±4.55 Test M2 ECE: 26.52±5.77
                                     noise_10: M1: 64.05±4.32 M2: 42.25±2.99 Min: 25.68±2.69 Max: 80.62±3.13 M: 67.48±1.62 Train mse: 0.38±0.02 Test mse: 0.44±0.02 Train M1 ECE: 12.26±5.97 Train M2 ECE: 24.04±6.66 Test M1 ECE: 18.91±6.79 Test M2 ECE: 32.02±8.12
INFO - 09/01/24 16:09:48 - 0:00:00 - batch_size: 128
                                     data_nums: 1,2,3,4,5,6,7,8,9,10
                                     dataset: MVSA
                                     device: cuda:0
                                     epochs: 100
                                     gpu: 0
                                     lr: 0.001
                                     model: KNet
                                     n_nodes: 128
                                     name: MVSA_Single_emc
                                     nlayers: 1
                                     noise: 0,5,10
                                     output_dir: ../emc_data
                                     path: ./../emc_data/MVSA
                                     seed: 42
                                     top_k_logits: 200
INFO - 09/01/24 16:09:48 - 0:00:00 - ./../emc_data/MVSA train
INFO - 09/01/24 16:09:48 - 0:00:00 - Trian data: torch.Size([2, 2073, 3])
INFO - 09/01/24 16:10:01 - 0:00:13 - Trian data: torch.Size([2, 2073, 3])
INFO - 09/01/24 16:10:14 - 0:00:26 - Trian data: torch.Size([2, 2073, 3])
INFO - 09/01/24 16:10:26 - 0:00:38 - ./../emc_data/MVSA train
                                     noise_0 : M1: 95.30±4.49 M2: 96.92±2.03 Min: 92.42±5.76 Max: 99.79±0.26 M: 99.11±0.84 Train mse: 0.29±0.03 Test mse: 0.19±0.05 Train M1 ECE: 3.84±1.11 Train M2 ECE: 4.03±1.91 Test M1 ECE: 1.87±1.55 Test M2 ECE: 7.93±3.31
                                     noise_5 : M1: 85.73±3.95 M2: 65.13±1.87 Min: 55.37±3.44 Max: 95.49±1.90 M: 90.42±2.45 Train mse: 0.38±0.02 Test mse: 0.35±0.02 Train M1 ECE: 9.23±2.18 Train M2 ECE: 18.07±6.18 Test M1 ECE: 6.28±1.84 Test M2 ECE: 15.60±5.65
                                     noise_10: M1: 74.96±7.02 M2: 60.19±2.29 Min: 43.31±4.07 Max: 91.85±4.34 M: 84.13±3.12 Train mse: 0.38±0.01 Test mse: 0.35±0.02 Train M1 ECE: 12.26±5.97 Train M2 ECE: 24.04±6.66 Test M1 ECE: 10.81±5.53 Test M2 ECE: 22.42±5.60
INFO - 09/01/24 16:10:26 - 0:00:38 - ./../emc_data/MVSA dev
INFO - 09/01/24 16:10:26 - 0:00:38 - Trian data: torch.Size([2, 2073, 3])
INFO - 09/01/24 16:10:26 - 0:00:38 - Trian data: torch.Size([2, 2073, 3])
INFO - 09/01/24 16:10:26 - 0:00:38 - Trian data: torch.Size([2, 2073, 3])
INFO - 09/01/24 16:10:26 - 0:00:38 - ./../emc_data/MVSA dev
                                     noise_0 : M1: 72.72±1.53 M2: 64.11±1.09 Min: 51.04±1.67 Max: 85.79±0.89 M: 76.24±1.67 Train mse: 0.29±0.03 Test mse: 0.46±0.01 Train M1 ECE: 3.84±1.11 Train M2 ECE: 4.03±1.91 Test M1 ECE: 17.11±3.21 Test M2 ECE: 14.22±3.48
                                     noise_5 : M1: 70.79±1.61 M2: 46.12±1.03 Min: 34.11±1.17 Max: 82.80±1.39 M: 73.28±1.40 Train mse: 0.38±0.02 Test mse: 0.45±0.01 Train M1 ECE: 9.23±2.18 Train M2 ECE: 18.07±6.18 Test M1 ECE: 18.57±3.24 Test M2 ECE: 27.85±6.66
                                     noise_10: M1: 61.85±6.45 M2: 42.08±1.42 Min: 25.85±2.85 Max: 78.09±4.26 M: 64.38±3.72 Train mse: 0.38±0.01 Test mse: 0.45±0.01 Train M1 ECE: 12.26±5.97 Train M2 ECE: 24.04±6.66 Test M1 ECE: 20.47±5.85 Test M2 ECE: 32.41±7.64
INFO - 09/01/24 16:10:26 - 0:00:38 - ./../emc_data/MVSA test
INFO - 09/01/24 16:10:26 - 0:00:38 - Trian data: torch.Size([2, 2073, 3])
INFO - 09/01/24 16:10:27 - 0:00:38 - Trian data: torch.Size([2, 2073, 3])
INFO - 09/01/24 16:10:27 - 0:00:38 - Trian data: torch.Size([2, 2073, 3])
INFO - 09/01/24 16:10:27 - 0:00:38 - ./../emc_data/MVSA test
                                     noise_0 : M1: 76.22±1.18 M2: 63.33±1.64 Min: 51.33±1.35 Max: 88.23±1.07 M: 79.50±1.43 Train mse: 0.29±0.03 Test mse: 0.46±0.01 Train M1 ECE: 3.84±1.11 Train M2 ECE: 4.03±1.91 Test M1 ECE: 14.59±4.30 Test M2 ECE: 14.46±3.87
                                     noise_5 : M1: 71.25±1.54 M2: 47.48±1.73 Min: 33.80±2.12 Max: 84.93±1.11 M: 74.55±1.88 Train mse: 0.38±0.02 Test mse: 0.45±0.01 Train M1 ECE: 9.23±2.18 Train M2 ECE: 18.07±6.18 Test M1 ECE: 18.20±4.55 Test M2 ECE: 26.52±5.77
                                     noise_10: M1: 64.05±4.32 M2: 42.25±2.99 Min: 25.68±2.69 Max: 80.62±3.13 M: 67.51±1.61 Train mse: 0.38±0.01 Test mse: 0.44±0.02 Train M1 ECE: 12.26±5.97 Train M2 ECE: 24.04±6.66 Test M1 ECE: 18.91±6.79 Test M2 ECE: 32.02±8.12
INFO - 09/01/24 16:11:05 - 0:00:00 - batch_size: 128
                                     data_nums: 1,2,3,4,5,6,7,8,9,10
                                     dataset: MVSA
                                     device: cuda:0
                                     epochs: 50
                                     gpu: 0
                                     lr: 0.001
                                     model: KNet
                                     n_nodes: 128
                                     name: MVSA_Single_emc
                                     nlayers: 1
                                     noise: 0,5,10
                                     output_dir: ../emc_data
                                     path: ./../emc_data/MVSA
                                     seed: 42
                                     top_k_logits: 200
INFO - 09/01/24 16:11:05 - 0:00:00 - ./../emc_data/MVSA train
INFO - 09/01/24 16:11:05 - 0:00:00 - Trian data: torch.Size([2, 518, 3])
INFO - 09/01/24 16:11:07 - 0:00:03 - Trian data: torch.Size([2, 2073, 3])
INFO - 09/01/24 16:11:14 - 0:00:09 - Trian data: torch.Size([2, 2073, 3])
INFO - 09/01/24 16:11:20 - 0:00:15 - ./../emc_data/MVSA train
                                     noise_0 : M1: 95.30±4.49 M2: 96.92±2.03 Min: 92.42±5.76 Max: 99.79±0.26 M: 99.05±0.93 Train mse: 0.44±0.00 Test mse: 0.32±0.02 Train M1 ECE: 17.11±3.21 Train M2 ECE: 14.22±3.48 Test M1 ECE: 1.87±1.55 Test M2 ECE: 7.93±3.31
                                     noise_5 : M1: 85.73±3.95 M2: 65.13±1.87 Min: 55.37±3.44 Max: 95.49±1.90 M: 90.33±2.53 Train mse: 0.38±0.02 Test mse: 0.36±0.02 Train M1 ECE: 9.23±2.18 Train M2 ECE: 18.07±6.18 Test M1 ECE: 6.28±1.84 Test M2 ECE: 15.60±5.65
                                     noise_10: M1: 74.96±7.02 M2: 60.19±2.29 Min: 43.31±4.07 Max: 91.85±4.34 M: 83.99±3.10 Train mse: 0.38±0.01 Test mse: 0.36±0.02 Train M1 ECE: 12.26±5.97 Train M2 ECE: 24.04±6.66 Test M1 ECE: 10.81±5.53 Test M2 ECE: 22.42±5.60
INFO - 09/01/24 16:11:20 - 0:00:15 - ./../emc_data/MVSA dev
INFO - 09/01/24 16:11:20 - 0:00:15 - Trian data: torch.Size([2, 518, 3])
INFO - 09/01/24 16:11:20 - 0:00:15 - Trian data: torch.Size([2, 2073, 3])
INFO - 09/01/24 16:11:20 - 0:00:15 - Trian data: torch.Size([2, 2073, 3])
INFO - 09/01/24 16:11:20 - 0:00:16 - ./../emc_data/MVSA dev
                                     noise_0 : M1: 72.72±1.53 M2: 64.11±1.09 Min: 51.04±1.67 Max: 85.79±0.89 M: 76.24±1.64 Train mse: 0.44±0.00 Test mse: 0.44±0.00 Train M1 ECE: 17.11±3.21 Train M2 ECE: 14.22±3.48 Test M1 ECE: 17.11±3.21 Test M2 ECE: 14.22±3.48
                                     noise_5 : M1: 70.79±1.61 M2: 46.12±1.03 Min: 34.11±1.17 Max: 82.80±1.39 M: 73.24±1.48 Train mse: 0.38±0.02 Test mse: 0.45±0.01 Train M1 ECE: 9.23±2.18 Train M2 ECE: 18.07±6.18 Test M1 ECE: 18.57±3.24 Test M2 ECE: 27.85±6.66
                                     noise_10: M1: 61.85±6.45 M2: 42.08±1.42 Min: 25.85±2.85 Max: 78.09±4.26 M: 64.36±3.70 Train mse: 0.38±0.01 Test mse: 0.45±0.01 Train M1 ECE: 12.26±5.97 Train M2 ECE: 24.04±6.66 Test M1 ECE: 20.47±5.85 Test M2 ECE: 32.41±7.64
INFO - 09/01/24 16:11:20 - 0:00:16 - ./../emc_data/MVSA test
INFO - 09/01/24 16:11:20 - 0:00:16 - Trian data: torch.Size([2, 518, 3])
INFO - 09/01/24 16:11:20 - 0:00:16 - Trian data: torch.Size([2, 2073, 3])
INFO - 09/01/24 16:11:20 - 0:00:16 - Trian data: torch.Size([2, 2073, 3])
INFO - 09/01/24 16:11:20 - 0:00:16 - ./../emc_data/MVSA test
                                     noise_0 : M1: 76.22±1.18 M2: 63.33±1.64 Min: 51.33±1.35 Max: 88.23±1.07 M: 79.34±1.21 Train mse: 0.44±0.00 Test mse: 0.44±0.01 Train M1 ECE: 17.11±3.21 Train M2 ECE: 14.22±3.48 Test M1 ECE: 14.59±4.30 Test M2 ECE: 14.46±3.87
                                     noise_5 : M1: 71.25±1.54 M2: 47.48±1.73 Min: 33.80±2.12 Max: 84.93±1.11 M: 74.55±1.89 Train mse: 0.38±0.02 Test mse: 0.45±0.01 Train M1 ECE: 9.23±2.18 Train M2 ECE: 18.07±6.18 Test M1 ECE: 18.20±4.55 Test M2 ECE: 26.52±5.77
                                     noise_10: M1: 64.05±4.32 M2: 42.25±2.99 Min: 25.68±2.69 Max: 80.62±3.13 M: 67.51±1.72 Train mse: 0.38±0.01 Test mse: 0.44±0.02 Train M1 ECE: 12.26±5.97 Train M2 ECE: 24.04±6.66 Test M1 ECE: 18.91±6.79 Test M2 ECE: 32.02±8.12
INFO - 09/03/24 14:54:11 - 0:00:00 - batch_size: 128
                                     data_nums: 1,2,3,4,5,6,7,8,9,10
                                     dataset: MVSA
                                     device: cuda:0
                                     epochs: 100
                                     gpu: 0
                                     lr: 0.001
                                     model: KNet
                                     n_nodes: 128
                                     name: MVSA_Single_emc
                                     nlayers: 1
                                     noise: 0,5,10
                                     output_dir: ../emc_data
                                     path: ./../emc_data/MVSA
                                     seed: 42
                                     top_k_logits: 200
INFO - 09/03/24 14:54:11 - 0:00:00 - ./../emc_data/MVSA train
INFO - 09/03/24 14:54:11 - 0:00:00 - Trian data: torch.Size([2, 2073, 3])
INFO - 09/03/24 14:54:31 - 0:00:21 - Trian data: torch.Size([2, 2073, 3])
INFO - 09/03/24 14:54:59 - 0:00:48 - Trian data: torch.Size([2, 2073, 3])
INFO - 09/03/24 14:55:30 - 0:01:19 - ./../emc_data/MVSA train
                                     noise_0 : M1: 95.30±4.49 M2: 96.92±2.03 Min: 92.42±5.76 Max: 99.79±0.26 M: 99.12±0.84 Train mse: 0.29±0.03 Test mse: 0.19±0.05 Train M1 ECE: 3.84±1.11 Train M2 ECE: 4.03±1.91 Test M1 ECE: 1.87±1.55 Test M2 ECE: 7.93±3.31
                                     noise_5 : M1: 85.73±3.95 M2: 65.13±1.87 Min: 55.37±3.44 Max: 95.49±1.90 M: 90.41±2.46 Train mse: 0.38±0.02 Test mse: 0.35±0.02 Train M1 ECE: 9.23±2.18 Train M2 ECE: 18.07±6.18 Test M1 ECE: 6.28±1.84 Test M2 ECE: 15.60±5.65
                                     noise_10: M1: 74.96±7.02 M2: 60.19±2.29 Min: 43.31±4.07 Max: 91.85±4.34 M: 84.15±3.13 Train mse: 0.38±0.01 Test mse: 0.35±0.02 Train M1 ECE: 12.26±5.97 Train M2 ECE: 24.04±6.66 Test M1 ECE: 10.81±5.53 Test M2 ECE: 22.42±5.60
INFO - 09/03/24 14:55:30 - 0:01:19 - ./../emc_data/MVSA dev
INFO - 09/03/24 14:55:30 - 0:01:19 - Trian data: torch.Size([2, 2073, 3])
INFO - 09/03/24 14:55:30 - 0:01:19 - Trian data: torch.Size([2, 2073, 3])
INFO - 09/03/24 14:55:30 - 0:01:19 - Trian data: torch.Size([2, 2073, 3])
INFO - 09/03/24 14:55:30 - 0:01:19 - ./../emc_data/MVSA dev
                                     noise_0 : M1: 72.72±1.53 M2: 64.11±1.09 Min: 51.04±1.67 Max: 85.79±0.89 M: 76.25±1.62 Train mse: 0.29±0.03 Test mse: 0.46±0.01 Train M1 ECE: 3.84±1.11 Train M2 ECE: 4.03±1.91 Test M1 ECE: 17.11±3.21 Test M2 ECE: 14.22±3.48
                                     noise_5 : M1: 70.79±1.61 M2: 46.12±1.03 Min: 34.11±1.17 Max: 82.80±1.39 M: 73.30±1.39 Train mse: 0.38±0.02 Test mse: 0.45±0.01 Train M1 ECE: 9.23±2.18 Train M2 ECE: 18.07±6.18 Test M1 ECE: 18.57±3.24 Test M2 ECE: 27.85±6.66
                                     noise_10: M1: 61.85±6.45 M2: 42.08±1.42 Min: 25.85±2.85 Max: 78.09±4.26 M: 64.40±3.70 Train mse: 0.38±0.01 Test mse: 0.45±0.01 Train M1 ECE: 12.26±5.97 Train M2 ECE: 24.04±6.66 Test M1 ECE: 20.47±5.85 Test M2 ECE: 32.41±7.64
INFO - 09/03/24 14:55:30 - 0:01:19 - ./../emc_data/MVSA test
INFO - 09/03/24 14:55:30 - 0:01:19 - Trian data: torch.Size([2, 2073, 3])
INFO - 09/03/24 14:55:30 - 0:01:19 - Trian data: torch.Size([2, 2073, 3])
INFO - 09/03/24 14:55:30 - 0:01:19 - Trian data: torch.Size([2, 2073, 3])
INFO - 09/03/24 14:55:30 - 0:01:19 - ./../emc_data/MVSA test
                                     noise_0 : M1: 76.22±1.18 M2: 63.33±1.64 Min: 51.33±1.35 Max: 88.23±1.07 M: 79.52±1.40 Train mse: 0.29±0.03 Test mse: 0.46±0.01 Train M1 ECE: 3.84±1.11 Train M2 ECE: 4.03±1.91 Test M1 ECE: 14.59±4.30 Test M2 ECE: 14.46±3.87
                                     noise_5 : M1: 71.25±1.54 M2: 47.48±1.73 Min: 33.80±2.12 Max: 84.93±1.11 M: 74.55±1.90 Train mse: 0.38±0.02 Test mse: 0.45±0.01 Train M1 ECE: 9.23±2.18 Train M2 ECE: 18.07±6.18 Test M1 ECE: 18.20±4.55 Test M2 ECE: 26.52±5.77
                                     noise_10: M1: 64.05±4.32 M2: 42.25±2.99 Min: 25.68±2.69 Max: 80.62±3.13 M: 67.48±1.63 Train mse: 0.38±0.01 Test mse: 0.44±0.02 Train M1 ECE: 12.26±5.97 Train M2 ECE: 24.04±6.66 Test M1 ECE: 18.91±6.79 Test M2 ECE: 32.02±8.12
INFO - 09/04/24 14:21:47 - 0:00:00 - batch_size: 128
                                     data_nums: 1,2,3,4,5,6,7,8,9,10
                                     dataset: MVSA
                                     device: cuda:0
                                     epochs: 100
                                     gpu: 0
                                     lr: 0.001
                                     model: KNet
                                     n_nodes: 128
                                     name: MVSA_Single_emc
                                     nlayers: 1
                                     noise: 0,5,10
                                     output_dir: ../emc_data
                                     path: ./../emc_data/MVSA
                                     seed: 42
                                     top_k_logits: 200
INFO - 09/04/24 14:21:47 - 0:00:00 - ./../emc_data/MVSA train
INFO - 09/04/24 14:21:47 - 0:00:00 - Trian data: torch.Size([2, 2073, 3])
INFO - 09/04/24 14:22:18 - 0:00:31 - Trian data: torch.Size([2, 2073, 3])
INFO - 09/04/24 14:22:49 - 0:01:02 - Trian data: torch.Size([2, 2073, 3])
INFO - 09/04/24 14:23:20 - 0:01:33 - ./../emc_data/MVSA train
                                     noise_0 : M1: 95.30±4.49 M2: 96.92±2.03 Min: 92.42±5.76 Max: 99.79±0.26 M: 99.09±0.87 Train mse: 0.28±0.03 Test mse: 0.18±0.06 Train M1 ECE: 3.84±1.11 Train M2 ECE: 4.03±1.91 Test M1 ECE: 1.87±1.55 Test M2 ECE: 7.93±3.31
                                     noise_5 : M1: 85.73±3.95 M2: 65.13±1.87 Min: 55.37±3.44 Max: 95.49±1.90 M: 90.30±2.42 Train mse: 0.38±0.02 Test mse: 0.35±0.02 Train M1 ECE: 9.23±2.18 Train M2 ECE: 18.07±6.18 Test M1 ECE: 6.28±1.84 Test M2 ECE: 15.60±5.65
                                     noise_10: M1: 74.96±7.02 M2: 60.19±2.29 Min: 43.31±4.07 Max: 91.85±4.34 M: 84.02±3.19 Train mse: 0.38±0.02 Test mse: 0.35±0.02 Train M1 ECE: 12.26±5.97 Train M2 ECE: 24.04±6.66 Test M1 ECE: 10.81±5.53 Test M2 ECE: 22.42±5.60
INFO - 09/04/24 14:23:20 - 0:01:33 - ./../emc_data/MVSA dev
INFO - 09/04/24 14:23:20 - 0:01:33 - Trian data: torch.Size([2, 2073, 3])
INFO - 09/04/24 14:23:20 - 0:01:33 - Trian data: torch.Size([2, 2073, 3])
INFO - 09/04/24 14:23:20 - 0:01:33 - Trian data: torch.Size([2, 2073, 3])
INFO - 09/04/24 14:23:20 - 0:01:33 - ./../emc_data/MVSA dev
                                     noise_0 : M1: 72.72±1.53 M2: 64.11±1.09 Min: 51.04±1.67 Max: 85.79±0.89 M: 76.18±1.62 Train mse: 0.28±0.03 Test mse: 0.46±0.01 Train M1 ECE: 3.84±1.11 Train M2 ECE: 4.03±1.91 Test M1 ECE: 17.11±3.21 Test M2 ECE: 14.22±3.48
                                     noise_5 : M1: 70.79±1.61 M2: 46.12±1.03 Min: 34.11±1.17 Max: 82.80±1.39 M: 73.28±1.57 Train mse: 0.38±0.02 Test mse: 0.45±0.01 Train M1 ECE: 9.23±2.18 Train M2 ECE: 18.07±6.18 Test M1 ECE: 18.57±3.24 Test M2 ECE: 27.85±6.66
                                     noise_10: M1: 61.85±6.45 M2: 42.08±1.42 Min: 25.85±2.85 Max: 78.09±4.26 M: 64.44±3.71 Train mse: 0.38±0.02 Test mse: 0.45±0.01 Train M1 ECE: 12.26±5.97 Train M2 ECE: 24.04±6.66 Test M1 ECE: 20.47±5.85 Test M2 ECE: 32.41±7.64
INFO - 09/04/24 14:23:20 - 0:01:33 - ./../emc_data/MVSA test
INFO - 09/04/24 14:23:20 - 0:01:33 - Trian data: torch.Size([2, 2073, 3])
INFO - 09/04/24 14:23:20 - 0:01:33 - Trian data: torch.Size([2, 2073, 3])
INFO - 09/04/24 14:23:20 - 0:01:33 - Trian data: torch.Size([2, 2073, 3])
INFO - 09/04/24 14:23:20 - 0:01:34 - ./../emc_data/MVSA test
                                     noise_0 : M1: 76.22±1.18 M2: 63.33±1.64 Min: 51.33±1.35 Max: 88.23±1.07 M: 79.50±1.51 Train mse: 0.28±0.03 Test mse: 0.46±0.01 Train M1 ECE: 3.84±1.11 Train M2 ECE: 4.03±1.91 Test M1 ECE: 14.59±4.30 Test M2 ECE: 14.46±3.87
                                     noise_5 : M1: 71.25±1.54 M2: 47.48±1.73 Min: 33.80±2.12 Max: 84.93±1.11 M: 74.32±1.78 Train mse: 0.38±0.02 Test mse: 0.45±0.01 Train M1 ECE: 9.23±2.18 Train M2 ECE: 18.07±6.18 Test M1 ECE: 18.20±4.55 Test M2 ECE: 26.52±5.77
                                     noise_10: M1: 64.05±4.32 M2: 42.25±2.99 Min: 25.68±2.69 Max: 80.62±3.13 M: 67.50±1.49 Train mse: 0.38±0.02 Test mse: 0.44±0.02 Train M1 ECE: 12.26±5.97 Train M2 ECE: 24.04±6.66 Test M1 ECE: 18.91±6.79 Test M2 ECE: 32.02±8.12
INFO - 09/05/24 14:06:37 - 0:00:00 - batch_size: 128
                                     data_nums: 1,2,3,4,5,6,7,8,9,10
                                     dataset: MVSA
                                     device: cuda:0
                                     epochs: 100
                                     gpu: 0
                                     lr: 0.001
                                     model: KNet
                                     n_nodes: 128
                                     name: MVSA_Single_emc
                                     nlayers: 1
                                     noise: 0
                                     output_dir: ../emc_data
                                     path: ./../emc_data/MVSA
                                     seed: 42
                                     top_k_logits: 200
INFO - 09/05/24 14:06:37 - 0:00:00 - ./../emc_data/MVSA train
INFO - 09/05/24 14:06:37 - 0:00:00 - Trian data: torch.Size([2, 518, 3])
INFO - 09/05/24 14:06:41 - 0:00:04 - ./../emc_data/MVSA train
                                     noise_0 : M1: 95.30±4.49 M2: 96.92±2.03 Min: 92.42±5.76 Max: 99.79±0.26 M: 99.05±0.86 Train mse: 0.44±0.00 Test mse: 0.31±0.03 Train M1 ECE: 17.11±3.21 Train M2 ECE: 14.22±3.48 Test M1 ECE: 1.87±1.55 Test M2 ECE: 7.93±3.31
INFO - 09/05/24 14:06:41 - 0:00:04 - ./../emc_data/MVSA dev
INFO - 09/05/24 14:06:41 - 0:00:04 - Trian data: torch.Size([2, 518, 3])
INFO - 09/05/24 14:06:41 - 0:00:04 - ./../emc_data/MVSA dev
                                     noise_0 : M1: 72.72±1.53 M2: 64.11±1.09 Min: 51.04±1.67 Max: 85.79±0.89 M: 76.20±1.60 Train mse: 0.44±0.00 Test mse: 0.44±0.00 Train M1 ECE: 17.11±3.21 Train M2 ECE: 14.22±3.48 Test M1 ECE: 17.11±3.21 Test M2 ECE: 14.22±3.48
INFO - 09/05/24 14:06:41 - 0:00:04 - ./../emc_data/MVSA test
INFO - 09/05/24 14:06:41 - 0:00:04 - Trian data: torch.Size([2, 518, 3])
INFO - 09/05/24 14:06:41 - 0:00:04 - ./../emc_data/MVSA test
                                     noise_0 : M1: 76.22±1.18 M2: 63.33±1.64 Min: 51.33±1.35 Max: 88.23±1.07 M: 79.48±1.24 Train mse: 0.44±0.00 Test mse: 0.43±0.00 Train M1 ECE: 17.11±3.21 Train M2 ECE: 14.22±3.48 Test M1 ECE: 14.59±4.30 Test M2 ECE: 14.46±3.87
INFO - 09/05/24 15:24:26 - 0:00:00 - batch_size: 512
                                     data_nums: 1,2,3,4,5,6,7,8,9,10
                                     dataset: MVSA
                                     device: cuda:0
                                     epochs: 100
                                     gpu: 0
                                     lr: 5e-05
                                     model: Linear
                                     n_nodes: 100
                                     name: MVSA_Single_emc
                                     nlayers: 0
                                     noise: 0,5,10
                                     output_dir: ../emc_data
                                     path: ./../emc_data/MVSA
                                     seed: 42
                                     top_k_logits: 200
INFO - 09/05/24 15:24:26 - 0:00:00 - ./../emc_data/MVSA train
INFO - 09/05/24 15:24:26 - 0:00:00 - Trian data: torch.Size([2, 2073, 3])
INFO - 09/05/24 15:24:26 - 0:00:00 - Trian data: torch.Size([2, 2073, 3])
INFO - 09/05/24 15:24:26 - 0:00:00 - Trian data: torch.Size([2, 2073, 3])
INFO - 09/05/24 15:24:26 - 0:00:00 - ./../emc_data/MVSA train
                                     noise_0 : M1: 95.30±4.49 M2: 96.92±2.03 Min: 92.42±5.76 Max: 99.79±0.26 M: 99.09±0.89 Train mse: 0.29±0.03 Test mse: 0.19±0.06
                                     noise_5 : M1: 85.73±3.95 M2: 65.13±1.87 Min: 55.37±3.44 Max: 95.49±1.90 M: 89.73±2.82 Train mse: 0.40±0.02 Test mse: 0.37±0.02
                                     noise_10: M1: 74.96±7.02 M2: 60.19±2.29 Min: 43.31±4.07 Max: 91.85±4.34 M: 83.08±3.42 Train mse: 0.41±0.02 Test mse: 0.39±0.02
INFO - 09/05/24 15:24:26 - 0:00:00 - ./../emc_data/MVSA dev
INFO - 09/05/24 15:24:26 - 0:00:00 - Trian data: torch.Size([2, 2073, 3])
INFO - 09/05/24 15:24:26 - 0:00:00 - Trian data: torch.Size([2, 2073, 3])
INFO - 09/05/24 15:24:26 - 0:00:00 - Trian data: torch.Size([2, 2073, 3])
INFO - 09/05/24 15:24:26 - 0:00:00 - ./../emc_data/MVSA dev
                                     noise_0 : M1: 72.72±1.53 M2: 64.11±1.09 Min: 51.04±1.67 Max: 85.79±0.89 M: 76.20±1.35 Train mse: 0.29±0.03 Test mse: 0.47±0.00
                                     noise_5 : M1: 70.79±1.61 M2: 46.12±1.03 Min: 34.11±1.17 Max: 82.80±1.39 M: 72.74±1.96 Train mse: 0.40±0.02 Test mse: 0.46±0.01
                                     noise_10: M1: 61.85±6.45 M2: 42.08±1.42 Min: 25.85±2.85 Max: 78.09±4.26 M: 63.76±3.76 Train mse: 0.41±0.02 Test mse: 0.47±0.02
INFO - 09/05/24 15:24:26 - 0:00:00 - ./../emc_data/MVSA test
INFO - 09/05/24 15:24:26 - 0:00:00 - Trian data: torch.Size([2, 2073, 3])
INFO - 09/05/24 15:24:26 - 0:00:00 - Trian data: torch.Size([2, 2073, 3])
INFO - 09/05/24 15:24:26 - 0:00:00 - Trian data: torch.Size([2, 2073, 3])
INFO - 09/05/24 15:24:26 - 0:00:00 - ./../emc_data/MVSA test
                                     noise_0 : M1: 76.22±1.18 M2: 63.33±1.64 Min: 51.33±1.35 Max: 88.23±1.07 M: 79.46±1.53 Train mse: 0.29±0.03 Test mse: 0.46±0.01
                                     noise_5 : M1: 71.25±1.54 M2: 47.48±1.73 Min: 33.80±2.12 Max: 84.93±1.11 M: 73.99±1.58 Train mse: 0.40±0.02 Test mse: 0.45±0.01
                                     noise_10: M1: 64.05±4.32 M2: 42.25±2.99 Min: 25.68±2.69 Max: 80.62±3.13 M: 67.13±1.16 Train mse: 0.41±0.02 Test mse: 0.45±0.02
INFO - 09/05/24 15:25:42 - 0:00:00 - batch_size: 512
                                     data_nums: 1,2,3,4,5,6,7,8,9,10
                                     dataset: MVSA
                                     device: cuda:0
                                     epochs: 100
                                     gpu: 0
                                     lr: 5e-05
                                     model: Linear
                                     n_nodes: 100
                                     name: MVSA_Single_emc
                                     nlayers: 0
                                     noise: 0,5,10
                                     output_dir: ../emc_data
                                     path: ./../emc_data/MVSA
                                     seed: 42
                                     top_k_logits: 200
INFO - 09/05/24 15:25:42 - 0:00:00 - ./../emc_data/MVSA train
INFO - 09/05/24 15:25:42 - 0:00:00 - Trian data: torch.Size([2, 2073, 3])
INFO - 09/05/24 15:25:42 - 0:00:00 - Trian data: torch.Size([2, 2073, 3])
INFO - 09/05/24 15:25:42 - 0:00:00 - Trian data: torch.Size([2, 2073, 3])
INFO - 09/05/24 15:25:42 - 0:00:00 - ./../emc_data/MVSA train
                                     noise_0 : M1: 95.30±4.49 M2: 96.92±2.03 Min: 92.42±5.76 Max: 99.79±0.26 M: 98.98±0.94 Train mse: 0.28±0.03 Test mse: 0.18±0.06
                                     noise_5 : M1: 85.73±3.95 M2: 65.13±1.87 Min: 55.37±3.44 Max: 95.49±1.90 M: 89.64±2.86 Train mse: 0.40±0.02 Test mse: 0.37±0.03
                                     noise_10: M1: 74.96±7.02 M2: 60.19±2.29 Min: 43.31±4.07 Max: 91.85±4.34 M: 83.49±2.95 Train mse: 0.41±0.02 Test mse: 0.39±0.02
INFO - 09/05/24 15:25:42 - 0:00:00 - ./../emc_data/MVSA dev
INFO - 09/05/24 15:25:42 - 0:00:00 - Trian data: torch.Size([2, 2073, 3])
INFO - 09/05/24 15:25:42 - 0:00:00 - Trian data: torch.Size([2, 2073, 3])
INFO - 09/05/24 15:25:42 - 0:00:00 - Trian data: torch.Size([2, 2073, 3])
INFO - 09/05/24 15:25:42 - 0:00:00 - ./../emc_data/MVSA dev
                                     noise_0 : M1: 72.72±1.53 M2: 64.11±1.09 Min: 51.04±1.67 Max: 85.79±0.89 M: 75.91±1.41 Train mse: 0.28±0.03 Test mse: 0.46±0.00
                                     noise_5 : M1: 70.79±1.61 M2: 46.12±1.03 Min: 34.11±1.17 Max: 82.80±1.39 M: 72.55±1.86 Train mse: 0.40±0.02 Test mse: 0.46±0.01
                                     noise_10: M1: 61.85±6.45 M2: 42.08±1.42 Min: 25.85±2.85 Max: 78.09±4.26 M: 63.69±3.72 Train mse: 0.41±0.02 Test mse: 0.47±0.02
INFO - 09/05/24 15:25:42 - 0:00:00 - ./../emc_data/MVSA test
INFO - 09/05/24 15:25:42 - 0:00:00 - Trian data: torch.Size([2, 2073, 3])
INFO - 09/05/24 15:25:42 - 0:00:00 - Trian data: torch.Size([2, 2073, 3])
INFO - 09/05/24 15:25:42 - 0:00:00 - Trian data: torch.Size([2, 2073, 3])
INFO - 09/05/24 15:25:42 - 0:00:00 - ./../emc_data/MVSA test
                                     noise_0 : M1: 76.22±1.18 M2: 63.33±1.64 Min: 51.33±1.35 Max: 88.23±1.07 M: 78.82±1.26 Train mse: 0.28±0.03 Test mse: 0.46±0.01
                                     noise_5 : M1: 71.25±1.54 M2: 47.48±1.73 Min: 33.80±2.12 Max: 84.93±1.11 M: 73.74±1.77 Train mse: 0.40±0.02 Test mse: 0.46±0.01
                                     noise_10: M1: 64.05±4.32 M2: 42.25±2.99 Min: 25.68±2.69 Max: 80.62±3.13 M: 66.99±1.59 Train mse: 0.41±0.02 Test mse: 0.46±0.02
INFO - 09/05/24 15:26:53 - 0:00:00 - batch_size: 512
                                     data_nums: 1,2,3,4,5,6,7,8,9,10
                                     dataset: MVSA
                                     device: cuda:0
                                     epochs: 100
                                     gpu: 0
                                     lr: 5e-05
                                     model: Linear
                                     n_nodes: 100
                                     name: MVSA_Single_emc
                                     nlayers: 0
                                     noise: 0,5,10
                                     output_dir: ../emc_data
                                     path: ./../emc_data/MVSA
                                     seed: 42
                                     top_k_logits: 200
INFO - 09/05/24 15:26:53 - 0:00:00 - ./../emc_data/MVSA train
INFO - 09/05/24 15:26:53 - 0:00:00 - Trian data: torch.Size([2, 2073, 3])
INFO - 09/05/24 15:26:53 - 0:00:00 - Trian data: torch.Size([2, 2073, 3])
INFO - 09/05/24 15:26:53 - 0:00:00 - Trian data: torch.Size([2, 2073, 3])
INFO - 09/05/24 15:26:53 - 0:00:00 - ./../emc_data/MVSA train
                                     noise_0 : M1: 95.30±4.49 M2: 96.92±2.03 Min: 92.42±5.76 Max: 99.79±0.26 M: 99.09±0.89 Train mse: 0.29±0.03 Test mse: 0.19±0.06
                                     noise_5 : M1: 85.73±3.95 M2: 65.13±1.87 Min: 55.37±3.44 Max: 95.49±1.90 M: 89.73±2.82 Train mse: 0.40±0.02 Test mse: 0.37±0.02
                                     noise_10: M1: 74.96±7.02 M2: 60.19±2.29 Min: 43.31±4.07 Max: 91.85±4.34 M: 83.08±3.42 Train mse: 0.41±0.02 Test mse: 0.39±0.02
INFO - 09/05/24 15:26:53 - 0:00:00 - ./../emc_data/MVSA dev
INFO - 09/05/24 15:26:53 - 0:00:00 - Trian data: torch.Size([2, 2073, 3])
INFO - 09/05/24 15:26:53 - 0:00:00 - Trian data: torch.Size([2, 2073, 3])
INFO - 09/05/24 15:26:53 - 0:00:00 - Trian data: torch.Size([2, 2073, 3])
INFO - 09/05/24 15:26:53 - 0:00:00 - ./../emc_data/MVSA dev
                                     noise_0 : M1: 72.72±1.53 M2: 64.11±1.09 Min: 51.04±1.67 Max: 85.79±0.89 M: 76.20±1.35 Train mse: 0.29±0.03 Test mse: 0.47±0.00
                                     noise_5 : M1: 70.79±1.61 M2: 46.12±1.03 Min: 34.11±1.17 Max: 82.80±1.39 M: 72.74±1.96 Train mse: 0.40±0.02 Test mse: 0.46±0.01
                                     noise_10: M1: 61.85±6.45 M2: 42.08±1.42 Min: 25.85±2.85 Max: 78.09±4.26 M: 63.76±3.76 Train mse: 0.41±0.02 Test mse: 0.47±0.02
INFO - 09/05/24 15:26:53 - 0:00:00 - ./../emc_data/MVSA test
INFO - 09/05/24 15:26:53 - 0:00:00 - Trian data: torch.Size([2, 2073, 3])
INFO - 09/05/24 15:26:53 - 0:00:00 - Trian data: torch.Size([2, 2073, 3])
INFO - 09/05/24 15:26:53 - 0:00:00 - Trian data: torch.Size([2, 2073, 3])
INFO - 09/05/24 15:26:53 - 0:00:00 - ./../emc_data/MVSA test
                                     noise_0 : M1: 76.22±1.18 M2: 63.33±1.64 Min: 51.33±1.35 Max: 88.23±1.07 M: 79.46±1.53 Train mse: 0.29±0.03 Test mse: 0.46±0.01
                                     noise_5 : M1: 71.25±1.54 M2: 47.48±1.73 Min: 33.80±2.12 Max: 84.93±1.11 M: 73.99±1.58 Train mse: 0.40±0.02 Test mse: 0.45±0.01
                                     noise_10: M1: 64.05±4.32 M2: 42.25±2.99 Min: 25.68±2.69 Max: 80.62±3.13 M: 67.13±1.16 Train mse: 0.41±0.02 Test mse: 0.45±0.02
INFO - 09/08/24 14:44:48 - 0:00:00 - batch_size: 128
                                     data_nums: 1,2,3,4,5,6,7,8,9,10
                                     dataset: MVSA
                                     device: cuda:0
                                     epochs: 2000
                                     gpu: 0
                                     lr: 5e-05
                                     model: Ratio
                                     n_nodes: 100
                                     name: MVSA_Single_emc
                                     nlayers: 0
                                     noise: 0,5,10
                                     output_dir: ../emc_data
                                     path: ./../emc_data/MVSA
                                     seed: 42
                                     top_k_logits: 200
INFO - 09/08/24 14:44:48 - 0:00:00 - ./../emc_data/MVSA train
INFO - 09/08/24 14:44:48 - 0:00:00 - Trian data: torch.Size([2, 518, 3])
INFO - 09/08/24 14:44:48 - 0:00:00 - Trian data: torch.Size([2, 518, 3])
INFO - 09/08/24 14:44:48 - 0:00:00 - Trian data: torch.Size([2, 518, 3])
INFO - 09/08/24 14:44:48 - 0:00:00 - ./../emc_data/MVSA train
                                     noise_0 : M1: 95.30±4.49 M2: 96.92±2.03 Min: 92.42±5.76 Max: 99.79±0.26 M: 99.04±0.95 Train mse: 0.47±0.01 Test mse: 0.19±0.08 Train M1 ECE: 17.11±3.21 Train M2 ECE: 14.22±3.48 Test M1 ECE: 1.87±1.55 Test M2 ECE: 7.93±3.31
                                     noise_5 : M1: 85.73±3.95 M2: 65.13±1.87 Min: 55.37±3.44 Max: 95.49±1.90 M: 89.66±2.85 Train mse: 0.52±0.03 Test mse: 0.39±0.03 Train M1 ECE: 18.57±3.24 Train M2 ECE: 27.85±6.66 Test M1 ECE: 6.28±1.84 Test M2 ECE: 15.60±5.65
                                     noise_10: M1: 74.96±7.02 M2: 60.19±2.29 Min: 43.31±4.07 Max: 91.85±4.34 M: 83.09±3.12 Train mse: 0.54±0.05 Test mse: 0.43±0.04 Train M1 ECE: 20.47±5.85 Train M2 ECE: 32.41±7.64 Test M1 ECE: 10.81±5.53 Test M2 ECE: 22.42±5.60
INFO - 09/08/24 14:44:48 - 0:00:00 - ./../emc_data/MVSA dev
INFO - 09/08/24 14:44:48 - 0:00:00 - Trian data: torch.Size([2, 518, 3])
INFO - 09/08/24 14:44:48 - 0:00:00 - Trian data: torch.Size([2, 518, 3])
INFO - 09/08/24 14:44:48 - 0:00:00 - Trian data: torch.Size([2, 518, 3])
INFO - 09/08/24 14:44:48 - 0:00:00 - ./../emc_data/MVSA dev
                                     noise_0 : M1: 72.72±1.53 M2: 64.11±1.09 Min: 51.04±1.67 Max: 85.79±0.89 M: 76.08±1.41 Train mse: 0.47±0.01 Test mse: 0.47±0.01 Train M1 ECE: 17.11±3.21 Train M2 ECE: 14.22±3.48 Test M1 ECE: 17.11±3.21 Test M2 ECE: 14.22±3.48
                                     noise_5 : M1: 70.79±1.61 M2: 46.12±1.03 Min: 34.11±1.17 Max: 82.80±1.39 M: 72.59±1.94 Train mse: 0.52±0.03 Test mse: 0.52±0.03 Train M1 ECE: 18.57±3.24 Train M2 ECE: 27.85±6.66 Test M1 ECE: 18.57±3.24 Test M2 ECE: 27.85±6.66
                                     noise_10: M1: 61.85±6.45 M2: 42.08±1.42 Min: 25.85±2.85 Max: 78.09±4.26 M: 63.47±3.62 Train mse: 0.54±0.05 Test mse: 0.54±0.05 Train M1 ECE: 20.47±5.85 Train M2 ECE: 32.41±7.64 Test M1 ECE: 20.47±5.85 Test M2 ECE: 32.41±7.64
INFO - 09/08/24 14:44:48 - 0:00:00 - ./../emc_data/MVSA test
INFO - 09/08/24 14:44:48 - 0:00:00 - Trian data: torch.Size([2, 518, 3])
INFO - 09/08/24 14:44:48 - 0:00:00 - Trian data: torch.Size([2, 518, 3])
INFO - 09/08/24 14:44:48 - 0:00:00 - Trian data: torch.Size([2, 518, 3])
INFO - 09/08/24 14:44:48 - 0:00:00 - ./../emc_data/MVSA test
                                     noise_0 : M1: 76.22±1.18 M2: 63.33±1.64 Min: 51.33±1.35 Max: 88.23±1.07 M: 79.13±1.41 Train mse: 0.47±0.01 Test mse: 0.47±0.01 Train M1 ECE: 17.11±3.21 Train M2 ECE: 14.22±3.48 Test M1 ECE: 14.59±4.30 Test M2 ECE: 14.46±3.87
                                     noise_5 : M1: 71.25±1.54 M2: 47.48±1.73 Min: 33.80±2.12 Max: 84.93±1.11 M: 73.43±1.47 Train mse: 0.52±0.03 Test mse: 0.52±0.02 Train M1 ECE: 18.57±3.24 Train M2 ECE: 27.85±6.66 Test M1 ECE: 18.20±4.55 Test M2 ECE: 26.52±5.77
                                     noise_10: M1: 64.05±4.32 M2: 42.25±2.99 Min: 25.68±2.69 Max: 80.62±3.13 M: 66.36±1.37 Train mse: 0.54±0.05 Test mse: 0.53±0.05 Train M1 ECE: 20.47±5.85 Train M2 ECE: 32.41±7.64 Test M1 ECE: 18.91±6.79 Test M2 ECE: 32.02±8.12
INFO - 09/08/24 15:00:22 - 0:00:00 - batch_size: 128
                                     data_nums: 1,2,3,4,5,6,7,8,9,10
                                     dataset: MVSA
                                     device: cuda:0
                                     epochs: 100
                                     gpu: 0
                                     lr: 0.001
                                     model: Ratio
                                     n_nodes: 128
                                     name: MVSA_Single_emc
                                     nlayers: 1
                                     noise: 0,5,10
                                     output_dir: ../emc_data
                                     path: ./../emc_data/MVSA
                                     seed: 42
                                     top_k_logits: 200
INFO - 09/08/24 15:00:22 - 0:00:00 - ./../emc_data/MVSA train
INFO - 09/08/24 15:00:22 - 0:00:00 - Trian data: torch.Size([2, 518, 3])
INFO - 09/08/24 15:00:22 - 0:00:00 - Trian data: torch.Size([2, 518, 3])
INFO - 09/08/24 15:00:22 - 0:00:00 - Trian data: torch.Size([2, 518, 3])
INFO - 09/08/24 15:00:22 - 0:00:00 - ./../emc_data/MVSA train
                                     noise_0 : M1: 95.30±4.49 M2: 96.92±2.03 Min: 92.42±5.76 Max: 99.79±0.26 M: 99.00±0.99 Train mse: 0.56±0.03 Test mse: 0.55±0.09 Train M1 ECE: 17.11±3.21 Train M2 ECE: 14.22±3.48 Test M1 ECE: 1.87±1.55 Test M2 ECE: 7.93±3.31
                                     noise_5 : M1: 85.73±3.95 M2: 65.13±1.87 Min: 55.37±3.44 Max: 95.49±1.90 M: 89.71±2.85 Train mse: 0.53±0.03 Test mse: 0.52±0.07 Train M1 ECE: 18.57±3.24 Train M2 ECE: 27.85±6.66 Test M1 ECE: 6.28±1.84 Test M2 ECE: 15.60±5.65
                                     noise_10: M1: 74.96±7.02 M2: 60.19±2.29 Min: 43.31±4.07 Max: 91.85±4.34 M: 83.23±3.15 Train mse: 0.53±0.03 Test mse: 0.52±0.05 Train M1 ECE: 20.47±5.85 Train M2 ECE: 32.41±7.64 Test M1 ECE: 10.81±5.53 Test M2 ECE: 22.42±5.60
INFO - 09/08/24 15:00:22 - 0:00:00 - ./../emc_data/MVSA dev
INFO - 09/08/24 15:00:22 - 0:00:00 - Trian data: torch.Size([2, 518, 3])
INFO - 09/08/24 15:00:22 - 0:00:00 - Trian data: torch.Size([2, 518, 3])
INFO - 09/08/24 15:00:22 - 0:00:00 - Trian data: torch.Size([2, 518, 3])
INFO - 09/08/24 15:00:22 - 0:00:00 - ./../emc_data/MVSA dev
                                     noise_0 : M1: 72.72±1.53 M2: 64.11±1.09 Min: 51.04±1.67 Max: 85.79±0.89 M: 76.08±1.39 Train mse: 0.56±0.03 Test mse: 0.56±0.03 Train M1 ECE: 17.11±3.21 Train M2 ECE: 14.22±3.48 Test M1 ECE: 17.11±3.21 Test M2 ECE: 14.22±3.48
                                     noise_5 : M1: 70.79±1.61 M2: 46.12±1.03 Min: 34.11±1.17 Max: 82.80±1.39 M: 72.34±2.03 Train mse: 0.53±0.03 Test mse: 0.53±0.03 Train M1 ECE: 18.57±3.24 Train M2 ECE: 27.85±6.66 Test M1 ECE: 18.57±3.24 Test M2 ECE: 27.85±6.66
                                     noise_10: M1: 61.85±6.45 M2: 42.08±1.42 Min: 25.85±2.85 Max: 78.09±4.26 M: 63.19±3.59 Train mse: 0.53±0.03 Test mse: 0.53±0.03 Train M1 ECE: 20.47±5.85 Train M2 ECE: 32.41±7.64 Test M1 ECE: 20.47±5.85 Test M2 ECE: 32.41±7.64
INFO - 09/08/24 15:00:22 - 0:00:00 - ./../emc_data/MVSA test
INFO - 09/08/24 15:00:22 - 0:00:00 - Trian data: torch.Size([2, 518, 3])
INFO - 09/08/24 15:00:23 - 0:00:00 - Trian data: torch.Size([2, 518, 3])
INFO - 09/08/24 15:00:23 - 0:00:00 - Trian data: torch.Size([2, 518, 3])
INFO - 09/08/24 15:00:23 - 0:00:00 - ./../emc_data/MVSA test
                                     noise_0 : M1: 76.22±1.18 M2: 63.33±1.64 Min: 51.33±1.35 Max: 88.23±1.07 M: 78.81±1.39 Train mse: 0.56±0.03 Test mse: 0.56±0.04 Train M1 ECE: 17.11±3.21 Train M2 ECE: 14.22±3.48 Test M1 ECE: 14.59±4.30 Test M2 ECE: 14.46±3.87
                                     noise_5 : M1: 71.25±1.54 M2: 47.48±1.73 Min: 33.80±2.12 Max: 84.93±1.11 M: 73.53±1.69 Train mse: 0.53±0.03 Test mse: 0.53±0.03 Train M1 ECE: 18.57±3.24 Train M2 ECE: 27.85±6.66 Test M1 ECE: 18.20±4.55 Test M2 ECE: 26.52±5.77
                                     noise_10: M1: 64.05±4.32 M2: 42.25±2.99 Min: 25.68±2.69 Max: 80.62±3.13 M: 66.20±1.49 Train mse: 0.53±0.03 Test mse: 0.53±0.03 Train M1 ECE: 20.47±5.85 Train M2 ECE: 32.41±7.64 Test M1 ECE: 18.91±6.79 Test M2 ECE: 32.02±8.12
INFO - 09/08/24 15:02:24 - 0:00:00 - batch_size: 128
                                     data_nums: 1,2,3,4,5,6,7,8,9,10
                                     dataset: MVSA
                                     device: cuda:0
                                     epochs: 100
                                     gpu: 0
                                     lr: 0.001
                                     model: Ratio
                                     n_nodes: 128
                                     name: MVSA_Single_emc
                                     nlayers: 1
                                     noise: 0,5,10
                                     output_dir: ../emc_data
                                     path: ./../emc_data/MVSA
                                     seed: 42
                                     top_k_logits: 200
INFO - 09/08/24 15:02:24 - 0:00:00 - ./../emc_data/MVSA train
INFO - 09/08/24 15:02:24 - 0:00:00 - Trian data: torch.Size([2, 518, 3])
INFO - 09/08/24 15:02:24 - 0:00:00 - Trian data: torch.Size([2, 518, 3])
INFO - 09/08/24 15:02:24 - 0:00:00 - Trian data: torch.Size([2, 518, 3])
INFO - 09/08/24 15:02:24 - 0:00:00 - ./../emc_data/MVSA train
                                     noise_0 : M1: 95.30±4.49 M2: 96.92±2.03 Min: 92.42±5.76 Max: 99.79±0.26 M: 99.02±0.98 Train mse: 0.61±0.03 Test mse: 0.66±0.06 Train M1 ECE: 17.11±3.21 Train M2 ECE: 14.22±3.48 Test M1 ECE: 1.87±1.55 Test M2 ECE: 7.93±3.31
                                     noise_5 : M1: 85.73±3.95 M2: 65.13±1.87 Min: 55.37±3.44 Max: 95.49±1.90 M: 89.68±2.89 Train mse: 0.58±0.03 Test mse: 0.60±0.04 Train M1 ECE: 18.57±3.24 Train M2 ECE: 27.85±6.66 Test M1 ECE: 6.28±1.84 Test M2 ECE: 15.60±5.65
                                     noise_10: M1: 74.96±7.02 M2: 60.19±2.29 Min: 43.31±4.07 Max: 91.85±4.34 M: 83.33±3.15 Train mse: 0.57±0.02 Test mse: 0.59±0.04 Train M1 ECE: 20.47±5.85 Train M2 ECE: 32.41±7.64 Test M1 ECE: 10.81±5.53 Test M2 ECE: 22.42±5.60
INFO - 09/08/24 15:02:24 - 0:00:00 - ./../emc_data/MVSA dev
INFO - 09/08/24 15:02:24 - 0:00:00 - Trian data: torch.Size([2, 518, 3])
INFO - 09/08/24 15:02:24 - 0:00:00 - Trian data: torch.Size([2, 518, 3])
INFO - 09/08/24 15:02:24 - 0:00:00 - Trian data: torch.Size([2, 518, 3])
INFO - 09/08/24 15:02:24 - 0:00:00 - ./../emc_data/MVSA dev
                                     noise_0 : M1: 72.72±1.53 M2: 64.11±1.09 Min: 51.04±1.67 Max: 85.79±0.89 M: 76.12±1.38 Train mse: 0.61±0.03 Test mse: 0.61±0.03 Train M1 ECE: 17.11±3.21 Train M2 ECE: 14.22±3.48 Test M1 ECE: 17.11±3.21 Test M2 ECE: 14.22±3.48
                                     noise_5 : M1: 70.79±1.61 M2: 46.12±1.03 Min: 34.11±1.17 Max: 82.80±1.39 M: 72.47±1.99 Train mse: 0.58±0.03 Test mse: 0.58±0.03 Train M1 ECE: 18.57±3.24 Train M2 ECE: 27.85±6.66 Test M1 ECE: 18.57±3.24 Test M2 ECE: 27.85±6.66
                                     noise_10: M1: 61.85±6.45 M2: 42.08±1.42 Min: 25.85±2.85 Max: 78.09±4.26 M: 63.13±3.72 Train mse: 0.57±0.02 Test mse: 0.57±0.02 Train M1 ECE: 20.47±5.85 Train M2 ECE: 32.41±7.64 Test M1 ECE: 20.47±5.85 Test M2 ECE: 32.41±7.64
INFO - 09/08/24 15:02:24 - 0:00:00 - ./../emc_data/MVSA test
INFO - 09/08/24 15:02:24 - 0:00:00 - Trian data: torch.Size([2, 518, 3])
INFO - 09/08/24 15:02:24 - 0:00:00 - Trian data: torch.Size([2, 518, 3])
INFO - 09/08/24 15:02:24 - 0:00:00 - Trian data: torch.Size([2, 518, 3])
INFO - 09/08/24 15:02:24 - 0:00:00 - ./../emc_data/MVSA test
                                     noise_0 : M1: 76.22±1.18 M2: 63.33±1.64 Min: 51.33±1.35 Max: 88.23±1.07 M: 78.82±1.43 Train mse: 0.61±0.03 Test mse: 0.62±0.03 Train M1 ECE: 17.11±3.21 Train M2 ECE: 14.22±3.48 Test M1 ECE: 14.59±4.30 Test M2 ECE: 14.46±3.87
                                     noise_5 : M1: 71.25±1.54 M2: 47.48±1.73 Min: 33.80±2.12 Max: 84.93±1.11 M: 73.47±1.60 Train mse: 0.58±0.03 Test mse: 0.58±0.03 Train M1 ECE: 18.57±3.24 Train M2 ECE: 27.85±6.66 Test M1 ECE: 18.20±4.55 Test M2 ECE: 26.52±5.77
                                     noise_10: M1: 64.05±4.32 M2: 42.25±2.99 Min: 25.68±2.69 Max: 80.62±3.13 M: 66.11±1.48 Train mse: 0.57±0.02 Test mse: 0.56±0.03 Train M1 ECE: 20.47±5.85 Train M2 ECE: 32.41±7.64 Test M1 ECE: 18.91±6.79 Test M2 ECE: 32.02±8.12
INFO - 09/08/24 15:02:51 - 0:00:00 - batch_size: 128
                                     data_nums: 1,2,3,4,5,6,7,8,9,10
                                     dataset: MVSA
                                     device: cuda:0
                                     epochs: 100
                                     gpu: 0
                                     lr: 0.001
                                     model: Ratio
                                     n_nodes: 128
                                     name: MVSA_Single_emc
                                     nlayers: 1
                                     noise: 0,5,10
                                     output_dir: ../emc_data
                                     path: ./../emc_data/MVSA
                                     seed: 42
                                     top_k_logits: 200
INFO - 09/08/24 15:02:51 - 0:00:00 - ./../emc_data/MVSA train
INFO - 09/08/24 15:02:51 - 0:00:00 - Trian data: torch.Size([2, 518, 3])
INFO - 09/08/24 15:02:51 - 0:00:00 - Trian data: torch.Size([2, 518, 3])
INFO - 09/08/24 15:02:51 - 0:00:00 - Trian data: torch.Size([2, 518, 3])
INFO - 09/08/24 15:02:51 - 0:00:00 - ./../emc_data/MVSA train
                                     noise_0 : M1: 95.30±4.49 M2: 96.92±2.03 Min: 92.42±5.76 Max: 99.79±0.26 M: 86.05±7.10 Train mse: nan±nan Test mse: nan±nan Train M1 ECE: 17.11±3.21 Train M2 ECE: 14.22±3.48 Test M1 ECE: 1.87±1.55 Test M2 ECE: 7.93±3.31
                                     noise_5 : M1: 85.73±3.95 M2: 65.13±1.87 Min: 55.37±3.44 Max: 95.49±1.90 M: 76.30±5.78 Train mse: nan±nan Test mse: nan±nan Train M1 ECE: 18.57±3.24 Train M2 ECE: 27.85±6.66 Test M1 ECE: 6.28±1.84 Test M2 ECE: 15.60±5.65
                                     noise_10: M1: 74.96±7.02 M2: 60.19±2.29 Min: 43.31±4.07 Max: 91.85±4.34 M: 72.23±7.77 Train mse: nan±nan Test mse: nan±nan Train M1 ECE: 20.47±5.85 Train M2 ECE: 32.41±7.64 Test M1 ECE: 10.81±5.53 Test M2 ECE: 22.42±5.60
INFO - 09/08/24 15:02:51 - 0:00:00 - ./../emc_data/MVSA dev
INFO - 09/08/24 15:02:51 - 0:00:00 - Trian data: torch.Size([2, 518, 3])
INFO - 09/08/24 15:02:51 - 0:00:00 - Trian data: torch.Size([2, 518, 3])
INFO - 09/08/24 15:02:51 - 0:00:00 - Trian data: torch.Size([2, 518, 3])
INFO - 09/08/24 15:02:51 - 0:00:01 - ./../emc_data/MVSA dev
                                     noise_0 : M1: 72.72±1.53 M2: 64.11±1.09 Min: 51.04±1.67 Max: 85.79±0.89 M: 65.44±2.60 Train mse: nan±nan Test mse: nan±nan Train M1 ECE: 17.11±3.21 Train M2 ECE: 14.22±3.48 Test M1 ECE: 17.11±3.21 Test M2 ECE: 14.22±3.48
                                     noise_5 : M1: 70.79±1.61 M2: 46.12±1.03 Min: 34.11±1.17 Max: 82.80±1.39 M: 63.07±2.47 Train mse: nan±nan Test mse: nan±nan Train M1 ECE: 18.57±3.24 Train M2 ECE: 27.85±6.66 Test M1 ECE: 18.57±3.24 Test M2 ECE: 27.85±6.66
                                     noise_10: M1: 61.85±6.45 M2: 42.08±1.42 Min: 25.85±2.85 Max: 78.09±4.26 M: 59.90±2.47 Train mse: nan±nan Test mse: nan±nan Train M1 ECE: 20.47±5.85 Train M2 ECE: 32.41±7.64 Test M1 ECE: 20.47±5.85 Test M2 ECE: 32.41±7.64
INFO - 09/08/24 15:02:51 - 0:00:01 - ./../emc_data/MVSA test
INFO - 09/08/24 15:02:51 - 0:00:01 - Trian data: torch.Size([2, 518, 3])
INFO - 09/08/24 15:02:51 - 0:00:01 - Trian data: torch.Size([2, 518, 3])
INFO - 09/08/24 15:02:51 - 0:00:01 - Trian data: torch.Size([2, 518, 3])
INFO - 09/08/24 15:02:51 - 0:00:01 - ./../emc_data/MVSA test
                                     noise_0 : M1: 76.22±1.18 M2: 63.33±1.64 Min: 51.33±1.35 Max: 88.23±1.07 M: 64.16±2.41 Train mse: nan±nan Test mse: nan±nan Train M1 ECE: 17.11±3.21 Train M2 ECE: 14.22±3.48 Test M1 ECE: 14.59±4.30 Test M2 ECE: 14.46±3.87
                                     noise_5 : M1: 71.25±1.54 M2: 47.48±1.73 Min: 33.80±2.12 Max: 84.93±1.11 M: 61.45±2.11 Train mse: nan±nan Test mse: nan±nan Train M1 ECE: 18.57±3.24 Train M2 ECE: 27.85±6.66 Test M1 ECE: 18.20±4.55 Test M2 ECE: 26.52±5.77
                                     noise_10: M1: 64.05±4.32 M2: 42.25±2.99 Min: 25.68±2.69 Max: 80.62±3.13 M: 59.44±3.00 Train mse: nan±nan Test mse: nan±nan Train M1 ECE: 20.47±5.85 Train M2 ECE: 32.41±7.64 Test M1 ECE: 18.91±6.79 Test M2 ECE: 32.02±8.12
INFO - 09/08/24 15:03:04 - 0:00:00 - batch_size: 128
                                     data_nums: 1,2,3,4,5,6,7,8,9,10
                                     dataset: MVSA
                                     device: cuda:0
                                     epochs: 100
                                     gpu: 0
                                     lr: 0.001
                                     model: Ratio
                                     n_nodes: 128
                                     name: MVSA_Single_emc
                                     nlayers: 1
                                     noise: 0,5,10
                                     output_dir: ../emc_data
                                     path: ./../emc_data/MVSA
                                     seed: 42
                                     top_k_logits: 200
INFO - 09/08/24 15:03:04 - 0:00:00 - ./../emc_data/MVSA train
INFO - 09/08/24 15:03:04 - 0:00:00 - Trian data: torch.Size([2, 518, 3])
INFO - 09/08/24 15:03:04 - 0:00:00 - Trian data: torch.Size([2, 518, 3])
INFO - 09/08/24 15:03:04 - 0:00:00 - Trian data: torch.Size([2, 518, 3])
INFO - 09/08/24 15:03:04 - 0:00:00 - ./../emc_data/MVSA train
                                     noise_0 : M1: 95.30±4.49 M2: 96.92±2.03 Min: 92.42±5.76 Max: 99.79±0.26 M: 99.04±0.95 Train mse: 0.47±0.01 Test mse: 0.19±0.08 Train M1 ECE: 17.11±3.21 Train M2 ECE: 14.22±3.48 Test M1 ECE: 1.87±1.55 Test M2 ECE: 7.93±3.31
                                     noise_5 : M1: 85.73±3.95 M2: 65.13±1.87 Min: 55.37±3.44 Max: 95.49±1.90 M: 89.66±2.85 Train mse: 0.52±0.03 Test mse: 0.39±0.03 Train M1 ECE: 18.57±3.24 Train M2 ECE: 27.85±6.66 Test M1 ECE: 6.28±1.84 Test M2 ECE: 15.60±5.65
                                     noise_10: M1: 74.96±7.02 M2: 60.19±2.29 Min: 43.31±4.07 Max: 91.85±4.34 M: 83.09±3.12 Train mse: 0.54±0.05 Test mse: 0.43±0.04 Train M1 ECE: 20.47±5.85 Train M2 ECE: 32.41±7.64 Test M1 ECE: 10.81±5.53 Test M2 ECE: 22.42±5.60
INFO - 09/08/24 15:03:04 - 0:00:00 - ./../emc_data/MVSA dev
INFO - 09/08/24 15:03:04 - 0:00:00 - Trian data: torch.Size([2, 518, 3])
INFO - 09/08/24 15:03:04 - 0:00:00 - Trian data: torch.Size([2, 518, 3])
INFO - 09/08/24 15:03:04 - 0:00:00 - Trian data: torch.Size([2, 518, 3])
INFO - 09/08/24 15:03:04 - 0:00:00 - ./../emc_data/MVSA dev
                                     noise_0 : M1: 72.72±1.53 M2: 64.11±1.09 Min: 51.04±1.67 Max: 85.79±0.89 M: 76.08±1.41 Train mse: 0.47±0.01 Test mse: 0.47±0.01 Train M1 ECE: 17.11±3.21 Train M2 ECE: 14.22±3.48 Test M1 ECE: 17.11±3.21 Test M2 ECE: 14.22±3.48
                                     noise_5 : M1: 70.79±1.61 M2: 46.12±1.03 Min: 34.11±1.17 Max: 82.80±1.39 M: 72.59±1.94 Train mse: 0.52±0.03 Test mse: 0.52±0.03 Train M1 ECE: 18.57±3.24 Train M2 ECE: 27.85±6.66 Test M1 ECE: 18.57±3.24 Test M2 ECE: 27.85±6.66
                                     noise_10: M1: 61.85±6.45 M2: 42.08±1.42 Min: 25.85±2.85 Max: 78.09±4.26 M: 63.47±3.62 Train mse: 0.54±0.05 Test mse: 0.54±0.05 Train M1 ECE: 20.47±5.85 Train M2 ECE: 32.41±7.64 Test M1 ECE: 20.47±5.85 Test M2 ECE: 32.41±7.64
INFO - 09/08/24 15:03:04 - 0:00:00 - ./../emc_data/MVSA test
INFO - 09/08/24 15:03:04 - 0:00:00 - Trian data: torch.Size([2, 518, 3])
INFO - 09/08/24 15:03:04 - 0:00:00 - Trian data: torch.Size([2, 518, 3])
INFO - 09/08/24 15:03:04 - 0:00:00 - Trian data: torch.Size([2, 518, 3])
INFO - 09/08/24 15:03:04 - 0:00:00 - ./../emc_data/MVSA test
                                     noise_0 : M1: 76.22±1.18 M2: 63.33±1.64 Min: 51.33±1.35 Max: 88.23±1.07 M: 79.13±1.41 Train mse: 0.47±0.01 Test mse: 0.47±0.01 Train M1 ECE: 17.11±3.21 Train M2 ECE: 14.22±3.48 Test M1 ECE: 14.59±4.30 Test M2 ECE: 14.46±3.87
                                     noise_5 : M1: 71.25±1.54 M2: 47.48±1.73 Min: 33.80±2.12 Max: 84.93±1.11 M: 73.43±1.47 Train mse: 0.52±0.03 Test mse: 0.52±0.02 Train M1 ECE: 18.57±3.24 Train M2 ECE: 27.85±6.66 Test M1 ECE: 18.20±4.55 Test M2 ECE: 26.52±5.77
                                     noise_10: M1: 64.05±4.32 M2: 42.25±2.99 Min: 25.68±2.69 Max: 80.62±3.13 M: 66.36±1.37 Train mse: 0.54±0.05 Test mse: 0.53±0.05 Train M1 ECE: 20.47±5.85 Train M2 ECE: 32.41±7.64 Test M1 ECE: 18.91±6.79 Test M2 ECE: 32.02±8.12
INFO - 09/12/24 14:58:59 - 0:00:00 - batch_size: 512
                                     data_nums: 1,2,3,4,5,6,7,8,9,10
                                     dataset: MVSA
                                     device: cuda:0
                                     epochs: 100
                                     gpu: 0
                                     lr: 5e-05
                                     model: rf
                                     n_nodes: 100
                                     name: MVSA_Single_emc
                                     nlayers: 0
                                     noise: 0,5,10
                                     output_dir: ../emc_data
                                     path: ./../emc_data/MVSA
                                     seed: 42
                                     top_k_logits: 200
INFO - 09/12/24 14:58:59 - 0:00:00 - ./../emc_data/MVSA train
INFO - 09/12/24 14:58:59 - 0:00:00 - Trian data: torch.Size([2, 2073, 3])
INFO - 09/12/24 14:59:01 - 0:00:02 - Trian data: torch.Size([2, 2073, 3])
INFO - 09/12/24 14:59:03 - 0:00:04 - Trian data: torch.Size([2, 2073, 3])
INFO - 09/12/24 14:59:04 - 0:00:06 - ./../emc_data/MVSA train
                                     noise_0 : M1: 95.30±4.49 M2: 96.92±2.03 Min: 92.42±5.76 Max: 99.79±0.26 M: 99.65±0.38 Train mse: 0.11±0.01 Test mse: 0.07±0.02
                                     noise_5 : M1: 85.73±3.95 M2: 65.13±1.87 Min: 55.37±3.44 Max: 95.49±1.90 M: 94.06±2.08 Train mse: 0.15±0.01 Test mse: 0.14±0.01
                                     noise_10: M1: 74.96±7.02 M2: 60.19±2.29 Min: 43.31±4.07 Max: 91.85±4.34 M: 88.62±3.38 Train mse: 0.23±0.01 Test mse: 0.22±0.01
INFO - 09/12/24 14:59:04 - 0:00:06 - ./../emc_data/MVSA dev
INFO - 09/12/24 14:59:04 - 0:00:06 - Trian data: torch.Size([2, 2073, 3])
INFO - 09/12/24 14:59:05 - 0:00:06 - Trian data: torch.Size([2, 2073, 3])
INFO - 09/12/24 14:59:06 - 0:00:07 - Trian data: torch.Size([2, 2073, 3])
INFO - 09/12/24 14:59:06 - 0:00:08 - ./../emc_data/MVSA dev
                                     noise_0 : M1: 72.72±1.53 M2: 64.11±1.09 Min: 51.04±1.67 Max: 85.79±0.89 M: 81.95±1.03 Train mse: 0.11±0.01 Test mse: 0.18±0.00
                                     noise_5 : M1: 70.79±1.61 M2: 46.12±1.03 Min: 34.11±1.17 Max: 82.80±1.39 M: 79.34±1.48 Train mse: 0.15±0.01 Test mse: 0.18±0.00
                                     noise_10: M1: 61.85±6.45 M2: 42.08±1.42 Min: 25.85±2.85 Max: 78.09±4.26 M: 72.18±3.74 Train mse: 0.23±0.01 Test mse: 0.24±0.01
INFO - 09/12/24 14:59:06 - 0:00:08 - ./../emc_data/MVSA test
INFO - 09/12/24 14:59:06 - 0:00:08 - Trian data: torch.Size([2, 2073, 3])
INFO - 09/12/24 14:59:07 - 0:00:09 - Trian data: torch.Size([2, 2073, 3])
INFO - 09/12/24 14:59:08 - 0:00:09 - Trian data: torch.Size([2, 2073, 3])
INFO - 09/12/24 14:59:09 - 0:00:10 - ./../emc_data/MVSA test
                                     noise_0 : M1: 76.22±1.18 M2: 63.33±1.64 Min: 51.33±1.35 Max: 88.23±1.07 M: 79.21±1.25 Train mse: 0.11±0.01 Test mse: 0.47±0.01
                                     noise_5 : M1: 71.25±1.54 M2: 47.48±1.73 Min: 33.80±2.12 Max: 84.93±1.11 M: 73.76±1.54 Train mse: 0.15±0.01 Test mse: 0.47±0.01
                                     noise_10: M1: 64.05±4.32 M2: 42.25±2.99 Min: 25.68±2.69 Max: 80.62±3.13 M: 67.65±1.17 Train mse: 0.23±0.01 Test mse: 0.47±0.02
INFO - 09/12/24 15:02:13 - 0:00:00 - batch_size: 512
                                     data_nums: 1,2,3,4,5,6,7,8,9,10
                                     dataset: MVSA
                                     device: cuda:0
                                     epochs: 100
                                     gpu: 0
                                     lr: 5e-05
                                     model: svr
                                     n_nodes: 100
                                     name: MVSA_Single_emc
                                     nlayers: 0
                                     noise: 0,5,10
                                     output_dir: ../emc_data
                                     path: ./../emc_data/MVSA
                                     seed: 42
                                     top_k_logits: 200
INFO - 09/12/24 15:02:13 - 0:00:00 - ./../emc_data/MVSA train
INFO - 09/12/24 15:02:13 - 0:00:00 - Trian data: torch.Size([2, 2073, 3])
INFO - 09/12/24 15:02:17 - 0:00:03 - Trian data: torch.Size([2, 2073, 3])
INFO - 09/12/24 15:02:22 - 0:00:08 - Trian data: torch.Size([2, 2073, 3])
INFO - 09/12/24 15:02:26 - 0:00:13 - ./../emc_data/MVSA train
                                     noise_0 : M1: 95.30±4.49 M2: 96.92±2.03 Min: 92.42±5.76 Max: 99.79±0.26 M: 99.09±0.90 Train mse: 0.30±0.03 Test mse: 0.19±0.06
                                     noise_5 : M1: 85.73±3.95 M2: 65.13±1.87 Min: 55.37±3.44 Max: 95.49±1.90 M: 89.71±2.79 Train mse: 0.41±0.03 Test mse: 0.38±0.03
                                     noise_10: M1: 74.96±7.02 M2: 60.19±2.29 Min: 43.31±4.07 Max: 91.85±4.34 M: 84.42±2.80 Train mse: 0.41±0.02 Test mse: 0.38±0.03
INFO - 09/12/24 15:02:26 - 0:00:13 - ./../emc_data/MVSA dev
INFO - 09/12/24 15:02:26 - 0:00:13 - Trian data: torch.Size([2, 2073, 3])
INFO - 09/12/24 15:02:27 - 0:00:14 - Trian data: torch.Size([2, 2073, 3])
INFO - 09/12/24 15:02:29 - 0:00:16 - Trian data: torch.Size([2, 2073, 3])
INFO - 09/12/24 15:02:31 - 0:00:18 - ./../emc_data/MVSA dev
                                     noise_0 : M1: 72.72±1.53 M2: 64.11±1.09 Min: 51.04±1.67 Max: 85.79±0.89 M: 76.24±1.55 Train mse: 0.30±0.03 Test mse: 0.50±0.01
                                     noise_5 : M1: 70.79±1.61 M2: 46.12±1.03 Min: 34.11±1.17 Max: 82.80±1.39 M: 72.68±1.73 Train mse: 0.41±0.03 Test mse: 0.50±0.02
                                     noise_10: M1: 61.85±6.45 M2: 42.08±1.42 Min: 25.85±2.85 Max: 78.09±4.26 M: 64.69±3.53 Train mse: 0.41±0.02 Test mse: 0.49±0.03
INFO - 09/12/24 15:02:31 - 0:00:18 - ./../emc_data/MVSA test
INFO - 09/12/24 15:02:31 - 0:00:18 - Trian data: torch.Size([2, 2073, 3])
INFO - 09/12/24 15:02:32 - 0:00:19 - Trian data: torch.Size([2, 2073, 3])
INFO - 09/12/24 15:02:34 - 0:00:20 - Trian data: torch.Size([2, 2073, 3])
INFO - 09/12/24 15:02:36 - 0:00:22 - ./../emc_data/MVSA test
                                     noise_0 : M1: 76.22±1.18 M2: 63.33±1.64 Min: 51.33±1.35 Max: 88.23±1.07 M: 79.63±1.47 Train mse: 0.30±0.03 Test mse: 0.49±0.01
                                     noise_5 : M1: 71.25±1.54 M2: 47.48±1.73 Min: 33.80±2.12 Max: 84.93±1.11 M: 73.66±1.76 Train mse: 0.41±0.03 Test mse: 0.50±0.02
                                     noise_10: M1: 64.05±4.32 M2: 42.25±2.99 Min: 25.68±2.69 Max: 80.62±3.13 M: 67.57±1.20 Train mse: 0.41±0.02 Test mse: 0.48±0.03
INFO - 09/12/24 15:03:02 - 0:00:00 - batch_size: 512
                                     data_nums: 1,2,3,4,5,6,7,8,9,10
                                     dataset: MVSA
                                     device: cuda:0
                                     epochs: 100
                                     gpu: 0
                                     lr: 5e-05
                                     model: rf
                                     n_nodes: 100
                                     name: MVSA_Single_emc
                                     nlayers: 0
                                     noise: 0,5,10
                                     output_dir: ../emc_data
                                     path: ./../emc_data/MVSA
                                     seed: 42
                                     top_k_logits: 200
INFO - 09/12/24 15:03:02 - 0:00:00 - ./../emc_data/MVSA train
INFO - 09/12/24 15:03:02 - 0:00:00 - Trian data: torch.Size([2, 2073, 3])
INFO - 09/12/24 15:03:04 - 0:00:02 - Trian data: torch.Size([2, 2073, 3])
INFO - 09/12/24 15:03:06 - 0:00:04 - Trian data: torch.Size([2, 2073, 3])
INFO - 09/12/24 15:03:08 - 0:00:05 - ./../emc_data/MVSA train
                                     noise_0 : M1: 95.30±4.49 M2: 96.92±2.03 Min: 92.42±5.76 Max: 99.79±0.26 M: 99.65±0.38 Train mse: 0.11±0.01 Test mse: 0.07±0.02
                                     noise_5 : M1: 85.73±3.95 M2: 65.13±1.87 Min: 55.37±3.44 Max: 95.49±1.90 M: 94.06±2.08 Train mse: 0.15±0.01 Test mse: 0.14±0.01
                                     noise_10: M1: 74.96±7.02 M2: 60.19±2.29 Min: 43.31±4.07 Max: 91.85±4.34 M: 88.62±3.38 Train mse: 0.23±0.01 Test mse: 0.22±0.01
INFO - 09/12/24 15:03:08 - 0:00:05 - ./../emc_data/MVSA dev
INFO - 09/12/24 15:03:08 - 0:00:05 - Trian data: torch.Size([2, 2073, 3])
INFO - 09/12/24 15:03:08 - 0:00:06 - Trian data: torch.Size([2, 2073, 3])
INFO - 09/12/24 15:03:09 - 0:00:07 - Trian data: torch.Size([2, 2073, 3])
INFO - 09/12/24 15:03:10 - 0:00:07 - ./../emc_data/MVSA dev
                                     noise_0 : M1: 72.72±1.53 M2: 64.11±1.09 Min: 51.04±1.67 Max: 85.79±0.89 M: 81.95±1.03 Train mse: 0.11±0.01 Test mse: 0.18±0.00
                                     noise_5 : M1: 70.79±1.61 M2: 46.12±1.03 Min: 34.11±1.17 Max: 82.80±1.39 M: 79.34±1.48 Train mse: 0.15±0.01 Test mse: 0.18±0.00
                                     noise_10: M1: 61.85±6.45 M2: 42.08±1.42 Min: 25.85±2.85 Max: 78.09±4.26 M: 72.18±3.74 Train mse: 0.23±0.01 Test mse: 0.24±0.01
INFO - 09/12/24 15:03:10 - 0:00:07 - ./../emc_data/MVSA test
INFO - 09/12/24 15:03:10 - 0:00:07 - Trian data: torch.Size([2, 2073, 3])
INFO - 09/12/24 15:03:11 - 0:00:08 - Trian data: torch.Size([2, 2073, 3])
INFO - 09/12/24 15:03:11 - 0:00:09 - Trian data: torch.Size([2, 2073, 3])
INFO - 09/12/24 15:03:12 - 0:00:10 - ./../emc_data/MVSA test
                                     noise_0 : M1: 76.22±1.18 M2: 63.33±1.64 Min: 51.33±1.35 Max: 88.23±1.07 M: 79.21±1.25 Train mse: 0.11±0.01 Test mse: 0.47±0.01
                                     noise_5 : M1: 71.25±1.54 M2: 47.48±1.73 Min: 33.80±2.12 Max: 84.93±1.11 M: 73.76±1.54 Train mse: 0.15±0.01 Test mse: 0.47±0.01
                                     noise_10: M1: 64.05±4.32 M2: 42.25±2.99 Min: 25.68±2.69 Max: 80.62±3.13 M: 67.65±1.17 Train mse: 0.23±0.01 Test mse: 0.47±0.02
INFO - 04/29/25 11:04:33 - 0:00:00 - batch_size: 128
                                     data_nums: 1,2,3,4,5,6,7,8,9,10
                                     dataset: MVSA
                                     device: cuda:0
                                     epochs: 100
                                     gpu: 0
                                     lr: 0.001
                                     model: KNet
                                     n_nodes: 128
                                     name: MVSA_Single_emc
                                     nlayers: 1
                                     noise: 0
                                     output_dir: ../emc_data
                                     path: ./../emc_data/MVSA
                                     seed: 42
                                     top_k_logits: 200
INFO - 04/29/25 11:04:33 - 0:00:00 - ./../emc_data/MVSA train
INFO - 04/29/25 11:04:33 - 0:00:00 - Trian data: torch.Size([2, 2073, 3])
INFO - 04/29/25 11:05:49 - 0:01:16 - ./../emc_data/MVSA train
                                     noise_0 : M1: 95.30��4.49 M2: 96.92��2.03 Min: 92.42��5.76 Max: 99.79��0.26 M: 99.09��0.87 Train mse: 0.28��0.03 Test mse: 0.18��0.06 Train M1 ECE: 3.84��1.11 Train M2 ECE: 4.03��1.91 Test M1 ECE: 1.87��1.55 Test M2 ECE: 7.93��3.31
INFO - 04/29/25 11:05:49 - 0:01:16 - ./../emc_data/MVSA dev
INFO - 04/29/25 11:05:49 - 0:01:16 - Trian data: torch.Size([2, 2073, 3])
INFO - 04/29/25 11:05:49 - 0:01:16 - ./../emc_data/MVSA dev
                                     noise_0 : M1: 72.72��1.53 M2: 64.11��1.09 Min: 51.04��1.67 Max: 85.79��0.89 M: 76.18��1.62 Train mse: 0.28��0.03 Test mse: 0.46��0.01 Train M1 ECE: 3.84��1.11 Train M2 ECE: 4.03��1.91 Test M1 ECE: 17.11��3.21 Test M2 ECE: 14.22��3.48
INFO - 04/29/25 11:05:49 - 0:01:16 - ./../emc_data/MVSA test
INFO - 04/29/25 11:05:49 - 0:01:16 - Trian data: torch.Size([2, 2073, 3])
INFO - 04/29/25 11:05:50 - 0:01:17 - ./../emc_data/MVSA test
                                     noise_0 : M1: 76.22��1.18 M2: 63.33��1.64 Min: 51.33��1.35 Max: 88.23��1.07 M: 79.50��1.51 Train mse: 0.28��0.03 Test mse: 0.46��0.01 Train M1 ECE: 3.84��1.11 Train M2 ECE: 4.03��1.91 Test M1 ECE: 14.59��4.30 Test M2 ECE: 14.46��3.87
